vendor_slug,vendor_name,target_id,target_type,coverage,maturity,evidence_url,evidence_quote,citation_keys,notes
hashicorp-vault-enterprise,HashiCorp Vault Enterprise,NHI-001,NHI,NATIVE,4,https://developer.hashicorp.com/vault/docs/auth,"Auth methods: AWS IAM, Azure, GCP auth + dynamic creds engines provide full cloud IAM coverage",hashicorp-vault-auth-2024,Covers AWS IAM + EC2 auth; Azure managed identity; GCP IAM — all GA
hashicorp-vault-enterprise,HashiCorp Vault Enterprise,NHI-002,NHI,NATIVE,4,https://developer.hashicorp.com/vault/docs/auth/kubernetes,"The kubernetes auth method can be used to authenticate with Vault using a Kubernetes Service Account Token",hashicorp-vault-k8s-2024,Agent Injector + CSI driver + K8s auth — full K8s lifecycle coverage
hashicorp-vault-enterprise,HashiCorp Vault Enterprise,NHI-003,NHI,NATIVE,4,https://developer.hashicorp.com/vault/docs/auth/jwt,"JWT/OIDC auth supports GitHub Actions OIDC, GitLab OIDC, Azure DevOps OIDC federation",hashicorp-vault-jwt-2024,CI/CD OIDC federation to Vault is GA and well-documented
hashicorp-vault-enterprise,HashiCorp Vault Enterprise,NHI-004,NHI,ADD-ON,2,https://developer.hashicorp.com/vault/docs/platform/k8s/injector,"The injector renders Vault secrets to a shared memory volume, allowing containers to access secrets",hashicorp-vault-agent-injector-2024,KV v2 + Agent Injector can deliver registry creds; no native ECR/ACR dynamic engine
hashicorp-vault-enterprise,HashiCorp Vault Enterprise,NHI-005,NHI,NATIVE,4,https://developer.hashicorp.com/vault/docs/secrets/databases,"All databases support dynamic roles and static roles. All plugins except MongoDB Atlas support rotating root credentials",hashicorp-vault-db-2024,"13+ DB plugins: Oracle, MSSQL, PostgreSQL, MySQL, Snowflake, MongoDB, Cassandra, Redis, Elasticsearch, Redshift"
hashicorp-vault-enterprise,HashiCorp Vault Enterprise,NHI-006,NHI,NATIVE,4,https://developer.hashicorp.com/vault/docs/secrets/pki,"The PKI secrets engine generates dynamic X.509 certificates enabling services to obtain certificates without manual processes",hashicorp-vault-pki-2024,Full PKI + ACME + SPIFFE SVIDs (ENT) + TLS cert auth
hashicorp-vault-enterprise,HashiCorp Vault Enterprise,NHI-007,NHI,NATIVE,3,https://developer.hashicorp.com/vault/docs/secrets/kv,"Deleted versions can be undeleted. To permanently remove a version's data, use the vault kv destroy command",hashicorp-vault-kv-2024,KV v2 versioned storage + scheduled rotation; no native SaaS-specific dynamic engines
hashicorp-vault-enterprise,HashiCorp Vault Enterprise,NHI-008,NHI,NATIVE,3,https://developer.hashicorp.com/vault/docs/secrets/ssh,"SSH secrets engine supports Signed SSH Certificates and One-time SSH Passwords for authentication",hashicorp-vault-ssh-2024,KV v2 + SSH CA signing; no native GitHub PAT dynamic engine
hashicorp-vault-enterprise,HashiCorp Vault Enterprise,NHI-009,NHI,NATIVE,4,https://developer.hashicorp.com/vault/docs/auth/approle,"The approle auth method allows machines or apps to authenticate with Vault-defined roles for automated workflows",hashicorp-vault-approle-2024,AppRole + Terraform Vault Provider + HCP Terraform integration — industry-leading IaC coverage
hashicorp-vault-enterprise,HashiCorp Vault Enterprise,NHI-010,NHI,NATIVE,3,https://developer.hashicorp.com/vault/docs/secrets/kv,"KV v2 supports configurable version retention, check-and-set, and soft-delete for credential management",hashicorp-vault-kv-2024,KV v2 + rotation policies cover monitoring agent creds; no native Datadog/Splunk dynamic engines
hashicorp-vault-enterprise,HashiCorp Vault Enterprise,NHI-011,NHI,NATIVE,3,https://developer.hashicorp.com/vault/docs/secrets,"RabbitMQ secrets engine and Azure secrets engine included in GA Community/Enterprise builds",hashicorp-vault-secrets-2024,RabbitMQ GA; Kafka via KV rotation; Azure SB via Azure secrets engine
hashicorp-vault-enterprise,HashiCorp Vault Enterprise,NHI-012,NHI,NATIVE,4,https://developer.hashicorp.com/vault/docs/secrets,"LDAP secrets engine for dynamic AD/LDAP credential generation + LDAP auth method — both GA",hashicorp-vault-secrets-2024,Full AD/LDAP dynamic creds + Kerberos auth method
hashicorp-vault-enterprise,HashiCorp Vault Enterprise,NHI-013,NHI,NATIVE,3,https://developer.hashicorp.com/vault/docs/secrets/pki,"PKI secrets engine issues X.509 certificates for mTLS authentication between API gateway and upstream services",hashicorp-vault-pki-2024,PKI for gateway mTLS + TLS cert auth for upstream identity
hashicorp-vault-enterprise,HashiCorp Vault Enterprise,NHI-014,NHI,NATIVE,3,https://developer.hashicorp.com/vault/docs/auth/approle,"AppRole RoleID is an identifier that selects the AppRole against which other credentials are evaluated",hashicorp-vault-approle-2024,Per-bot AppRole with response-wrapped SecretID; no native UiPath/Blue Prism plugin
hashicorp-vault-enterprise,HashiCorp Vault Enterprise,NHI-015,NHI,ADD-ON,2,https://developer.hashicorp.com/vault/docs/secrets/pki,"PKI engine issues code-signing certificates; Transit engine provides signing operations for artifacts",hashicorp-vault-pki-2024,PKI issues code-signing certs; no native Sigstore Fulcio keyless workflow
hashicorp-vault-enterprise,HashiCorp Vault Enterprise,NHI-016,NHI,GAP,1,https://developer.hashicorp.com/vault/docs/auth/jwt,"JWT/OIDC auth can provide pipeline identity for Sigstore but no native SLSA attestation engine",hashicorp-vault-jwt-2024,[INDUSTRY-CONSENSUS] No native in-toto/SLSA attestation engine in Vault
hashicorp-vault-enterprise,HashiCorp Vault Enterprise,NHI-017,NHI,NATIVE,3,https://developer.hashicorp.com/vault/docs/secrets/pki,"PKI engine can serve as Vault-backed mesh CA for Istio/Linkerd; Consul Connect CA integration native",hashicorp-vault-pki-2024,Consul Connect CA native; Istio/Linkerd PKI backend integration documented
hashicorp-vault-enterprise,HashiCorp Vault Enterprise,NHI-018,NHI,GAP,1,https://developer.hashicorp.com/vault/docs/auth,"No native TEE attestation (Nitro/SEV-SNP/TDX) gated secret release path in current Vault release",hashicorp-vault-auth-2024,[INDUSTRY-CONSENSUS] Community plugins exist but no GA TEE attestation engine
hashicorp-vault-enterprise,HashiCorp Vault Enterprise,NHI-019,NHI,NATIVE,3,https://developer.hashicorp.com/vault/docs/auth/approle,"AppRole + JWT/OIDC enable per-session scoped dynamic credentials for automated AI agent workflows",hashicorp-vault-approle-2024,AppRole + JWT/OIDC for AI agent tool creds; no AI-native policy primitives yet
hashicorp-vault-enterprise,HashiCorp Vault Enterprise,NHI-020,NHI,NATIVE,2,https://developer.hashicorp.com/vault/docs/secrets/kv,"KV v2 supports version retention and metadata for storing ML model registry tokens and credentials",hashicorp-vault-kv-2024,KV v2 storage for model registry tokens; no native MLflow/SageMaker integration
hashicorp-vault-enterprise,HashiCorp Vault Enterprise,NHI-021,NHI,ADD-ON,2,https://developer.hashicorp.com/vault/docs/secrets/pki,"PKI engine supports ACME; Enterprise adds SCEP/EST/CMPv2 for alternative enrollment protocols for devices",hashicorp-vault-pki-2024,SCEP/EST (ENT) for device cert enrolment; no AWS IoT DPS native integration
hashicorp-vault-enterprise,HashiCorp Vault Enterprise,NHI-022,NHI,PARTNER,2,https://developer.hashicorp.com/vault/docs/secrets,"No native RACF/ACF2/Top Secret plugin; mainframe integration requires partner bridge tooling",hashicorp-vault-secrets-2024,[INDUSTRY-CONSENSUS] Partner bridge (e.g. CyberArk Conjur z/OS) required for mainframe
hashicorp-vault-enterprise,HashiCorp Vault Enterprise,NHI-023,NHI,NATIVE,3,https://developer.hashicorp.com/vault/docs/secrets,"Key Management (ENT) and Transit engines provide bring-your-own-key and KMS wrapping for TDE",hashicorp-vault-secrets-2024,Transit BYOK + Key Management ENT engine covers TDE master key identity
hashicorp-vault-enterprise,HashiCorp Vault Enterprise,NHI-024,NHI,NATIVE,4,https://developer.hashicorp.com/vault/docs/configuration/seal/pkcs11,"Auto-unseal and seal wrapping for PKCS11 require Vault Enterprise",hashicorp-vault-pkcs11-2024,PKCS11 (ENT) + M-of-N Shamir + seal wrap + root token rekeying — full quorum governance
hashicorp-vault-enterprise,HashiCorp Vault Enterprise,NHI-025,NHI,NATIVE,4,https://developer.hashicorp.com/vault/docs/secrets/pki,"PKI engine issues certificates with ACME, SCEP, EST, CMPv2 protocols for full CA operator coverage",hashicorp-vault-pki-2024,Full CA operator roles; ACME GA; SCEP/EST/CMPv2 (ENT); external CA delegation
hashicorp-vault-enterprise,HashiCorp Vault Enterprise,NHI-026,NHI,NATIVE,3,https://developer.hashicorp.com/vault/docs/enterprise/replication,"DR Replication shares token and lease infrastructure with primary for continuous operations protection",hashicorp-vault-replication-2024,LDAP engine for backup AD SA creds + DR Replication for vault resiliency
hashicorp-vault-enterprise,HashiCorp Vault Enterprise,NHI-027,NHI,NATIVE,3,https://developer.hashicorp.com/vault/docs/auth/jwt,"JWT auth bound_audiences parameter must exactly match provided aud claims for token exchange patterns",hashicorp-vault-jwt-2024,JWT/OIDC auth + token exchange pattern + private_key_jwt support
hashicorp-vault-enterprise,HashiCorp Vault Enterprise,NHI-028,NHI,NATIVE,3,https://developer.hashicorp.com/vault/docs/secrets/pki,"PKI engine manages mTLS client certificate lifecycle for FAPI 2.0 compliant partner authentication",hashicorp-vault-pki-2024,PKI for mTLS client certs + TLS cert auth for FAPI 2.0 partner validation
hashicorp-vault-enterprise,HashiCorp Vault Enterprise,NHI-029,NHI,NATIVE,3,https://developer.hashicorp.com/vault/docs/secrets,"LDAP secrets engine generates dynamic per-machine credentials enforcing distinct machine identities",hashicorp-vault-secrets-2024,LDAP engine + AppRole enforce per-machine identity; audit log distinguishes callers
hashicorp-vault-enterprise,HashiCorp Vault Enterprise,NHI-030,NHI,GAP,1,https://developer.hashicorp.com/vault/docs/secrets,"No native OAuth-app inventory or SaaS marketplace token management capability in Vault",hashicorp-vault-secrets-2024,[INDUSTRY-CONSENSUS] Requires separate SSPM tooling (Obsidian/Astrix)
hashicorp-vault-enterprise,HashiCorp Vault Enterprise,NHI-031,NHI,NATIVE,2,https://developer.hashicorp.com/vault/docs/secrets/kv,"KV v2 stores HMAC signing secrets with version history; rotation requires custom automation",hashicorp-vault-kv-2024,KV v2 for webhook HMAC secrets; rotation possible; no native webhook-broker workflow
hashicorp-vault-enterprise,HashiCorp Vault Enterprise,NHI-032,NHI,ADD-ON,2,https://developer.hashicorp.com/vault/docs/secrets/ssh,"SSH secrets engine supports Signed SSH Certificates for infrastructure SSH authentication",hashicorp-vault-ssh-2024,SSH CA signing for network device SSH; TACACS+ secrets via KV; no native TACACS+ integration
hashicorp-vault-enterprise,HashiCorp Vault Enterprise,NHI-033,NHI,ADD-ON,2,https://developer.hashicorp.com/vault/docs/secrets/pki,"PKI engine issues 802.1X EAP-TLS certificates for branch peripheral network authentication",hashicorp-vault-pki-2024,PKI for 802.1X certs; no branch-peripheral-specific enrolment workflow
hashicorp-vault-enterprise,HashiCorp Vault Enterprise,NHI-034,NHI,GAP,1,https://developer.hashicorp.com/vault/docs/secrets,"No PQC/ML-DSA algorithm support in current PKI or Transit engines; on HashiCorp roadmap per INDUSTRY-CONSENSUS",hashicorp-vault-secrets-2024,[INDUSTRY-CONSENSUS] PQC not yet in Vault; crypto-agility design allows future addition
hashicorp-vault-enterprise,HashiCorp Vault Enterprise,NHI-035,NHI,NATIVE,4,https://developer.hashicorp.com/vault/docs/concepts/seal,"Vault returns recovery keys to the operator rather than unseal keys when auto-unseal is configured",hashicorp-vault-seal-2024,Root token sealed offline; Shamir/M-of-N rekeying; auto-unseal KMS; DR replication token scoping
hashicorp-vault-enterprise,HashiCorp Vault Enterprise,NHI-036,NHI,NATIVE,3,https://developer.hashicorp.com/vault/docs/auth,"SPIFFE auth method (ENT) and PKI SVID issuance (ENT); JWT-SVID via JWT auth in Community edition",hashicorp-vault-auth-2024,SPIFFE auth (ENT) + PKI SVID (ENT) + JWT-SVID (Community) — full ephemeral workload coverage
hashicorp-vault-enterprise,HashiCorp Vault Enterprise,NHI-037,NHI,ADD-ON,2,https://developer.hashicorp.com/vault/docs/enterprise,"Vault token TTL enforcement and audit log limit orphaned identities; no native dormancy-detection sweep",hashicorp-vault-enterprise-2024,Token TTL + audit logs help; no automated orphan/dormancy pipeline built-in
hashicorp-vault-enterprise,HashiCorp Vault Enterprise,UC-F-001,UC-F,ADD-ON,2,https://developer.hashicorp.com/vault/docs/enterprise,"Sentinel policies can gate Vault access but Vault does not scan repositories for plaintext secrets",hashicorp-vault-enterprise-2024,No native pre-commit/push-protection; requires GitGuardian or GitHub push protection
hashicorp-vault-enterprise,HashiCorp Vault Enterprise,UC-F-002,UC-F,GAP,0,https://developer.hashicorp.com/vault/docs/secrets,"Vault is a broker not a scanner; no historical repo scanning capability",hashicorp-vault-secrets-2024,[INDUSTRY-CONSENSUS] Requires separate Trufflehog/GitGuardian tooling
hashicorp-vault-enterprise,HashiCorp Vault Enterprise,UC-F-003,UC-F,NATIVE,4,https://developer.hashicorp.com/vault/docs/auth/jwt,"JWT/OIDC auth provides full JIT federation to AWS/Azure/GCP for cloud credential elimination",hashicorp-vault-jwt-2024,JWT/OIDC + AWS/Azure/GCP dynamic creds engines — industry-leading JIT cloud creds
hashicorp-vault-enterprise,HashiCorp Vault Enterprise,UC-F-004,UC-F,NATIVE,3,https://developer.hashicorp.com/vault/docs/auth,"SPIFFE auth method (ENT) and PKI SVID issuance provide full SPIFFE workload identity attestation",hashicorp-vault-auth-2024,SPIFFE auth (ENT) + JWT-SVID (Community); workload-attested ephemeral identity fully supported
hashicorp-vault-enterprise,HashiCorp Vault Enterprise,UC-F-005,UC-F,NATIVE,4,https://developer.hashicorp.com/vault/docs/secrets/databases,"All databases support dynamic roles and static roles with TTL-bound leases for credential brokering",hashicorp-vault-db-2024,13+ DB plugins with TTL-bound leases — P0 use case fully met
hashicorp-vault-enterprise,HashiCorp Vault Enterprise,UC-F-006,UC-F,NATIVE,4,https://developer.hashicorp.com/vault/docs/secrets/databases,"Database secrets engine supports scheduled root credential rotation in Enterprise builds",hashicorp-vault-db-2024,LDAP + DB static roles + scheduled rotation (ENT) — comprehensive automated rotation
hashicorp-vault-enterprise,HashiCorp Vault Enterprise,UC-F-007,UC-F,NATIVE,4,https://developer.hashicorp.com/vault/docs/secrets/pki,"PKI engine supports immediate CRL issuance; Vault token revocation propagates across lease tree",hashicorp-vault-pki-2024,Token revocation + lease tree revocation + PKI CRL — sub-minute revocation capability
hashicorp-vault-enterprise,HashiCorp Vault Enterprise,UC-F-008,UC-F,NATIVE,4,https://developer.hashicorp.com/vault/docs/platform/k8s/injector,"Init container prepopulates shared memory volume with requested secrets prior to other containers starting",hashicorp-vault-agent-injector-2024,Agent Injector + CSI driver + etcd encryption — full K8s plaintext-free secret consumption
hashicorp-vault-enterprise,HashiCorp Vault Enterprise,UC-F-009,UC-F,ADD-ON,2,https://developer.hashicorp.com/vault/docs/platform/k8s/injector,"Agent injector renders secrets to shared memory volume; requires custom template for registry credentials",hashicorp-vault-agent-injector-2024,KV v2 + Agent Injector delivers ECR/ACR tokens; no native per-workload image-pull dynamic engine
hashicorp-vault-enterprise,HashiCorp Vault Enterprise,UC-F-010,UC-F,NATIVE,4,https://developer.hashicorp.com/vault/docs/auth/approle,"AppRole auth and Vault Terraform Provider enable secrets injection at Terraform apply-time",hashicorp-vault-approle-2024,Vault Terraform Provider + HCP Terraform + Ansible lookup plugin — class-leading IaC injection
hashicorp-vault-enterprise,HashiCorp Vault Enterprise,UC-F-011,UC-F,NATIVE,3,https://developer.hashicorp.com/vault/docs/secrets/kv,"KV v2 versioning supports rotation without telemetry gaps; custom rotation automation required",hashicorp-vault-kv-2024,KV v2 + scheduled rotation; no native Datadog/Splunk dynamic engines
hashicorp-vault-enterprise,HashiCorp Vault Enterprise,UC-F-012,UC-F,NATIVE,3,https://developer.hashicorp.com/vault/docs/secrets,"RabbitMQ secrets engine and PKI engine provide mTLS and dynamic credentials for message brokers",hashicorp-vault-secrets-2024,RabbitMQ GA; mTLS via PKI; Kafka SASL via KV rotation
hashicorp-vault-enterprise,HashiCorp Vault Enterprise,UC-F-013,UC-F,NATIVE,3,https://developer.hashicorp.com/vault/docs/secrets,"LDAP secrets engine generates dynamic Active Directory credentials replacing static service account passwords",hashicorp-vault-secrets-2024,LDAP engine for dynamic AD creds + Kerberos auth; gMSA migration complement
hashicorp-vault-enterprise,HashiCorp Vault Enterprise,UC-F-014,UC-F,NATIVE,3,https://developer.hashicorp.com/vault/docs/secrets/pki,"PKI engine automates certificate issuance and lifecycle management for API gateway mTLS authentication",hashicorp-vault-pki-2024,PKI engine for gateway mTLS certs + TLS cert auth for upstream
hashicorp-vault-enterprise,HashiCorp Vault Enterprise,UC-F-015,UC-F,NATIVE,3,https://developer.hashicorp.com/vault/docs/auth/approle,"SecretID is a credential required by default for any login with response wrapping for secure delivery",hashicorp-vault-approle-2024,Per-bot AppRole with response-wrapped SecretID; no native UiPath/Blue Prism integration plugin
hashicorp-vault-enterprise,HashiCorp Vault Enterprise,UC-F-016,UC-F,ADD-ON,2,https://developer.hashicorp.com/vault/docs/secrets/pki,"PKI engine issues code-signing certificates; Transit engine provides HMAC and signing operations",hashicorp-vault-pki-2024,PKI code-signing certs + Transit signing; no native Sigstore Fulcio keyless workflow
hashicorp-vault-enterprise,HashiCorp Vault Enterprise,UC-F-017,UC-F,GAP,1,https://developer.hashicorp.com/vault/docs/auth,"No native Nitro Enclave or AMD SEV-SNP attestation gated secret release path in current Vault",hashicorp-vault-auth-2024,[INDUSTRY-CONSENSUS] Community workarounds via JWT auth; no GA TEE attestation engine
hashicorp-vault-enterprise,HashiCorp Vault Enterprise,UC-F-018,UC-F,NATIVE,3,https://developer.hashicorp.com/vault/docs/auth/approle,"AppRole enables machines or apps to authenticate with per-session scoped dynamic credentials",hashicorp-vault-approle-2024,AppRole + JWT/OIDC for AI agent tool creds; no AI-native policy primitives yet
hashicorp-vault-enterprise,HashiCorp Vault Enterprise,UC-F-019,UC-F,ADD-ON,2,https://developer.hashicorp.com/vault/docs/secrets/pki,"PKI engine with Enterprise SCEP/EST/CMPv2 supports device certificate enrolment at scale",hashicorp-vault-pki-2024,SCEP/EST (ENT) for IoT device cert enrolment; no AWS IoT DPS or Azure IoT Hub native integration
hashicorp-vault-enterprise,HashiCorp Vault Enterprise,UC-F-020,UC-F,PARTNER,2,https://developer.hashicorp.com/vault/docs/secrets,"No native RACF/ACF2/Top Secret plugin; mainframe credential rotation requires partner bridge",hashicorp-vault-secrets-2024,[INDUSTRY-CONSENSUS] Partner bridge (e.g. CyberArk Conjur z/OS) required
hashicorp-vault-enterprise,HashiCorp Vault Enterprise,UC-F-021,UC-F,NATIVE,3,https://developer.hashicorp.com/vault/docs/enterprise/replication,"DR Replication protects vault availability; LDAP engine manages backup service account credentials",hashicorp-vault-replication-2024,LDAP + KV v2 for backup SA creds + DR Replication for vault resiliency
hashicorp-vault-enterprise,HashiCorp Vault Enterprise,UC-F-022,UC-F,NATIVE,2,https://developer.hashicorp.com/vault/docs/secrets/kv,"KV v2 soft-delete and versioning provides webhook HMAC secret storage with rotation history",hashicorp-vault-kv-2024,KV v2 for HMAC secrets + rotation; no native webhook-broker or replay-protection workflow
hashicorp-vault-enterprise,HashiCorp Vault Enterprise,UC-F-023,UC-F,ADD-ON,2,https://developer.hashicorp.com/vault/docs/secrets/ssh,"SSH engine CA signing mode provides certificate-based SSH for network device authentication",hashicorp-vault-ssh-2024,SSH CA signing + KV rotation for TACACS+ secrets; no native TACACS+/RADIUS integration
hashicorp-vault-enterprise,HashiCorp Vault Enterprise,UC-F-024,UC-F,NATIVE,3,https://developer.hashicorp.com/vault/docs/secrets/pki,"PKI engine manages mTLS client certificate lifecycle for FAPI 2.0 compliant Open Banking authentication",hashicorp-vault-pki-2024,PKI for mTLS client cert lifecycle + TLS cert auth for CDR/FAPI 2.0 partner validation
hashicorp-vault-enterprise,HashiCorp Vault Enterprise,UC-F-025,UC-F,GAP,0,https://developer.hashicorp.com/vault/docs/secrets,"Vault does not provide OAuth-app inventory or governance for marketplace integrations",hashicorp-vault-secrets-2024,[INDUSTRY-CONSENSUS] Requires separate SSPM tooling (Obsidian Security/Astrix)
hashicorp-vault-enterprise,HashiCorp Vault Enterprise,UC-F-026,UC-F,NATIVE,4,https://developer.hashicorp.com/vault/docs/concepts/seal,"Vault generates and splits new root key; auto-unseal with recovery keys protects vault-internal identity",hashicorp-vault-seal-2024,Root token sealed offline + M-of-N Shamir + auto-unseal KMS + scoped replication tokens
hashicorp-vault-enterprise,HashiCorp Vault Enterprise,UC-F-027,UC-F,ADD-ON,2,https://developer.hashicorp.com/vault/docs/enterprise,"Token TTL enforcement and audit log support orphan detection; no automated dormancy sweep built-in",hashicorp-vault-enterprise-2024,Token TTL + audit logs; no built-in orphaned NHI cleanup pipeline
hashicorp-vault-enterprise,HashiCorp Vault Enterprise,UC-N-001,UC-N,GAP,1,https://developer.hashicorp.com/vault/docs/enterprise,"Vault UI shows lease and token counts but no cross-repo plaintext secret sprawl KPI dashboard",hashicorp-vault-enterprise-2024,[INDUSTRY-CONSENSUS] Vault is a broker; sprawl KPI requires GitGuardian or equivalent
hashicorp-vault-enterprise,HashiCorp Vault Enterprise,UC-N-002,UC-N,ADD-ON,2,https://developer.hashicorp.com/vault/docs/enterprise,"Vault entity and group model with namespaces provides partial NHI inventory within Vault scope",hashicorp-vault-enterprise-2024,Entity/group model (ENT namespaces); no unified cross-system NHI inventory
hashicorp-vault-enterprise,HashiCorp Vault Enterprise,UC-N-003,UC-N,ADD-ON,2,https://developer.hashicorp.com/vault/docs/enterprise,"Vault audit log exports and Sentinel policies can enforce rotation coverage tracking",hashicorp-vault-enterprise-2024,Audit log + Sentinel; no built-in rotation-coverage KPI dashboard
hashicorp-vault-enterprise,HashiCorp Vault Enterprise,UC-N-004,UC-N,NATIVE,3,https://developer.hashicorp.com/vault/docs/enterprise,"Vault immutable audit log with namespace-level isolation supports APRA CPS 234 evidence requirements",hashicorp-vault-enterprise-2024,Immutable audit log + Sentinel policy-as-code + namespace isolation supports CPS 234 §22/28/35
hashicorp-vault-enterprise,HashiCorp Vault Enterprise,UC-N-005,UC-N,ADD-ON,2,https://developer.hashicorp.com/vault/docs/enterprise,"Vault Enterprise addresses multiple Essential 8 and ZT pillar controls but no native E8 scorecard",hashicorp-vault-enterprise-2024,[INDUSTRY-CONSENSUS] E8/ZT scorecard requires external tooling; Vault provides underlying controls
hashicorp-vault-enterprise,HashiCorp Vault Enterprise,UC-N-006,UC-N,GAP,0,https://developer.hashicorp.com/vault/docs/secrets,"Vendor/SaaS supply-chain risk attestation is outside Vault's scope; requires separate TPRM tooling",hashicorp-vault-secrets-2024,[INDUSTRY-CONSENSUS] Not in Vault scope
hashicorp-vault-enterprise,HashiCorp Vault Enterprise,UC-N-007,UC-N,NATIVE,3,https://developer.hashicorp.com/vault/docs/what-is-vault,"Self-managed deployment with Integrated Storage enables full AU data residency for APRA compliance",hashicorp-vault-what-is-2024,Self-managed in ap-southeast-2 + HCP Vault Dedicated ap-southeast-2 — AU residency native
hashicorp-vault-enterprise,HashiCorp Vault Enterprise,UC-N-008,UC-N,GAP,0,https://developer.hashicorp.com/vault/docs/enterprise,"Engineer training and secure-coding KPI tracking is outside Vault's product scope",hashicorp-vault-enterprise-2024,[INDUSTRY-CONSENSUS] Not in Vault scope
hashicorp-vault-enterprise,HashiCorp Vault Enterprise,UC-N-009,UC-N,ADD-ON,2,https://developer.hashicorp.com/vault/docs/enterprise,"Sentinel EGP/RGP policies enforce policy exceptions; no native risk-register or GRC integration",hashicorp-vault-enterprise-2024,Sentinel policies for exception enforcement; GRC integration requires custom export
hashicorp-vault-enterprise,HashiCorp Vault Enterprise,UC-N-010,UC-N,NATIVE,4,https://developer.hashicorp.com/vault/docs/concepts/seal,"M-of-N Shamir unseal and root token rekeying provide quorum-operator governance for break-glass",hashicorp-vault-seal-2024,M-of-N Shamir + root token rekeying + PKCS11 HSM + full audit log of break-glass events
hashicorp-vault-enterprise,HashiCorp Vault Enterprise,UC-N-011,UC-N,NATIVE,3,https://developer.hashicorp.com/vault/docs/enterprise,"Vault immutable audit log captures full NHI attribution and revocation audit trail for incident RCA",hashicorp-vault-enterprise-2024,Immutable audit log with per-identity attribution supports post-incident RCA
hashicorp-vault-enterprise,HashiCorp Vault Enterprise,UC-N-012,UC-N,GAP,1,https://developer.hashicorp.com/vault/docs/secrets/pki,"PKI engine supports signing cert issuance but no native SLSA/in-toto provenance reporting",hashicorp-vault-pki-2024,[INDUSTRY-CONSENSUS] SLSA/supply-chain reporting requires separate tooling
hashicorp-vault-enterprise,HashiCorp Vault Enterprise,UC-N-013,UC-N,ADD-ON,1,https://developer.hashicorp.com/vault/docs/secrets,"Transit and PKI engines support algorithm agility but no PQC/ML-DSA algorithms available yet",hashicorp-vault-secrets-2024,[INDUSTRY-CONSENSUS] Crypto-agility design enables future PQC; no current ML-DSA support
hashicorp-vault-enterprise,HashiCorp Vault Enterprise,UC-N-014,UC-N,N/A,0,https://developer.hashicorp.com/vault/docs/enterprise,"Vendor-evaluation matrix maintenance is a process/governance UC not a product capability",hashicorp-vault-enterprise-2024,Process UC — not scored as product capability
hashicorp-vault-enterprise,HashiCorp Vault Enterprise,UC-N-015,UC-N,N/A,0,https://developer.hashicorp.com/vault/docs/enterprise,"Communications and stakeholder cadence is a process/governance UC not a product capability",hashicorp-vault-enterprise-2024,Process UC — not scored as product capability
hashicorp-vault-enterprise,HashiCorp Vault Enterprise,UC-N-016,UC-N,ADD-ON,2,https://developer.hashicorp.com/vault/docs/secrets/pki,"PKI engine maintains certificate inventory enabling IoT fleet cert posture reporting with custom tooling",hashicorp-vault-pki-2024,PKI cert inventory + expiry tracking; no dedicated IoT fleet posture dashboard
hashicorp-vault-enterprise,HashiCorp Vault Enterprise,UC-N-017,UC-N,ADD-ON,2,https://developer.hashicorp.com/vault/docs/enterprise,"Vault audit log detects anomalous secret reads; no native log-scrubbing governance for telemetry pipelines",hashicorp-vault-enterprise-2024,Audit log anomaly detection; no native telemetry log-scrubbing governance
hashicorp-vault-enterprise,HashiCorp Vault Enterprise,UC-N-018,UC-N,GAP,1,https://developer.hashicorp.com/vault/docs/auth,"No native TEE attestation reporting or attestation-gated secret release audit trail in Vault",hashicorp-vault-auth-2024,[INDUSTRY-CONSENSUS] TEE attestation assurance requires separate tooling
hashicorp-vault-enterprise,HashiCorp Vault Enterprise,UC-N-019,UC-N,ADD-ON,2,https://developer.hashicorp.com/vault/docs/enterprise,"Vault audit logs track per-tool credential issuance volume but no AI-agent-native KPI dashboard",hashicorp-vault-enterprise-2024,Audit logs track issuance; no AI-agent-native KPI dashboard or scope-inflation alerting
hashicorp-vault-enterprise,HashiCorp Vault Enterprise,UC-N-020,UC-N,PARTNER,1,https://developer.hashicorp.com/vault/docs/secrets,"Mainframe posture reporting requires partner bridge; no native RACF/mainframe visibility in Vault",hashicorp-vault-secrets-2024,[INDUSTRY-CONSENSUS] Requires partner bridge for mainframe visibility in posture reporting
cyberark-conjur,CyberArk Conjur,NHI-001,NHI,NATIVE,4,https://docs.cyberark.com/conjur-open-source/latest/en/content/operations/authn/cjr-authn-support.htm,authn-iam authn-azure authn-gcp authenticators GA for cloud IAM principals,cyberark-conjur-authn-2025,All three major cloud IAM authenticators GA
cyberark-conjur,CyberArk Conjur,NHI-002,NHI,NATIVE,4,https://docs.cyberark.com/conjur-open-source/latest/en/content/integrations/k8s-ocp/k8s-jwt-authn.htm,authn-k8s mTLS SPIFFE-aligned Secrets Provider sidecar/init container documented,cyberark-k8s-authn-2025,Mature K8s integration; CSI driver available
cyberark-conjur,CyberArk Conjur,NHI-003,NHI,NATIVE,3,https://docs.cyberark.com/conjur-open-source/latest/en/content/operations/services/cjr-authn-jwt.htm,authn-jwt generic JWT supports GitHub Actions GitLab CI OIDC tokens natively,cyberark-conjur-authn-2025,No native CI-secret-scan; consumption side covered
cyberark-conjur,CyberArk Conjur,NHI-004,NHI,ADD-ON,2,https://docs.cyberark.com/conjur-enterprise/latest/en/content/get%20started/key_concepts/secrets.html,Secrets stored as variables retrieved via SDK; no dedicated ECR/ACR/GAR dynamic-token engine,cyberark-conjur-overview-2025,App-side fetch required; no native image-pull-cred engine
cyberark-conjur,CyberArk Conjur,NHI-005,NHI,NATIVE,3,https://docs.cyberark.com/conjur-enterprise/latest/en/content/operations/services/rotation-secrets.html,Dual Accounts feature ensures valid credential during rotation; ISO-8601 TTL rotation,cyberark-rotation-2025,AWS dynamic secrets GA in Cloud UI 2025; other DBs via policy rotation
cyberark-conjur,CyberArk Conjur,NHI-006,NHI,PARTNER,2,https://www.cyberark.com/products/certificate-management/,PKI/TLS lifecycle handled by CyberArk Certificate Manager separate licensed product,cyberark-cert-mgr-2025,Not Conjur-native; requires additional CyberArk product license
cyberark-conjur,CyberArk Conjur,NHI-007,NHI,NATIVE,3,https://docs.cyberark.com/conjur-enterprise/latest/en/content/operations/services/rotation-secrets.html,Static secret storage plus rotation policy for SaaS API keys,cyberark-rotation-2025,No native OAuth token-exchange engine
cyberark-conjur,CyberArk Conjur,NHI-008,NHI,NATIVE,2,https://docs.cyberark.com/conjur-enterprise/latest/en/content/get%20started/key_concepts/secrets.html,Variable storage and rotation applicable to Git PATs and SSH keys,cyberark-conjur-overview-2025,No GitHub/GitLab-specific dynamic-token engine
cyberark-conjur,CyberArk Conjur,NHI-009,NHI,NATIVE,3,https://docs.cyberark.com/conjur-enterprise/latest/en/content/resources/_topnav/cc_home.htm,Terraform provider Ansible integration Summon CLI all documented integrations,cyberark-conjur-overview-2025,Summon CLI enables IaC apply-time secret injection
cyberark-conjur,CyberArk Conjur,NHI-010,NHI,NATIVE,2,https://docs.cyberark.com/conjur-enterprise/latest/en/content/get%20started/key_concepts/secrets.html,Static key vaulting and rotation policy applicable to monitoring agent ingest tokens,cyberark-conjur-overview-2025,No vendor-specific Datadog/Splunk dynamic-token engine
cyberark-conjur,CyberArk Conjur,NHI-011,NHI,NATIVE,2,https://docs.cyberark.com/conjur-enterprise/latest/en/content/operations/services/rotation-secrets.html,Static credential storage with rotation policy for message broker credentials,cyberark-rotation-2025,No native Kafka mTLS cert-issuance engine
cyberark-conjur,CyberArk Conjur,NHI-012,NHI,NATIVE,3,https://docs.cyberark.com/conjur-enterprise/latest/en/content/integrations/ldap/configure-ldap-authn.htm,authn-ldap GA; LDAP sync for policy population; password rotation via rotators,cyberark-ldap-2025,Enterprise-only; OSS lacks LDAP sync
cyberark-conjur,CyberArk Conjur,NHI-013,NHI,ADD-ON,2,https://docs.cyberark.com/conjur-enterprise/latest/en/content/get%20started/key_concepts/secrets.html,Secrets consumable via SDK/Summon by gateway; no native gateway-identity plugin,cyberark-conjur-overview-2025,Customer builds gateway integration
cyberark-conjur,CyberArk Conjur,NHI-014,NHI,ADD-ON,2,https://www.cyberark.com/resources/partners/new-secrets-management-capabilities-cyberark-secrets-hub-cyberark-conjur-cloud-cyberark-conjur-enterprise-cyberark-credential-providers-june,Vault Synchronizer links PAM and Conjur for RPA credential vaulting workflows,cyberark-secretshub-2025,Requires PAM integration for full RPA coverage
cyberark-conjur,CyberArk Conjur,NHI-015,NHI,GAP,0,,,cyberark-conjur-overview-2025,[INDUSTRY-CONSENSUS] No native code-signing or Sigstore integration documented
cyberark-conjur,CyberArk Conjur,NHI-016,NHI,GAP,0,,,cyberark-conjur-overview-2025,[INDUSTRY-CONSENSUS] No SLSA / in-toto integration documented
cyberark-conjur,CyberArk Conjur,NHI-017,NHI,ADD-ON,1,https://docs.cyberark.com/conjur-open-source/latest/en/content/integrations/k8s-ocp/cjr-k8s-jwt-sp-ac.htm,authn-k8s aligns with SPIFFE spec; no native Istio/Linkerd CA integration documented,cyberark-k8s-authn-2025,SPIFFE alignment only; no mesh CA plugin
cyberark-conjur,CyberArk Conjur,NHI-018,NHI,GAP,0,,,cyberark-conjur-overview-2025,[INDUSTRY-CONSENSUS] No TEE attestation-gated secret release documented for Conjur
cyberark-conjur,CyberArk Conjur,NHI-019,NHI,NATIVE,3,https://docs.cyberark.com/secrets-manager-saas/latest/en/content/operations/authn/authenticate-ai-spiffe.htm,AI agent obtains JWT SVID from SPIFFE/SPIRE Agent then authenticates to Secrets Manager,cyberark-ai-agents-2025,GA Nov 2025; CyberArk Secure AI Agents Solution
cyberark-conjur,CyberArk Conjur,NHI-020,NHI,GAP,0,,,cyberark-conjur-overview-2025,[INDUSTRY-CONSENSUS] No ML registry or model-signing integration documented
cyberark-conjur,CyberArk Conjur,NHI-021,NHI,GAP,1,https://www.cyberark.com/products/secrets-manager-enterprise/,Conjur described for mainframe secrets; no EST/SCEP/DPS enrollment module documented,cyberark-conjur-overview-2025,[INDUSTRY-CONSENSUS] Generic storage only; no IoT enrollment
cyberark-conjur,CyberArk Conjur,NHI-022,NHI,ADD-ON,2,https://keydatacyber.com/blog/integrating-cyberark-legacy-mainframe-systems,CyberArk Secrets Manager secures secrets across mainframes running high-volume mission-critical apps,cyberark-mainframe-2025,PAM integration covers RACF; Conjur-direct z/OS docs thin
cyberark-conjur,CyberArk Conjur,NHI-023,NHI,ADD-ON,2,https://docs.cyberark.com/conjur-enterprise/latest/en/content/get%20started/key_concepts/secrets.html,Variable storage for KMS CMK ARN and HSM partition credentials applicable,cyberark-conjur-overview-2025,[INDUSTRY-CONSENSUS] No native TDE key lifecycle engine
cyberark-conjur,CyberArk Conjur,NHI-024,NHI,ADD-ON,2,https://nshielddocs.entrust.com/interops-docs/pdfs/CyberArk_Conjur_v13.5.0-nShield_v13.6.8-nCOP_v1.1.3_(PUBLIC)_ig.pdf,PKCS#11 HSM integration tested with Entrust nShield 5c FIPS 140-3 for master key encryption,entrust-conjur-hsm-2025,Break-glass via PAM; no standalone quorum-operator workflow in Conjur alone
cyberark-conjur,CyberArk Conjur,NHI-025,NHI,PARTNER,2,https://www.cyberark.com/products/certificate-management/,CyberArk Certificate Manager and Zero Touch PKI cover CA operator identity as separate products,cyberark-cert-mgr-2025,Not Conjur-native; separate licensed product
cyberark-conjur,CyberArk Conjur,NHI-026,NHI,ADD-ON,2,https://docs.cyberark.com/conjur-enterprise/latest/en/content/operations/services/rotation-secrets.html,Credential vaulting and rotation applicable to backup agent service accounts,cyberark-rotation-2025,[INDUSTRY-CONSENSUS] No native Veeam/Commvault/Rubrik connector for Conjur
cyberark-conjur,CyberArk Conjur,NHI-027,NHI,ADD-ON,2,https://docs.cyberark.com/conjur-open-source/latest/en/content/operations/services/cjr-authn-jwt.htm,authn-jwt covers client-credentials pattern; OBO token exchange requires app-layer logic,cyberark-conjur-authn-2025,[INDUSTRY-CONSENSUS] RFC 8693 token exchange not native
cyberark-conjur,CyberArk Conjur,NHI-028,NHI,PARTNER,1,https://www.cyberark.com/products/certificate-management/,FAPI 2.0 mTLS certs depend on Certificate Manager; Conjur stores client-cert private keys,cyberark-cert-mgr-2025,[INDUSTRY-CONSENSUS] No CDR-native workflow in Conjur
cyberark-conjur,CyberArk Conjur,NHI-029,NHI,ADD-ON,2,https://docs.cyberark.com/conjur-enterprise/latest/en/content/operations/authn/cjr-authn-support.htm,Policy RBAC and access controls; static credential vaulting and rotation applicable,cyberark-conjur-authn-2025,Session recording requires PAM integration
cyberark-conjur,CyberArk Conjur,NHI-030,NHI,GAP,0,,,cyberark-conjur-overview-2025,[INDUSTRY-CONSENSUS] No OAuth-app inventory or governance capability in Conjur
cyberark-conjur,CyberArk Conjur,NHI-031,NHI,ADD-ON,1,https://docs.cyberark.com/conjur-enterprise/latest/en/content/get%20started/key_concepts/secrets.html,HMAC signing-secret storage only; no webhook-signature verification middleware,cyberark-conjur-overview-2025,Storage side only; verification is app responsibility
cyberark-conjur,CyberArk Conjur,NHI-032,NHI,ADD-ON,1,https://docs.cyberark.com/conjur-enterprise/latest/en/content/get%20started/key_concepts/secrets.html,Generic credential vaulting; TACACS+/RADIUS integration lives in CyberArk PAM not Conjur,cyberark-conjur-overview-2025,Requires PAM for TACACS+ integration
cyberark-conjur,CyberArk Conjur,NHI-033,NHI,GAP,0,,,cyberark-conjur-overview-2025,[INDUSTRY-CONSENSUS] No documented integration for branch-peripheral credential management
cyberark-conjur,CyberArk Conjur,NHI-034,NHI,GAP,1,https://www.cyberark.com/products/certificate-management/,CyberArk Certificate Manager roadmap mentions PQC; no Conjur-native PQC key-management,cyberark-cert-mgr-2025,PQC capability in separate product; Conjur-native roadmap not published
cyberark-conjur,CyberArk Conjur,NHI-035,NHI,NATIVE,3,https://docs.cyberark.com/conjur-enterprise/latest/en/content/deployment/cjr-architecture.htm,Leader Standby Follower identities documented; replication tokens; PKCS#11 HSM auto-unseal,cyberark-conjur-arch-2025,Vault-internal identity well-governed; no Shamir software quorum
cyberark-conjur,CyberArk Conjur,NHI-036,NHI,NATIVE,3,https://docs.cyberark.com/secrets-manager-saas/latest/en/content/operations/authn/authenticate-ai-spiffe.htm,JWT-SVID SPIFFE authentication GA for SaaS; authn-k8s mTLS SPIFFE-aligned for Enterprise,cyberark-ai-agents-2025,Strong SPIFFE coverage post Nov 2025 AI Agents GA
cyberark-conjur,CyberArk Conjur,NHI-037,NHI,ADD-ON,2,https://docs.cyberark.com/conjur-enterprise/latest/en/content/deployment/cjr-architecture.htm,Policy-based RBAC and audit trail; no dedicated dormancy-sweep or discovery engine,cyberark-conjur-arch-2025,[INDUSTRY-CONSENSUS] No native orphan-detection; audit trail present
cyberark-conjur,CyberArk Conjur,UC-F-001,UC-F,ADD-ON,2,https://docs.cyberark.com/conjur-enterprise/latest/en/content/get%20started/key_concepts/secrets.html,Conjur stores secrets retrieved at runtime; no native pre-commit or push-protection scanner,cyberark-conjur-overview-2025,GitGuardian/TruffleHog required alongside
cyberark-conjur,CyberArk Conjur,UC-F-002,UC-F,GAP,0,,,cyberark-conjur-overview-2025,[INDUSTRY-CONSENSUS] No historical repo scan capability; third-party tool required
cyberark-conjur,CyberArk Conjur,UC-F-003,UC-F,NATIVE,4,https://docs.cyberark.com/conjur-open-source/latest/en/content/operations/authn/cjr-authn-support.htm,authn-iam authn-azure authn-gcp and authn-jwt/OIDC JIT credential patterns supported,cyberark-conjur-authn-2025,All major cloud JIT OIDC patterns covered
cyberark-conjur,CyberArk Conjur,UC-F-004,UC-F,NATIVE,3,https://docs.cyberark.com/conjur-open-source/latest/en/content/integrations/k8s-ocp/cjr-k8s-jwt-sp-ac.htm,authn-k8s SPIFFE-aligned mTLS JWT-SVID for AI agents GA November 2025,cyberark-ai-agents-2025,SPIFFE workload attestation mature in Enterprise + Cloud
cyberark-conjur,CyberArk Conjur,UC-F-005,UC-F,NATIVE,3,https://docs.cyberark.com/conjur-enterprise/latest/en/content/operations/services/rotation-secrets.html,Dual Accounts zero-downtime rotation; AWS dynamic secrets GA; ISO-8601 TTL configured in policy,cyberark-rotation-2025,AWS dynamic secrets GA 2025; other DB engines via policy rotation
cyberark-conjur,CyberArk Conjur,UC-F-006,UC-F,NATIVE,3,https://docs.cyberark.com/conjur-enterprise/latest/en/content/operations/services/rotate-secrets.htm,Rotation retried every 9 hours on failure; Dual Accounts prevents downtime during rotation,cyberark-rotation-2025,ISO-8601 TTL + retry logic GA
cyberark-conjur,CyberArk Conjur,UC-F-007,UC-F,NATIVE,3,https://docs.cyberark.com/conjur-enterprise/latest/en/content/deployment/cjr-architecture.htm,Policy revocation removes host access immediately; API-driven revocation with audit trail,cyberark-conjur-arch-2025,SOAR integration via REST API; propagation speed dependent on Follower sync
cyberark-conjur,CyberArk Conjur,UC-F-008,UC-F,NATIVE,4,https://docs.cyberark.com/conjur-open-source/latest/en/content/integrations/k8s-ocp/cjr-k8s-jwt-sp-ic.htm,Secrets Provider init container sidecar and Kubernetes Secrets mode documented,cyberark-k8s-authn-2025,Best-in-class K8s secretless pattern; CSI driver available
cyberark-conjur,CyberArk Conjur,UC-F-009,UC-F,ADD-ON,2,https://docs.cyberark.com/conjur-enterprise/latest/en/content/get%20started/key_concepts/secrets.html,Pull-credential storage possible; no dynamic ECR/ACR/GAR short-lived-token engine native,cyberark-conjur-overview-2025,App-side retrieval; no per-workload token engine
cyberark-conjur,CyberArk Conjur,UC-F-010,UC-F,NATIVE,3,https://docs.cyberark.com/conjur-enterprise/latest/en/content/resources/_topnav/cc_home.htm,Terraform provider Ansible lookup Summon tested with TFC/Enterprise documented,cyberark-conjur-overview-2025,State-file secrets prevention via at-apply-time fetch
cyberark-conjur,CyberArk Conjur,UC-F-011,UC-F,NATIVE,2,https://docs.cyberark.com/conjur-enterprise/latest/en/content/operations/services/rotation-secrets.html,Static key vaulting and rotation policy for monitoring agent ingest tokens,cyberark-rotation-2025,[INDUSTRY-CONSENSUS] No Datadog/Splunk dynamic token engine
cyberark-conjur,CyberArk Conjur,UC-F-012,UC-F,ADD-ON,2,https://docs.cyberark.com/conjur-enterprise/latest/en/content/operations/services/rotation-secrets.html,Credential storage and rotation applicable; no native Kafka mTLS cert-issuance engine,cyberark-rotation-2025,[INDUSTRY-CONSENSUS] Customer builds broker auth pattern
cyberark-conjur,CyberArk Conjur,UC-F-013,UC-F,ADD-ON,2,https://docs.cyberark.com/conjur-enterprise/latest/en/content/integrations/ldap/configure-ldap-authn.htm,authn-ldap and LDAP sync cover AD credential consumption; no native gMSA integration,cyberark-ldap-2025,LDAP auth GA; gMSA requires PAM integration
cyberark-conjur,CyberArk Conjur,UC-F-014,UC-F,ADD-ON,2,https://docs.cyberark.com/conjur-enterprise/latest/en/content/get%20started/key_concepts/secrets.html,Credential storage for gateway secrets; no native Kong/Apigee plugin documented,cyberark-conjur-overview-2025,Customer-built gateway integration
cyberark-conjur,CyberArk Conjur,UC-F-015,UC-F,ADD-ON,2,https://www.cyberark.com/resources/partners/new-secrets-management-capabilities-cyberark-secrets-hub-cyberark-conjur-cloud-cyberark-conjur-enterprise-cyberark-credential-providers-june,Vault Synchronizer links PAM and Conjur for RPA workflows per-session,cyberark-secretshub-2025,Full RPA coverage requires PAM; Conjur alone is static vaulting
cyberark-conjur,CyberArk Conjur,UC-F-016,UC-F,GAP,0,https://www.cyberark.com/products/certificate-management/,Code-signing and Sigstore integration require CyberArk Certificate Manager not Conjur,cyberark-cert-mgr-2025,Separate product; Conjur has no signing engine
cyberark-conjur,CyberArk Conjur,UC-F-017,UC-F,GAP,0,,,cyberark-conjur-overview-2025,[INDUSTRY-CONSENSUS] No TEE attestation-gated pattern documented for Conjur May 2026
cyberark-conjur,CyberArk Conjur,UC-F-018,UC-F,NATIVE,3,https://docs.cyberark.com/secrets-manager-saas/latest/en/content/operations/authn/authenticate-ai-spiffe.htm,AI agent obtains JWT SVID authenticates to Secrets Manager MCP Server connector available,cyberark-ai-agents-2025,GA Nov 2025; SPIFFE/SPIRE integration native
cyberark-conjur,CyberArk Conjur,UC-F-019,UC-F,GAP,1,https://www.cyberark.com/products/secrets-manager-enterprise/,Generic credential storage only; no EST/SCEP/DPS enrollment module documented,cyberark-conjur-overview-2025,[INDUSTRY-CONSENSUS] IoT/OT enrollment not in Conjur scope
cyberark-conjur,CyberArk Conjur,UC-F-020,UC-F,ADD-ON,2,https://keydatacyber.com/blog/integrating-cyberark-legacy-mainframe-systems,Conjur described for mainframe secrets; PAM integration for RACF rotation pipeline,cyberark-mainframe-2025,Conjur-direct z/OS pipeline docs thin; PAM EPV integration recommended
cyberark-conjur,CyberArk Conjur,UC-F-021,UC-F,ADD-ON,2,https://docs.cyberark.com/conjur-enterprise/latest/en/content/operations/services/rotation-secrets.html,Credential vaulting and rotation applicable to backup agent service accounts,cyberark-rotation-2025,[INDUSTRY-CONSENSUS] No native Veeam/Rubrik connector
cyberark-conjur,CyberArk Conjur,UC-F-022,UC-F,GAP,0,,,cyberark-conjur-overview-2025,[INDUSTRY-CONSENSUS] HMAC-secret storage only; no webhook-signature middleware
cyberark-conjur,CyberArk Conjur,UC-F-023,UC-F,ADD-ON,1,https://docs.cyberark.com/conjur-enterprise/latest/en/content/get%20started/key_concepts/secrets.html,Generic vaulting possible; TACACS+/RADIUS integration lives in CyberArk PAM not Conjur,cyberark-conjur-overview-2025,Network-device credential management is PAM territory
cyberark-conjur,CyberArk Conjur,UC-F-024,UC-F,PARTNER,1,https://www.cyberark.com/products/certificate-management/,Partner mTLS cert lifecycle managed by Certificate Manager; Conjur stores private keys,cyberark-cert-mgr-2025,No CDR-native workflow in Conjur; separate product
cyberark-conjur,CyberArk Conjur,UC-F-025,UC-F,GAP,0,,,cyberark-conjur-overview-2025,[INDUSTRY-CONSENSUS] No OAuth-app inventory or governance capability in Conjur
cyberark-conjur,CyberArk Conjur,UC-F-026,UC-F,NATIVE,3,https://docs.cyberark.com/conjur-enterprise/latest/en/content/deployment/cjr-architecture.htm,Leader/Standby/Follower topology; PKCS#11 HSM unseal; replication tokens; evoke backup,cyberark-conjur-ha-2025,No software M-of-N Shamir quorum; HSM-backed only
cyberark-conjur,CyberArk Conjur,UC-F-027,UC-F,ADD-ON,2,https://docs.cyberark.com/conjur-enterprise/latest/en/content/deployment/cjr-architecture.htm,Policy RBAC audit trail; no native dormancy-detection or automated discovery sweep,cyberark-conjur-arch-2025,[INDUSTRY-CONSENSUS] Customer-built orphan-cleanup on audit stream
cyberark-conjur,CyberArk Conjur,UC-N-001,UC-N,ADD-ON,2,https://docs.cyberark.com/audit/latest/en/content/audit/isp_siem-integration.htm,Audit service provides event stream to SIEM; no dedicated secrets-sprawl KPI dashboard,cyberark-audit-siem-2025,Dashboard built on top of SIEM; not out-of-box
cyberark-conjur,CyberArk Conjur,UC-N-002,UC-N,ADD-ON,2,https://docs.cyberark.com/conjur-enterprise/latest/en/content/deployment/cjr-architecture.htm,Policy-as-code defines all hosts and groups; inventory derives from policy store,cyberark-conjur-arch-2025,No automated attestation workflow; policy IS inventory
cyberark-conjur,CyberArk Conjur,UC-N-003,UC-N,ADD-ON,2,https://docs.cyberark.com/audit/latest/en/content/audit/isp_siem-integration.htm,Rotation events auditable via event stream; no out-of-box rotation-coverage KPI,cyberark-audit-siem-2025,Customer builds KPI on SIEM; not native
cyberark-conjur,CyberArk Conjur,UC-N-004,UC-N,ADD-ON,2,https://docs.cyberark.com/audit/latest/en/content/audit/isp_siem-integration.htm,Audit service exports events; SIEM integration Splunk QRadar; no CPS 234 evidence pack,cyberark-audit-siem-2025,Evidence pack assembly is customer-built
cyberark-conjur,CyberArk Conjur,UC-N-005,UC-N,ADD-ON,1,https://www.cyberark.com/trust/compliance/,Compliance page lists SOC2 FedRAMP IRAP; no native E8/NIST ZT scorecard product feature,cyberark-compliance-2025,[INDUSTRY-CONSENSUS] GRC tooling integration required
cyberark-conjur,CyberArk Conjur,UC-N-006,UC-N,GAP,0,,,cyberark-conjur-overview-2025,[INDUSTRY-CONSENSUS] No supply-chain risk scoring capability in Conjur
cyberark-conjur,CyberArk Conjur,UC-N-007,UC-N,NATIVE,3,https://docs.cyberark.com/conjur-enterprise/13.2/en/content/deployment/highavailability/selective-replication.htm,Selective Follower replication limits secrets per region; Conjur Cloud India region available,cyberark-conjur-ha-2025,AU-specific region confirmation needed with CyberArk pre-sales
cyberark-conjur,CyberArk Conjur,UC-N-008,UC-N,GAP,0,,,cyberark-conjur-overview-2025,[INDUSTRY-CONSENSUS] No training-completion KPI within Conjur product
cyberark-conjur,CyberArk Conjur,UC-N-009,UC-N,GAP,0,,,cyberark-conjur-overview-2025,[INDUSTRY-CONSENSUS] No exception-register module; GRC tooling required
cyberark-conjur,CyberArk Conjur,UC-N-010,UC-N,ADD-ON,2,https://docs.cyberark.com/conjur-enterprise/latest/en/content/deployment/cjr-architecture.htm,Policy break-glass role with audit trail; PKCS#11 HSM quorum via hardware,cyberark-conjur-arch-2025,No software M-of-N quorum; hardware HSM quorum only
cyberark-conjur,CyberArk Conjur,UC-N-011,UC-N,ADD-ON,2,https://docs.cyberark.com/audit/latest/en/content/audit/isp_siem-integration.htm,Audit service and SIEM exports support IR; no ATT&CK-mapped RCA template,cyberark-audit-siem-2025,[INDUSTRY-CONSENSUS] IR tooling integration required
cyberark-conjur,CyberArk Conjur,UC-N-012,UC-N,GAP,0,,,cyberark-conjur-overview-2025,[INDUSTRY-CONSENSUS] No SLSA or artifact-signing reporting capability
cyberark-conjur,CyberArk Conjur,UC-N-013,UC-N,GAP,1,https://www.cyberark.com/products/certificate-management/,CyberArk Certificate Manager mentions PQC roadmap; no Conjur-native crypto-inventory,cyberark-cert-mgr-2025,PQC in separate product; Conjur roadmap not published
cyberark-conjur,CyberArk Conjur,UC-N-014,UC-N,N/A,0,,,cyberark-conjur-overview-2025,Governance process not a product capability
cyberark-conjur,CyberArk Conjur,UC-N-015,UC-N,N/A,0,,,cyberark-conjur-overview-2025,Governance process not a product capability
cyberark-conjur,CyberArk Conjur,UC-N-016,UC-N,GAP,0,,,cyberark-conjur-overview-2025,[INDUSTRY-CONSENSUS] No IoT/OT fleet-posture reporting in Conjur
cyberark-conjur,CyberArk Conjur,UC-N-017,UC-N,ADD-ON,1,https://docs.cyberark.com/audit/latest/en/content/audit/isp_siem-integration.htm,Audit stream monitors Conjur secret access; no log-scrubbing or telemetry-scanning,cyberark-audit-siem-2025,[INDUSTRY-CONSENSUS] Telemetry governance is customer-built
cyberark-conjur,CyberArk Conjur,UC-N-018,UC-N,GAP,0,,,cyberark-conjur-overview-2025,[INDUSTRY-CONSENSUS] No TEE attestation assurance reporting
cyberark-conjur,CyberArk Conjur,UC-N-019,UC-N,NATIVE,2,https://docs.cyberark.com/secrets-manager-saas/latest/en/content/operations/authn/authenticate-ai-spiffe.htm,Secure AI Agents Solution provides workload identity for AI agents; KPI suite maturing,cyberark-ai-agents-2025,GA Nov 2025; KPI reporting features still maturing
cyberark-conjur,CyberArk Conjur,UC-N-020,UC-N,ADD-ON,1,https://docs.cyberark.com/audit/latest/en/content/audit/isp_siem-integration.htm,Audit events available; no mainframe-posture dashboard native to Conjur,cyberark-audit-siem-2025,[INDUSTRY-CONSENSUS] Dashboard on SIEM; mainframe leg thin
cyberark-pam,CyberArk PAM,NHI-001,NHI,ADD-ON,2,https://www.cyberark.com/products/privileged-access-manager/,Modernize your PAM program and provide defense-in-depth protection throughout your IT estate in hybrid and multi-cloud environments,cyberark-pam-product-2025,CPM plug-ins rotate AWS IAM access keys and Azure SP secrets; GCP SA key rotation less documented [INDUSTRY-CONSENSUS]
cyberark-pam,CyberArk PAM,NHI-002,NHI,GAP,1,https://www.cyberark.com/products/privileged-access-manager/,Modernize your PAM program and provide defense-in-depth protection throughout your IT estate,cyberark-pam-product-2025,No native K8s JWKS auth; AAM/CCP can inject creds into pods via SDK but not SPIFFE-native
cyberark-pam,CyberArk PAM,NHI-003,NHI,PARTNER,2,https://www.cyberark.com/products/privileged-access-manager/,Modernize your PAM program and provide defense-in-depth protection throughout your IT estate,cyberark-pam-product-2025,AAM CCP SDK integrates with Jenkins/GitHub Actions via Marketplace plugin; not dynamic OIDC-native [INDUSTRY-CONSENSUS]
cyberark-pam,CyberArk PAM,NHI-004,NHI,GAP,1,https://www.cyberark.com/products/privileged-access-manager/,Modernize your PAM program and provide defense-in-depth protection throughout your IT estate,cyberark-pam-product-2025,No native container image-pull credential issuance; workaround via CCP SDK
cyberark-pam,CyberArk PAM,NHI-005,NHI,NATIVE,4,https://www.cyberark.com/products/privileged-access-manager/,Modernize your PAM program and provide defense-in-depth protection throughout your IT estate in hybrid and multi-cloud environments,cyberark-pam-product-2025,CPM natively rotates Oracle/MSSQL/Sybase/DB2/PostgreSQL/MySQL privileged accounts; PSM brokers DB sessions
cyberark-pam,CyberArk PAM,NHI-006,NHI,ADD-ON,2,https://www.cyberark.com/products/privileged-access-manager/,Modernize your PAM program and provide defense-in-depth protection throughout your IT estate,cyberark-pam-product-2025,CyberArk Certificate Manager (CCM) module handles X.509 lifecycle; not SPIFFE-native [INDUSTRY-CONSENSUS]
cyberark-pam,CyberArk PAM,NHI-007,NHI,ADD-ON,2,https://www.cyberark.com/products/privileged-access-manager/,Modernize your PAM program and provide defense-in-depth protection throughout your IT estate,cyberark-pam-product-2025,AAM/CCP vaults SaaS API keys; rotation via CPM custom plug-ins [INDUSTRY-CONSENSUS]
cyberark-pam,CyberArk PAM,NHI-008,NHI,ADD-ON,2,https://www.cyberark.com/products/privileged-access-manager/,Modernize your PAM program and provide defense-in-depth protection throughout your IT estate,cyberark-pam-product-2025,SSH private keys vaulted and rotated via CPM SSH plug-in; PAT rotation requires custom plug-in [INDUSTRY-CONSENSUS]
cyberark-pam,CyberArk PAM,NHI-009,NHI,PARTNER,2,https://www.cyberark.com/products/privileged-access-manager/,Modernize your PAM program and provide defense-in-depth protection throughout your IT estate,cyberark-pam-product-2025,CCP SDK integrates with Ansible and Terraform (community-supported provider) [INDUSTRY-CONSENSUS]
cyberark-pam,CyberArk PAM,NHI-010,NHI,ADD-ON,2,https://www.cyberark.com/products/privileged-access-manager/,Modernize your PAM program and provide defense-in-depth protection throughout your IT estate,cyberark-pam-product-2025,AAM CCP delivers agent credentials without hardcoding; no auto-rotation of SaaS monitoring keys natively [INDUSTRY-CONSENSUS]
cyberark-pam,CyberArk PAM,NHI-011,NHI,ADD-ON,2,https://www.cyberark.com/products/privileged-access-manager/,Modernize your PAM program and provide defense-in-depth protection throughout your IT estate,cyberark-pam-product-2025,Kafka/RabbitMQ credentials vaulted; rotation via CPM custom plug-in [INDUSTRY-CONSENSUS]
cyberark-pam,CyberArk PAM,NHI-012,NHI,NATIVE,4,https://www.cyberark.com/products/privileged-access-manager/,Modernize your PAM program and provide defense-in-depth protection throughout your IT estate in hybrid and multi-cloud environments,cyberark-pam-product-2025,CPM auto-rotates AD service accounts with dependency mapping for Windows Services/IIS/COM+; core PAM use case
cyberark-pam,CyberArk PAM,NHI-013,NHI,ADD-ON,2,https://www.cyberark.com/products/privileged-access-manager/,Modernize your PAM program and provide defense-in-depth protection throughout your IT estate,cyberark-pam-product-2025,API-gateway client credentials vaulted and fetched via AAM [INDUSTRY-CONSENSUS]
cyberark-pam,CyberArk PAM,NHI-014,NHI,NATIVE,3,https://www.cyberark.com/products/privileged-access-manager/,Modernize your PAM program and provide defense-in-depth protection throughout your IT estate in hybrid and multi-cloud environments,cyberark-pam-product-2025,CyberArk PAM RPA integration: UiPath/Blue Prism/Automation Anywhere native plug-ins in Marketplace
cyberark-pam,CyberArk PAM,NHI-015,NHI,GAP,1,https://www.cyberark.com/products/privileged-access-manager/,Modernize your PAM program and provide defense-in-depth protection throughout your IT estate,cyberark-pam-product-2025,No native code-signing key management; would require custom vault + CCM
cyberark-pam,CyberArk PAM,NHI-016,NHI,GAP,0,https://www.cyberark.com/products/privileged-access-manager/,Modernize your PAM program and provide defense-in-depth protection throughout your IT estate,cyberark-pam-product-2025,Out of PAM scope; no documented SLSA/provenance capability
cyberark-pam,CyberArk PAM,NHI-017,NHI,GAP,0,https://www.cyberark.com/products/privileged-access-manager/,Modernize your PAM program and provide defense-in-depth protection throughout your IT estate,cyberark-pam-product-2025,No SPIFFE/SPIRE integration in PAM layer; service mesh identity is Conjur scope
cyberark-pam,CyberArk PAM,NHI-018,NHI,GAP,0,https://www.cyberark.com/products/privileged-access-manager/,Modernize your PAM program and provide defense-in-depth protection throughout your IT estate,cyberark-pam-product-2025,No TEE attestation integration documented
cyberark-pam,CyberArk PAM,NHI-019,NHI,GAP,1,https://www.cyberark.com/products/privileged-access-manager/,Modernize your PAM program and provide defense-in-depth protection throughout your IT estate,cyberark-pam-product-2025,No dedicated AI-agent credential brokering; AAM CCP could be adapted [SPECULATION]
cyberark-pam,CyberArk PAM,NHI-020,NHI,GAP,0,https://www.cyberark.com/products/privileged-access-manager/,Modernize your PAM program and provide defense-in-depth protection throughout your IT estate,cyberark-pam-product-2025,Model artifact/registry identity not addressed
cyberark-pam,CyberArk PAM,NHI-021,NHI,ADD-ON,1,https://www.cyberark.com/products/privileged-access-manager/,Modernize your PAM program and provide defense-in-depth protection throughout your IT estate,cyberark-pam-product-2025,CPM plug-ins for network devices (Cisco/F5/PAN); IoT sensors not natively supported [INDUSTRY-CONSENSUS]
cyberark-pam,CyberArk PAM,NHI-022,NHI,NATIVE,3,https://www.cyberark.com/products/privileged-access-manager/,Modernize your PAM program and provide defense-in-depth protection throughout your IT estate in hybrid and multi-cloud environments,cyberark-pam-product-2025,CPM supports IBM AS/400 (iSeries)/IBM AIX/z/OS RACF accounts via native plug-ins
cyberark-pam,CyberArk PAM,NHI-023,NHI,PARTNER,2,https://www.cyberark.com/products/privileged-access-manager/,Modernize your PAM program and provide defense-in-depth protection throughout your IT estate,cyberark-pam-product-2025,EPV + HSM integration stores TDE keys; rotation depends on CPM DB plug-in [INDUSTRY-CONSENSUS]
cyberark-pam,CyberArk PAM,NHI-024,NHI,NATIVE,3,https://www.cyberark.com/products/privileged-access-manager/,Modernize your PAM program and provide defense-in-depth protection throughout your IT estate in hybrid and multi-cloud environments,cyberark-pam-product-2025,EPV Master Key sealed to HSM (Thales/SafeNet/nCipher/Utimaco); break-glass via Dual Control and quorum policies in PVWA [INDUSTRY-CONSENSUS]
cyberark-pam,CyberArk PAM,NHI-025,NHI,ADD-ON,2,https://www.cyberark.com/products/privileged-access-manager/,Modernize your PAM program and provide defense-in-depth protection throughout your IT estate,cyberark-pam-product-2025,CCM module manages CA operator identities; integrates with ADCS and DigiCert [INDUSTRY-CONSENSUS]
cyberark-pam,CyberArk PAM,NHI-026,NHI,NATIVE,3,https://www.cyberark.com/products/privileged-access-manager/,Modernize your PAM program and provide defense-in-depth protection throughout your IT estate in hybrid and multi-cloud environments,cyberark-pam-product-2025,DR vault topology; backup agent credentials managed and rotated by CPM [INDUSTRY-CONSENSUS]
cyberark-pam,CyberArk PAM,NHI-027,NHI,GAP,1,https://www.cyberark.com/products/privileged-access-manager/,Modernize your PAM program and provide defense-in-depth protection throughout your IT estate,cyberark-pam-product-2025,OAuth OBO flow not natively managed; AAM CCP workaround possible
cyberark-pam,CyberArk PAM,NHI-028,NHI,GAP,1,https://www.cyberark.com/products/privileged-access-manager/,Modernize your PAM program and provide defense-in-depth protection throughout your IT estate,cyberark-pam-product-2025,mTLS cert vaulting via CCM; FAPI 2.0 dynamic client registration not native
cyberark-pam,CyberArk PAM,NHI-029,NHI,NATIVE,4,https://www.cyberark.com/products/privileged-access-manager/,Modernize your PAM program and provide defense-in-depth protection throughout your IT estate in hybrid and multi-cloud environments,cyberark-pam-product-2025,CPM + PSM explicitly govern shared service accounts (svc_ prefix); session recording/dual-control/exclusive check-out
cyberark-pam,CyberArk PAM,NHI-030,NHI,GAP,1,https://www.cyberark.com/products/privileged-access-manager/,Modernize your PAM program and provide defense-in-depth protection throughout your IT estate,cyberark-pam-product-2025,No native SaaS OAuth-app governance
cyberark-pam,CyberArk PAM,NHI-031,NHI,ADD-ON,2,https://www.cyberark.com/products/privileged-access-manager/,Modernize your PAM program and provide defense-in-depth protection throughout your IT estate,cyberark-pam-product-2025,HMAC and token secrets vaultable via AAM; no webhook-specific rotation [INDUSTRY-CONSENSUS]
cyberark-pam,CyberArk PAM,NHI-032,NHI,NATIVE,3,https://www.cyberark.com/products/privileged-access-manager/,Modernize your PAM program and provide defense-in-depth protection throughout your IT estate in hybrid and multi-cloud environments,cyberark-pam-product-2025,CPM natively rotates Cisco IOS/NX-OS/Juniper/F5/Palo Alto/Check Point passwords and enable credentials
cyberark-pam,CyberArk PAM,NHI-033,NHI,GAP,1,https://www.cyberark.com/products/privileged-access-manager/,Modernize your PAM program and provide defense-in-depth protection throughout your IT estate,cyberark-pam-product-2025,Peripheral device credentials can be vaulted but no auto-rotation plug-in documented for printers/spoolers
cyberark-pam,CyberArk PAM,NHI-034,NHI,GAP,0,https://www.cyberark.com/products/privileged-access-manager/,Modernize your PAM program and provide defense-in-depth protection throughout your IT estate,cyberark-pam-product-2025,No PQC / ML-DSA capability documented in PAM or CCM
cyberark-pam,CyberArk PAM,NHI-035,NHI,NATIVE,3,https://www.cyberark.com/products/privileged-access-manager/,Modernize your PAM program and provide defense-in-depth protection throughout your IT estate in hybrid and multi-cloud environments,cyberark-pam-product-2025,EPV server-key sealed by HSM; DR-vault and satellite-vault identities managed within vault topology [INDUSTRY-CONSENSUS]
cyberark-pam,CyberArk PAM,NHI-036,NHI,GAP,0,https://www.cyberark.com/products/privileged-access-manager/,Modernize your PAM program and provide defense-in-depth protection throughout your IT estate,cyberark-pam-product-2025,No SPIFFE issuance; short-lived credential issuance not native in PAM (Conjur scope)
cyberark-pam,CyberArk PAM,NHI-037,NHI,NATIVE,3,https://www.cyberark.com/products/privileged-access-manager/,Modernize your PAM program and provide defense-in-depth protection throughout your IT estate in hybrid and multi-cloud environments,cyberark-pam-product-2025,Account Discovery scans AD/Unix/Linux/DB/network devices; orphaned accounts flagged for onboarding or removal
cyberark-pam,CyberArk PAM,UC-F-001,UC-F,PARTNER,2,https://www.cyberark.com/products/privileged-access-manager/,Modernize your PAM program and provide defense-in-depth protection throughout your IT estate,cyberark-pam-product-2025,No native secret-scanning; integrates with CyberArk Secrets Hub + partner scanners [INDUSTRY-CONSENSUS]
cyberark-pam,CyberArk PAM,UC-F-002,UC-F,PARTNER,1,https://www.cyberark.com/products/privileged-access-manager/,Modernize your PAM program and provide defense-in-depth protection throughout your IT estate,cyberark-pam-product-2025,No native historical git-scan; partner (GitGuardian/Trufflehog) required
cyberark-pam,CyberArk PAM,UC-F-003,UC-F,ADD-ON,2,https://www.cyberark.com/products/privileged-access-manager/,Modernize your PAM program and provide defense-in-depth protection throughout your IT estate,cyberark-pam-product-2025,CPM rotates cloud IAM keys on schedule; JIT OIDC issuance not native (Conjur scope) [INDUSTRY-CONSENSUS]
cyberark-pam,CyberArk PAM,UC-F-004,UC-F,GAP,0,https://www.cyberark.com/products/privileged-access-manager/,Modernize your PAM program and provide defense-in-depth protection throughout your IT estate,cyberark-pam-product-2025,SPIFFE workload attestation not in PAM scope; Conjur row
cyberark-pam,CyberArk PAM,UC-F-005,UC-F,ADD-ON,2,https://www.cyberark.com/products/privileged-access-manager/,Modernize your PAM program and provide defense-in-depth protection throughout your IT estate,cyberark-pam-product-2025,CPM rotates DB passwords post-checkout; not lease-based dynamic generation (Vault/Conjur model)
cyberark-pam,CyberArk PAM,UC-F-006,UC-F,NATIVE,4,https://www.cyberark.com/products/privileged-access-manager/,Isolate and Monitor Sessions — provision isolated and monitored privileged sessions without sacrificing native user experience,cyberark-pam-product-2025,Core CPM capability: scheduled and on-demand rotation for AD/DB/Unix/network devices/cloud IAM accounts
cyberark-pam,CyberArk PAM,UC-F-007,UC-F,NATIVE,3,https://www.cyberark.com/products/privileged-access-manager/,Provision isolated and monitored privileged sessions without sacrificing native user experience,cyberark-pam-product-2025,Immediate password rotation + PSM session termination available via PVWA REST API
cyberark-pam,CyberArk PAM,UC-F-008,UC-F,GAP,1,https://www.cyberark.com/products/privileged-access-manager/,Modernize your PAM program and provide defense-in-depth protection throughout your IT estate,cyberark-pam-product-2025,CCP SDK can inject into pods but no native CSI driver or Secrets Store CSI integration
cyberark-pam,CyberArk PAM,UC-F-009,UC-F,GAP,1,https://www.cyberark.com/products/privileged-access-manager/,Modernize your PAM program and provide defense-in-depth protection throughout your IT estate,cyberark-pam-product-2025,Container image-pull credentials not natively addressed; workaround via CCP
cyberark-pam,CyberArk PAM,UC-F-010,UC-F,PARTNER,2,https://www.cyberark.com/products/privileged-access-manager/,Modernize your PAM program and provide defense-in-depth protection throughout your IT estate,cyberark-pam-product-2025,CCP SDK integrates with Ansible/Terraform via CyberArk Marketplace provider
cyberark-pam,CyberArk PAM,UC-F-011,UC-F,ADD-ON,2,https://www.cyberark.com/products/privileged-access-manager/,Modernize your PAM program and provide defense-in-depth protection throughout your IT estate,cyberark-pam-product-2025,AAM CCP delivers monitoring agent creds without hardcoding; rotation via CPM [INDUSTRY-CONSENSUS]
cyberark-pam,CyberArk PAM,UC-F-012,UC-F,ADD-ON,2,https://www.cyberark.com/products/privileged-access-manager/,Modernize your PAM program and provide defense-in-depth protection throughout your IT estate,cyberark-pam-product-2025,Kafka/RabbitMQ credentials vaulted and rotated via CPM custom plug-in [INDUSTRY-CONSENSUS]
cyberark-pam,CyberArk PAM,UC-F-013,UC-F,NATIVE,4,https://www.cyberark.com/products/privileged-access-manager/,Modernize your PAM program and provide defense-in-depth protection throughout your IT estate in hybrid and multi-cloud environments,cyberark-pam-product-2025,CPM manages gMSA dependency mapping and traditional AD svc_ account rotation; Exclusive Check-out enforces non-shared use
cyberark-pam,CyberArk PAM,UC-F-014,UC-F,ADD-ON,2,https://www.cyberark.com/products/privileged-access-manager/,Modernize your PAM program and provide defense-in-depth protection throughout your IT estate,cyberark-pam-product-2025,API-gateway credentials vaulted via AAM; no dynamic issuance [INDUSTRY-CONSENSUS]
cyberark-pam,CyberArk PAM,UC-F-015,UC-F,NATIVE,3,https://www.cyberark.com/products/privileged-access-manager/,Modernize your PAM program and provide defense-in-depth protection throughout your IT estate in hybrid and multi-cloud environments,cyberark-pam-product-2025,CyberArk PAM + UiPath/Blue Prism/Automation Anywhere integrations documented; bot sessions recorded via PSM
cyberark-pam,CyberArk PAM,UC-F-016,UC-F,GAP,0,https://www.cyberark.com/products/privileged-access-manager/,Modernize your PAM program and provide defense-in-depth protection throughout your IT estate,cyberark-pam-product-2025,Keyless code-signing not in PAM scope
cyberark-pam,CyberArk PAM,UC-F-017,UC-F,GAP,0,https://www.cyberark.com/products/privileged-access-manager/,Modernize your PAM program and provide defense-in-depth protection throughout your IT estate,cyberark-pam-product-2025,TEE attestation not in PAM scope
cyberark-pam,CyberArk PAM,UC-F-018,UC-F,GAP,1,https://www.cyberark.com/products/privileged-access-manager/,Modernize your PAM program and provide defense-in-depth protection throughout your IT estate,cyberark-pam-product-2025,No dedicated AI-agent support; AAM CCP could be adapted but not documented [SPECULATION]
cyberark-pam,CyberArk PAM,UC-F-019,UC-F,ADD-ON,2,https://www.cyberark.com/products/privileged-access-manager/,Modernize your PAM program and provide defense-in-depth protection throughout your IT estate,cyberark-pam-product-2025,CPM network device plug-ins cover OT-adjacent devices; pure IoT sensors not covered [INDUSTRY-CONSENSUS]
cyberark-pam,CyberArk PAM,UC-F-020,UC-F,NATIVE,3,https://www.cyberark.com/products/privileged-access-manager/,Modernize your PAM program and provide defense-in-depth protection throughout your IT estate in hybrid and multi-cloud environments,cyberark-pam-product-2025,CPM natively rotates AS/400/AIX/z/OS RACF accounts
cyberark-pam,CyberArk PAM,UC-F-021,UC-F,NATIVE,3,https://www.cyberark.com/products/privileged-access-manager/,Modernize your PAM program and provide defense-in-depth protection throughout your IT estate in hybrid and multi-cloud environments,cyberark-pam-product-2025,DR vault topology + CPM manages backup agent accounts; PSM records DR sessions [INDUSTRY-CONSENSUS]
cyberark-pam,CyberArk PAM,UC-F-022,UC-F,ADD-ON,2,https://www.cyberark.com/products/privileged-access-manager/,Modernize your PAM program and provide defense-in-depth protection throughout your IT estate,cyberark-pam-product-2025,HMAC/token secrets vaultable; no dedicated webhook-verification tooling [INDUSTRY-CONSENSUS]
cyberark-pam,CyberArk PAM,UC-F-023,UC-F,NATIVE,4,https://www.cyberark.com/products/privileged-access-manager/,Modernize your PAM program and provide defense-in-depth protection throughout your IT estate in hybrid and multi-cloud environments,cyberark-pam-product-2025,CPM + PSM for network devices: Cisco/Juniper/F5/PAN-OS — rotation + session isolation + recording
cyberark-pam,CyberArk PAM,UC-F-024,UC-F,ADD-ON,2,https://www.cyberark.com/products/privileged-access-manager/,Modernize your PAM program and provide defense-in-depth protection throughout your IT estate,cyberark-pam-product-2025,CCM vaults mTLS client certs; FAPI 2.0 dynamic client registration not native [INDUSTRY-CONSENSUS]
cyberark-pam,CyberArk PAM,UC-F-025,UC-F,GAP,1,https://www.cyberark.com/products/privileged-access-manager/,Modernize your PAM program and provide defense-in-depth protection throughout your IT estate,cyberark-pam-product-2025,OAuth-app tokens not natively managed
cyberark-pam,CyberArk PAM,UC-F-026,UC-F,NATIVE,3,https://www.cyberark.com/products/privileged-access-manager/,Modernize your PAM program and provide defense-in-depth protection throughout your IT estate in hybrid and multi-cloud environments,cyberark-pam-product-2025,EPV Master Key to HSM; DR-vault identity; Dual Control + Quorum policies; exclusive check-out for vault admin accounts [INDUSTRY-CONSENSUS]
cyberark-pam,CyberArk PAM,UC-F-027,UC-F,NATIVE,3,https://www.cyberark.com/products/privileged-access-manager/,Modernize your PAM program and provide defense-in-depth protection throughout your IT estate in hybrid and multi-cloud environments,cyberark-pam-product-2025,Account Discovery + Pending Accounts workflow surfaces orphaned accounts for remediation
cyberark-pam,CyberArk PAM,UC-N-001,UC-N,ADD-ON,2,https://www.cyberark.com/products/privileged-access-manager/,Centrally monitor all user behavior for forensics audit and compliance,cyberark-pam-product-2025,PVWA dashboards + CyberArk Audit Service + SIEM integration (Splunk/QRadar CyberArk connector) [INDUSTRY-CONSENSUS]
cyberark-pam,CyberArk PAM,UC-N-002,UC-N,NATIVE,3,https://www.cyberark.com/products/privileged-access-manager/,See it all with continuous discovery and context — continuously discover every identity across your environment,cyberark-pam-discovery-2025,Account Discovery populates EPV inventory; account ownership assigned per Safe; PSM ties accounts to requestors
cyberark-pam,CyberArk PAM,UC-N-003,UC-N,NATIVE,3,https://www.cyberark.com/products/privileged-access-manager/,Maintain compliance with recorded key events and tamper-resistant audits,cyberark-privcloud-2025,PVWA compliance reports show rotation age per account; exportable to SIEM [INDUSTRY-CONSENSUS]
cyberark-pam,CyberArk PAM,UC-N-004,UC-N,NATIVE,4,https://www.cyberark.com/products/privilege-cloud/,Maintain compliance with recorded key events and tamper-resistant audits,cyberark-privcloud-2025,PSM session recordings + audit trails tamper-resistant; exportable for PCI-DSS/SOX/CPS234 evidence
cyberark-pam,CyberArk PAM,UC-N-005,UC-N,ADD-ON,2,https://www.cyberark.com/products/privileged-access-manager/,Modernize your PAM program and provide defense-in-depth protection throughout your IT estate,cyberark-pam-product-2025,Partial E8 mapping (RestrictAdminPriv/MFA); no automated E8 scorecard out of box [INDUSTRY-CONSENSUS]
cyberark-pam,CyberArk PAM,UC-N-006,UC-N,PARTNER,1,https://www.cyberark.com/products/privileged-access-manager/,Modernize your PAM program and provide defense-in-depth protection throughout your IT estate,cyberark-pam-product-2025,No dedicated supply-chain attestation; vendor access via Remote Access + PSM recording
cyberark-pam,CyberArk PAM,UC-N-007,UC-N,NATIVE,3,https://www.cyberark.com/products/privileged-access-manager/,Deploy in your datacenter private or public cloud to meet regulatory compliance or organizational needs,cyberark-pam-product-2025,Self-hosted EPV gives full data-residency control; Privilege Cloud AU region (AWS Sydney) [INDUSTRY-CONSENSUS]
cyberark-pam,CyberArk PAM,UC-N-008,UC-N,GAP,0,https://www.cyberark.com/products/privileged-access-manager/,Modernize your PAM program and provide defense-in-depth protection throughout your IT estate,cyberark-pam-product-2025,Not in PAM scope
cyberark-pam,CyberArk PAM,UC-N-009,UC-N,ADD-ON,2,https://www.cyberark.com/products/privileged-access-manager/,Modernize your PAM program and provide defense-in-depth protection throughout your IT estate,cyberark-pam-product-2025,Safe-level exceptions and pending-account workflow provide exception register primitive [INDUSTRY-CONSENSUS]
cyberark-pam,CyberArk PAM,UC-N-010,UC-N,NATIVE,4,https://www.cyberark.com/products/privileged-access-manager/,Provision isolated and monitored privileged sessions without sacrificing native user experience,cyberark-pam-product-2025,Dual Control / Exclusive Check-out / break-glass accounts with time-limited access + PSM recording
cyberark-pam,CyberArk PAM,UC-N-011,UC-N,NATIVE,3,https://www.cyberark.com/products/privileged-access-manager/,Centrally monitor all user behavior for forensics audit and compliance,cyberark-pam-product-2025,PSM recorded sessions enable forensic RCA; exportable session recordings
cyberark-pam,CyberArk PAM,UC-N-012,UC-N,GAP,0,https://www.cyberark.com/products/privileged-access-manager/,Modernize your PAM program and provide defense-in-depth protection throughout your IT estate,cyberark-pam-product-2025,SLSA-provenance assurance reporting not in PAM scope
cyberark-pam,CyberArk PAM,UC-N-013,UC-N,GAP,0,https://www.cyberark.com/products/privileged-access-manager/,Modernize your PAM program and provide defense-in-depth protection throughout your IT estate,cyberark-pam-product-2025,CCM covers TLS cert lifecycle; no PQC/ML-DSA capability documented
cyberark-pam,CyberArk PAM,UC-N-014,UC-N,N/A,0,https://www.cyberark.com/products/privileged-access-manager/,Modernize your PAM program and provide defense-in-depth protection throughout your IT estate,cyberark-pam-product-2025,Process not a product capability
cyberark-pam,CyberArk PAM,UC-N-015,UC-N,N/A,0,https://www.cyberark.com/products/privileged-access-manager/,Modernize your PAM program and provide defense-in-depth protection throughout your IT estate,cyberark-pam-product-2025,Process not a product capability
cyberark-pam,CyberArk PAM,UC-N-016,UC-N,ADD-ON,2,https://www.cyberark.com/products/privileged-access-manager/,Modernize your PAM program and provide defense-in-depth protection throughout your IT estate,cyberark-pam-product-2025,Network-device accounts visible in PVWA; no dedicated OT-fleet dashboard [INDUSTRY-CONSENSUS]
cyberark-pam,CyberArk PAM,UC-N-017,UC-N,PARTNER,1,https://www.cyberark.com/products/privileged-access-manager/,Modernize your PAM program and provide defense-in-depth protection throughout your IT estate,cyberark-pam-product-2025,SIEM integration exports audit events; no native log-scrubbing for secret masking
cyberark-pam,CyberArk PAM,UC-N-018,UC-N,GAP,0,https://www.cyberark.com/products/privileged-access-manager/,Modernize your PAM program and provide defense-in-depth protection throughout your IT estate,cyberark-pam-product-2025,Confidential-computing TEE attestation assurance not in PAM scope
cyberark-pam,CyberArk PAM,UC-N-019,UC-N,GAP,0,https://www.cyberark.com/products/privileged-access-manager/,Modernize your PAM program and provide defense-in-depth protection throughout your IT estate,cyberark-pam-product-2025,AI-agent/autonomous-workflow KPI suite not in PAM scope currently
cyberark-pam,CyberArk PAM,UC-N-020,UC-N,NATIVE,3,https://www.cyberark.com/products/privileged-access-manager/,Modernize your PAM program and provide defense-in-depth protection throughout your IT estate in hybrid and multi-cloud environments,cyberark-pam-product-2025,Mainframe (z/OS/AS/400/AIX) accounts visible in PVWA dashboard alongside cloud accounts
delinea-secret-server,Delinea Secret Server,NHI-001,NHI,ADD-ON,2,https://docs.delinea.com/online-help/secret-server/discovery/index.htm,"Discovery supports AWS and Google Cloud Platform accounts automatically",delinea-ss-discovery-2025,Static rotation only; no dynamic short-lived cloud IAM creds; DSV separate product for JIT
delinea-secret-server,Delinea Secret Server,NHI-002,NHI,ADD-ON,1,https://docs.delinea.com/online-help/secret-server/api-scripting/index.htm,"REST API enables custom integration with scripting languages for automation",delinea-ss-api-2025,No native K8s CSI driver or controller; DSV has K8s sidecar injector (separate product)
delinea-secret-server,Delinea Secret Server,NHI-003,NHI,ADD-ON,2,https://docs.delinea.com/online-help/secret-server/api-scripting/index.htm,"Token-based authentication for secure access via REST API",delinea-ss-api-2025,No native OIDC federation for CI/CD pipelines; REST API pull pattern prevents embedding
delinea-secret-server,Delinea Secret Server,NHI-004,NHI,ADD-ON,1,https://delinea.com/products/secret-server/features,"AES 256 Encryption; File Attachments; Granular permission control",delinea-ss-features-2025,Generic template storage; no native container registry integration; scripted retrieval only
delinea-secret-server,Delinea Secret Server,NHI-005,NHI,NATIVE,3,https://delinea.com/products/secret-server/features,"Streamline password creation rotation and expiration with out-of-the-box templates",delinea-ss-features-2025,SQL Server / Oracle / MySQL / PostgreSQL built-in RPC; heartbeat; scheduled auto-rotation
delinea-secret-server,Delinea Secret Server,NHI-006,NHI,ADD-ON,2,https://docs.delinea.com/online-help/secret-server/admin/index.htm,"Certificate management with options for changing SQL service account passwords",delinea-ss-admin-2025,Certificate management feature available; limited lifecycle scope vs Venafi/Keyfactor
delinea-secret-server,Delinea Secret Server,NHI-007,NHI,NATIVE,2,https://delinea.com/products/secret-server/features,"AES 256 Encryption; Granular permission control; Import / Export",delinea-ss-features-2025,Generic secret template; manual rotation; no OAuth client credential engine
delinea-secret-server,Delinea Secret Server,NHI-008,NHI,NATIVE,2,https://delinea.com/products/secret-server/features,"Streamline password creation rotation and expiration with out-of-the-box templates",delinea-ss-features-2025,Storable; custom PowerShell RPC can rotate PATs/SSH keys; no native GitHub/GitLab integration
delinea-secret-server,Delinea Secret Server,NHI-009,NHI,ADD-ON,2,https://docs.delinea.com/online-help/secret-server/api-scripting/index.htm,"Operations to manage secrets and their attributes via REST API",delinea-ss-api-2025,REST API + community Ansible/Terraform modules; no official Terraform provider
delinea-secret-server,Delinea Secret Server,NHI-010,NHI,NATIVE,2,https://delinea.com/products/secret-server/features,"Streamline password creation rotation and expiration with out-of-the-box templates",delinea-ss-features-2025,Generic credential rotation; no deep SIEM/observability native integration
delinea-secret-server,Delinea Secret Server,NHI-011,NHI,NATIVE,2,https://delinea.com/products/secret-server/features,"AES 256 Encryption; out-of-the-box templates and built-in automation",delinea-ss-features-2025,Password-based credential storage + RPC for Kafka/RabbitMQ via custom changers
delinea-secret-server,Delinea Secret Server,NHI-012,NHI,NATIVE,4,https://docs.delinea.com/online-help/secret-server/discovery/index.htm,"Discovery can find Windows local admin Windows domain and Linux/Unix accounts",delinea-ss-discovery-2025,Core PAM use-case; AD discovery + rotation + dependency mapping — industry-leading for AD SAs
delinea-secret-server,Delinea Secret Server,NHI-013,NHI,NATIVE,2,https://delinea.com/products/secret-server/features,"AES 256 Encryption; Granular permission control; out-of-the-box templates",delinea-ss-features-2025,Generic credential template; no native APIM/Kong/NGINX integration documented
delinea-secret-server,Delinea Secret Server,NHI-014,NHI,NATIVE,3,https://delinea.com/products/secret-server,"enforcing check-in/out role-based access and approval workflows",delinea-ss-product-2025,RPA integrations (UiPath/Blue Prism); session-bound checkout with audit trail; dual-approval
delinea-secret-server,Delinea Secret Server,NHI-015,NHI,PARTNER,1,https://delinea.com/products/secret-server/features,"File Attachments; AES 256 Encryption",delinea-ss-features-2025,Cert storable; no HSM-backed signing workflow; requires Sigstore/Venafi partner
delinea-secret-server,Delinea Secret Server,NHI-016,NHI,GAP,0,https://delinea.com/products/secret-server/features,,delinea-ss-features-2025,No SLSA or supply-chain attestation capability documented [INDUSTRY-CONSENSUS]
delinea-secret-server,Delinea Secret Server,NHI-017,NHI,GAP,0,https://delinea.com/products/secret-server/features,,delinea-ss-features-2025,No Istio/Envoy/Consul service mesh integration [INDUSTRY-CONSENSUS]
delinea-secret-server,Delinea Secret Server,NHI-018,NHI,GAP,0,https://delinea.com/products/secret-server/features,,delinea-ss-features-2025,No TEE/confidential computing attestation support [INDUSTRY-CONSENSUS]
delinea-secret-server,Delinea Secret Server,NHI-019,NHI,ADD-ON,1,https://delinea.com/,"Machine and AI identities now operate continuously and at scale",delinea-home-2025,Delinea Platform roadmap (StrongDM JIT); Secret Server alone lacks native AI-agent credential brokering
delinea-secret-server,Delinea Secret Server,NHI-020,NHI,GAP,0,https://delinea.com/products/secret-server/features,,delinea-ss-features-2025,No model registry credential management documented [INDUSTRY-CONSENSUS]
delinea-secret-server,Delinea Secret Server,NHI-021,NHI,ADD-ON,1,https://delinea.com/products/secret-server/features,"extensible discovery through custom PowerShell scripts",delinea-ss-features-2025,Custom templates; extensible via PowerShell; no native OT/SCADA protocols
delinea-secret-server,Delinea Secret Server,NHI-022,NHI,GAP,0,https://delinea.com/products/secret-server/features,,delinea-ss-features-2025,No RACF/Top Secret/ACF2 support documented [INDUSTRY-CONSENSUS]
delinea-secret-server,Delinea Secret Server,NHI-023,NHI,ADD-ON,1,https://delinea.com/products/secret-server/features,"AES 256 Encryption; File Attachments",delinea-ss-features-2025,TDE passwords storable; no KMS integration or key lifecycle management
delinea-secret-server,Delinea Secret Server,NHI-024,NHI,ADD-ON,2,https://docs.delinea.com/online-help/secret-server/security-hardening/index.htm,"Secret Server supports an HSM to protect its master encryption key",delinea-ss-security-2025,HSM master key support; break-glass via Unlimited Admin mode; quorum not documented publicly
delinea-secret-server,Delinea Secret Server,NHI-025,NHI,ADD-ON,2,https://docs.delinea.com/online-help/secret-server/admin/index.htm,"Certificate management with options for changing SQL service account passwords",delinea-ss-admin-2025,Certificate management add-on; limited CA operator workflow vs. Venafi/Keyfactor
delinea-secret-server,Delinea Secret Server,NHI-026,NHI,NATIVE,2,https://docs.delinea.com/online-help/secret-server/security-hardening/index.htm,"You can deploy multiple distributed engines for any given site to distribute workload",delinea-ss-security-2025,Generic credential management; DE multi-site supports DR agent identity scenarios
delinea-secret-server,Delinea Secret Server,NHI-027,NHI,ADD-ON,1,https://delinea.com/products/secret-server/features,"AES 256 Encryption; Granular permission control",delinea-ss-features-2025,Generic secret storage; no OAuth token delegation engine
delinea-secret-server,Delinea Secret Server,NHI-028,NHI,GAP,0,https://delinea.com/products/secret-server/features,,delinea-ss-features-2025,No FAPI 2.0 / CDR-specific support documented [INDUSTRY-CONSENSUS]
delinea-secret-server,Delinea Secret Server,NHI-029,NHI,NATIVE,3,https://delinea.com/products/secret-server,"enforcing check-in/out role-based access and approval workflows to eliminate manual errors",delinea-ss-product-2025,Core use-case; checkout/check-in + session recording + dual-approval for shared functional IDs
delinea-secret-server,Delinea Secret Server,NHI-030,NHI,ADD-ON,2,https://delinea.com/products/secret-server/features,"Delinea Credential Manager; Role Based Access Control",delinea-ss-features-2025,Browser extension available; OAuth app secrets storable; limited lifecycle governance
delinea-secret-server,Delinea Secret Server,NHI-031,NHI,NATIVE,2,https://delinea.com/products/secret-server/features,"AES 256 Encryption; out-of-the-box templates",delinea-ss-features-2025,Generic credential storage; webhook signing secrets managed manually with RPC
delinea-secret-server,Delinea Secret Server,NHI-032,NHI,NATIVE,3,https://docs.delinea.com/online-help/secret-server/discovery/index.htm,"Discovery can find various types of accounts including Windows local admin Windows domain",delinea-ss-discovery-2025,Cisco/Juniper/F5/network device RPC templates; discovery for network accounts — mature
delinea-secret-server,Delinea Secret Server,NHI-033,NHI,ADD-ON,1,https://delinea.com/products/secret-server/features,"extensible discovery through custom PowerShell scripts",delinea-ss-features-2025,Custom template; no native SNMP v3 or 802.1X workflow
delinea-secret-server,Delinea Secret Server,NHI-034,NHI,GAP,0,https://delinea.com/products/secret-server/features,,delinea-ss-features-2025,No PQC roadmap confirmed; AES-256 CBC at rest only [INDUSTRY-CONSENSUS]
delinea-secret-server,Delinea Secret Server,NHI-035,NHI,NATIVE,2,https://docs.delinea.com/online-help/secret-server/security-hardening/index.htm,"Secret Server can operate within a highly available configuration",delinea-ss-security-2025,DE identity protection; admin role separation; SQL SA password management
delinea-secret-server,Delinea Secret Server,NHI-036,NHI,GAP,0,https://delinea.com/,"Together Delinea and StrongDM bring just-in-time runtime authorization",delinea-home-2025,No SPIFFE/SPIRE integration in Secret Server; StrongDM acquisition may address roadmap
delinea-secret-server,Delinea Secret Server,NHI-037,NHI,NATIVE,3,https://docs.delinea.com/online-help/secret-server/discovery/index.htm,"identifying and securing backdoor accounts and other potential vulnerabilities",delinea-ss-discovery-2025,Discovery pipeline identifies unmanaged accounts; heartbeat detects drift; dependency mapping
delinea-secret-server,Delinea Secret Server,UC-F-001,UC-F,ADD-ON,2,https://docs.delinea.com/online-help/secret-server/api-scripting/index.htm,"REST API is particularly user-friendly leveraging standard HTTP methods",delinea-ss-api-2025,REST API pull pattern prevents embedding; no native pre-commit hook/scanner integration
delinea-secret-server,Delinea Secret Server,UC-F-002,UC-F,PARTNER,1,https://delinea.com/products/secret-server/features,,delinea-ss-features-2025,No native repo history scanning; partner required (GitGuardian/TruffleHog) [INDUSTRY-CONSENSUS]
delinea-secret-server,Delinea Secret Server,UC-F-003,UC-F,GAP,0,https://docs.delinea.com/online-help/secret-server/discovery/index.htm,,delinea-ss-discovery-2025,No OIDC federation for dynamic cloud creds; static IAM key rotation only [INDUSTRY-CONSENSUS]
delinea-secret-server,Delinea Secret Server,UC-F-004,UC-F,GAP,0,https://delinea.com/products/secret-server/features,,delinea-ss-features-2025,No SPIFFE/SPIRE support in Secret Server [INDUSTRY-CONSENSUS]
delinea-secret-server,Delinea Secret Server,UC-F-005,UC-F,ADD-ON,2,https://delinea.com/products/secret-server/features,"Streamline password creation rotation and expiration with out-of-the-box templates",delinea-ss-features-2025,Scheduled/checkout rotation; no true dynamic lease/TTL model; not broker-issued like Vault
delinea-secret-server,Delinea Secret Server,UC-F-006,UC-F,NATIVE,4,https://delinea.com/products/secret-server/features,"Streamline password creation rotation and expiration with out-of-the-box templates",delinea-ss-features-2025,Core capability; 150+ built-in RPC templates; heartbeat; scheduled rotation — industry-leading
delinea-secret-server,Delinea Secret Server,UC-F-007,UC-F,NATIVE,3,https://delinea.com/products/secret-server,"enforcing check-in/out role-based access and approval workflows",delinea-ss-product-2025,Disable + immediate RPC rotation + dependency notification; limited broadcast revocation
delinea-secret-server,Delinea Secret Server,UC-F-008,UC-F,ADD-ON,1,https://docs.delinea.com/online-help/secret-server/api-scripting/index.htm,"REST API enables custom integration with scripting languages",delinea-ss-api-2025,No native K8s CSI driver; REST API retrieval via init containers; DSV has K8s integration
delinea-secret-server,Delinea Secret Server,UC-F-009,UC-F,ADD-ON,1,https://delinea.com/products/secret-server/features,"AES 256 Encryption; File Attachments",delinea-ss-features-2025,Storable; no native registry webhook; scripted retrieval only
delinea-secret-server,Delinea Secret Server,UC-F-010,UC-F,ADD-ON,2,https://docs.delinea.com/online-help/secret-server/api-scripting/index.htm,"Integration with scripting languages for custom automation",delinea-ss-api-2025,REST API + Ansible/Terraform community plugins; no official Terraform provider
delinea-secret-server,Delinea Secret Server,UC-F-011,UC-F,NATIVE,2,https://delinea.com/products/secret-server/features,"Streamline password creation rotation and expiration",delinea-ss-features-2025,Generic credential rotation for observability agents; no deep platform integration
delinea-secret-server,Delinea Secret Server,UC-F-012,UC-F,NATIVE,2,https://delinea.com/products/secret-server/features,"out-of-the-box templates and built-in automation",delinea-ss-features-2025,Password-based cred storage + rotation for Kafka/RabbitMQ via custom changers
delinea-secret-server,Delinea Secret Server,UC-F-013,UC-F,NATIVE,4,https://docs.delinea.com/online-help/secret-server/discovery/index.htm,"Discovery can find Windows domain accounts and dependencies like scheduled tasks application pools",delinea-ss-discovery-2025,Deep AD discovery + gMSA + dependency mapping + scheduled rotation — industry-leading
delinea-secret-server,Delinea Secret Server,UC-F-014,UC-F,NATIVE,2,https://delinea.com/products/secret-server/features,"AES 256 Encryption; Granular permission control; out-of-the-box templates",delinea-ss-features-2025,Generic secret storage + rotation; no native APIM/Kong/NGINX integration
delinea-secret-server,Delinea Secret Server,UC-F-015,UC-F,NATIVE,3,https://delinea.com/products/secret-server,"enforcing check-in/out role-based access and approval workflows",delinea-ss-product-2025,UiPath/Blue Prism integrations; checkout with session recording; dual-approval workflow
delinea-secret-server,Delinea Secret Server,UC-F-016,UC-F,PARTNER,1,https://delinea.com/products/secret-server/features,,delinea-ss-features-2025,Not native; cert storage possible; requires Sigstore/Venafi partner [INDUSTRY-CONSENSUS]
delinea-secret-server,Delinea Secret Server,UC-F-017,UC-F,GAP,0,https://delinea.com/products/secret-server/features,,delinea-ss-features-2025,No confidential computing / TEE attestation documented [INDUSTRY-CONSENSUS]
delinea-secret-server,Delinea Secret Server,UC-F-018,UC-F,ADD-ON,1,https://delinea.com/,"Machine and AI identities now operate continuously and at scale",delinea-home-2025,Platform direction (StrongDM JIT); Secret Server alone lacks native AI-agent context binding
delinea-secret-server,Delinea Secret Server,UC-F-019,UC-F,ADD-ON,1,https://delinea.com/products/secret-server/features,"extensible discovery through custom PowerShell scripts",delinea-ss-features-2025,Custom templates; no OT/SCADA protocol support natively
delinea-secret-server,Delinea Secret Server,UC-F-020,UC-F,GAP,0,https://delinea.com/products/secret-server/features,,delinea-ss-features-2025,No RACF/TSS/ACF2 support [INDUSTRY-CONSENSUS]
delinea-secret-server,Delinea Secret Server,UC-F-021,UC-F,NATIVE,2,https://docs.delinea.com/online-help/secret-server/security-hardening/index.htm,"deploy multiple distributed engines for any given site",delinea-ss-security-2025,Generic managed credentials for backup agents; DE multi-site DR context
delinea-secret-server,Delinea Secret Server,UC-F-022,UC-F,NATIVE,2,https://delinea.com/products/secret-server/features,"out-of-the-box templates and built-in automation",delinea-ss-features-2025,Webhook signing secrets storable; manual rotation via RPC
delinea-secret-server,Delinea Secret Server,UC-F-023,UC-F,NATIVE,3,https://docs.delinea.com/online-help/secret-server/discovery/index.htm,"Discovery supports multiple discovery types including Active Directory ESX AWS GCP Linux/Unix",delinea-ss-discovery-2025,Cisco IOS/Juniper/F5/network device RPC templates + SSH key management — mature
delinea-secret-server,Delinea Secret Server,UC-F-024,UC-F,GAP,0,https://delinea.com/products/secret-server/features,,delinea-ss-features-2025,No FAPI 2.0 or CDR-specific workflow documented [INDUSTRY-CONSENSUS]
delinea-secret-server,Delinea Secret Server,UC-F-025,UC-F,ADD-ON,1,https://delinea.com/products/secret-server/features,"AES 256 Encryption; Granular permission control",delinea-ss-features-2025,Generic secret storage; no OAuth app lifecycle management
delinea-secret-server,Delinea Secret Server,UC-F-026,UC-F,NATIVE,2,https://docs.delinea.com/online-help/secret-server/security-hardening/index.htm,"Secret Server can operate within a highly available configuration",delinea-ss-security-2025,DE identity protection; admin role separation; SQL SA password management
delinea-secret-server,Delinea Secret Server,UC-F-027,UC-F,NATIVE,3,https://docs.delinea.com/online-help/secret-server/discovery/index.htm,"identifying and securing backdoor accounts and other potential vulnerabilities",delinea-ss-discovery-2025,Discovery identifies unmanaged; heartbeat detects drift; dependency map for cleanup
delinea-secret-server,Delinea Secret Server,UC-N-001,UC-N,NATIVE,3,https://delinea.com/products/secret-server,"Quickly identify secure manage monitor and audit privileged accounts",delinea-ss-product-2025,Built-in reports + dashboards + audit logs; secret inventory metrics — good coverage
delinea-secret-server,Delinea Secret Server,UC-N-002,UC-N,NATIVE,3,https://docs.delinea.com/online-help/secret-server/discovery/index.htm,"Identify and inventory all privileged accounts across your environment automatically",delinea-ss-discovery-2025,Discovery-driven inventory; secret ownership assignment; access reviews native
delinea-secret-server,Delinea Secret Server,UC-N-003,UC-N,NATIVE,3,https://delinea.com/products/secret-server/features,"Streamline password creation rotation and expiration with out-of-the-box templates",delinea-ss-features-2025,Heartbeat + rotation schedule reports; stale-secret dashboards native
delinea-secret-server,Delinea Secret Server,UC-N-004,UC-N,NATIVE,3,https://delinea.com/products/secret-server,"monitor and audit privileged accounts in a fully featured enterprise-grade vault",delinea-ss-product-2025,Full audit trail; session recording (with PSM); exportable reports for regulators
delinea-secret-server,Delinea Secret Server,UC-N-005,UC-N,ADD-ON,2,https://delinea.com/products/secret-server/features,"Role Based Access Control; MFA at login; MFA on Secrets",delinea-ss-features-2025,Controls map to E8 restrict-admin-privs; no automated E8 scorecard export
delinea-secret-server,Delinea Secret Server,UC-N-006,UC-N,ADD-ON,1,https://delinea.com/products/secret-server/features,,delinea-ss-features-2025,Generic secret storage; no supply-chain risk scoring workflow natively
delinea-secret-server,Delinea Secret Server,UC-N-007,UC-N,ADD-ON,2,https://docs.delinea.com/online-help/secret-server/security-hardening/index.htm,"Data is secured in transit and at rest",delinea-ss-security-2025,Self-hosted enables on-prem AU deployment; Cloud edition US/EU only — AU residency needs self-hosted
delinea-secret-server,Delinea Secret Server,UC-N-008,UC-N,ADD-ON,1,https://delinea.com/products/secret-server/features,,delinea-ss-features-2025,No built-in training/KPI capability; API usage reports available
delinea-secret-server,Delinea Secret Server,UC-N-009,UC-N,NATIVE,2,https://docs.delinea.com/online-help/secret-server/admin/index.htm,"ticketing system integration maintenance capabilities",delinea-ss-admin-2025,Ticketing system integration (ServiceNow etc.); exception workflows via approval
delinea-secret-server,Delinea Secret Server,UC-N-010,UC-N,NATIVE,3,https://docs.delinea.com/online-help/secret-server/security-hardening/index.htm,"Secret Server can operate within a highly available configuration",delinea-ss-security-2025,Unlimited admin mode; dual-control workflow; emergency access with full audit trail
delinea-secret-server,Delinea Secret Server,UC-N-011,UC-N,NATIVE,3,https://delinea.com/products/secret-server,"monitor and audit privileged accounts in a fully featured enterprise-grade vault",delinea-ss-product-2025,Session recording; full audit trail; exportable event logs for forensic RCA
delinea-secret-server,Delinea Secret Server,UC-N-012,UC-N,GAP,0,https://delinea.com/products/secret-server/features,,delinea-ss-features-2025,No SLSA attestation or provenance reporting [INDUSTRY-CONSENSUS]
delinea-secret-server,Delinea Secret Server,UC-N-013,UC-N,GAP,0,https://docs.delinea.com/online-help/secret-server/security-hardening/index.htm,,delinea-ss-security-2025,No PQC roadmap confirmed; AES-256 CBC at rest [INDUSTRY-CONSENSUS]
delinea-secret-server,Delinea Secret Server,UC-N-014,UC-N,N/A,0,https://delinea.com/products/secret-server,,delinea-ss-product-2025,Governance process; not a product capability
delinea-secret-server,Delinea Secret Server,UC-N-015,UC-N,N/A,0,https://delinea.com/products/secret-server,,delinea-ss-product-2025,Governance process; not a product capability
delinea-secret-server,Delinea Secret Server,UC-N-016,UC-N,ADD-ON,1,https://delinea.com/products/secret-server/features,,delinea-ss-features-2025,Limited; custom templates for IoT devices; no fleet-posture reporting natively
delinea-secret-server,Delinea Secret Server,UC-N-017,UC-N,NATIVE,2,https://delinea.com/products/secret-server,"monitor and audit privileged accounts",delinea-ss-product-2025,Audit logs detect secret access anomalies; PBA (Privileged Behaviour Analytics) add-on module
delinea-secret-server,Delinea Secret Server,UC-N-018,UC-N,GAP,0,https://delinea.com/products/secret-server/features,,delinea-ss-features-2025,No TEE/confidential computing capability [INDUSTRY-CONSENSUS]
delinea-secret-server,Delinea Secret Server,UC-N-019,UC-N,ADD-ON,1,https://delinea.com/,"Machine and AI identities now operate continuously and at scale",delinea-home-2025,No native AI-agent KPI; Delinea Platform direction with StrongDM acquisition
delinea-secret-server,Delinea Secret Server,UC-N-020,UC-N,GAP,0,https://delinea.com/products/secret-server/features,,delinea-ss-features-2025,No mainframe credential management [INDUSTRY-CONSENSUS]
aws-secrets-manager,AWS Secrets Manager,NHI-001,NHI,NATIVE,4,https://docs.aws.amazon.com/secretsmanager/latest/userguide/auth-and-access.html,"IAM provides authentication and access control … Secrets Manager uses policies to define who has access to which resources",aws-sm-auth-2024,EC2 instance profiles / ECS task roles / EKS pod identity all consume via IAM role assumption
aws-secrets-manager,AWS Secrets Manager,NHI-002,NHI,NATIVE,4,https://docs.aws.amazon.com/secretsmanager/latest/userguide/integrating.html,"Amazon Elastic Container Service … Amazon Elastic Container Registry … App Runner",aws-sm-eks-2024,EKS IRSA + secrets-store-csi-driver-provider-aws + External Secrets Operator all documented
aws-secrets-manager,AWS Secrets Manager,NHI-003,NHI,NATIVE,4,https://docs.aws.amazon.com/secretsmanager/latest/userguide/retrieving-secrets_github.html,"configure-aws-credentials step … Assume role directly using GitHub OIDC provider … use short-lived credentials",aws-sm-github-2024,GitLab CI OIDC also documented at integrating_gitlab.html
aws-secrets-manager,AWS Secrets Manager,NHI-004,NHI,ADD-ON,2,https://docs.aws.amazon.com/secretsmanager/latest/userguide/integrating.html,"Amazon Elastic Container Registry",aws-sm-ecr-2024,ECR short-lived tokens via IAM roles; non-AWS registry creds stored as opaque secrets; no imagePullSecret sync
aws-secrets-manager,AWS Secrets Manager,NHI-005,NHI,NATIVE,4,https://docs.aws.amazon.com/secretsmanager/latest/userguide/rotate-secrets_managed.html,"Amazon RDS offers managed rotation … Amazon DocumentDB offers managed rotation … Amazon Redshift offers managed rotation",aws-sm-rotation-2024,Managed rotation (no Lambda) for RDS/Aurora/Redshift/DocumentDB; Lambda templates for MySQL/PostgreSQL/Oracle
aws-secrets-manager,AWS Secrets Manager,NHI-006,NHI,ADD-ON,2,https://docs.aws.amazon.com/secretsmanager/latest/userguide/rotate-secrets_managed.html,"Amazon ECS Service Connect offers managed rotation for AWS Private Certificate Authority TLS certificates",aws-ecs-sc-tls-2024,ACM PCA is separate product; no native SPIFFE/SPIRE issuance; ECS Service Connect TLS managed
aws-secrets-manager,AWS Secrets Manager,NHI-007,NHI,NATIVE,3,https://docs.aws.amazon.com/secretsmanager/latest/userguide/intro.html,"helps you manage … OAuth tokens, API keys, and other secrets throughout their lifecycles",aws-sm-intro-2024,Generic opaque storage; Lambda rotation templates for many SaaS types; no out-of-box Salesforce/Workday rotation
aws-secrets-manager,AWS Secrets Manager,NHI-008,NHI,NATIVE,3,https://docs.aws.amazon.com/secretsmanager/latest/userguide/intro.html,"helps you manage … application credentials … API keys, and other secrets throughout their lifecycles",aws-sm-intro-2024,Generic opaque storage; no native git-platform rotation Lambda template (custom required)
aws-secrets-manager,AWS Secrets Manager,NHI-009,NHI,NATIVE,3,https://docs.aws.amazon.com/secretsmanager/latest/userguide/intro.html,"replace hard-coded credentials with a runtime call to the Secrets Manager service",aws-sm-intro-2024,Terraform aws_secretsmanager_secret_version data source; Ansible AWS collection supported
aws-secrets-manager,AWS Secrets Manager,NHI-010,NHI,NATIVE,3,https://docs.aws.amazon.com/secretsmanager/latest/userguide/intro.html,"helps you manage … API keys, and other secrets throughout their lifecycles",aws-sm-intro-2024,Generic storage + Lambda rotation; no out-of-box Datadog/Splunk rotation templates
aws-secrets-manager,AWS Secrets Manager,NHI-011,NHI,NATIVE,3,https://docs.aws.amazon.com/secretsmanager/latest/userguide/integrating.html,"Amazon Managed Streaming for Apache Kafka",aws-sm-integrations-2024,MSK SASL/SCRAM creds natively integrated; SQS/SNS IAM-auth does not require Secrets Manager
aws-secrets-manager,AWS Secrets Manager,NHI-012,NHI,ADD-ON,2,https://docs.aws.amazon.com/secretsmanager/latest/userguide/intro.html,"helps you manage … application credentials … and other secrets",aws-sm-intro-2024,No native AD connector; Lambda rotation can call AD LDAP API; AWS Directory Service integration does not auto-rotate AD passwords
aws-secrets-manager,AWS Secrets Manager,NHI-013,NHI,NATIVE,3,https://docs.aws.amazon.com/secretsmanager/latest/userguide/intro.html,"helps you manage … OAuth tokens, API keys, and other secrets throughout their lifecycles",aws-sm-intro-2024,API Gateway JWT authoriser secrets and SigV4 IAM creds managed via IAM + Secrets Manager
aws-secrets-manager,AWS Secrets Manager,NHI-014,NHI,ADD-ON,1,https://docs.aws.amazon.com/secretsmanager/latest/userguide/intro.html,"helps you manage … application credentials … and other secrets",aws-sm-intro-2024,No native UiPath/Blue Prism connector; opaque storage only; custom Lambda rotation
aws-secrets-manager,AWS Secrets Manager,NHI-015,NHI,GAP,0,https://docs.aws.amazon.com/secretsmanager/latest/userguide/intro.html,"Private keys and certificates – We recommend AWS Certificate Manager",aws-sm-intro-2024,AWS Signer handles code-signing; Secrets Manager explicitly defers certs to ACM; no Sigstore/Authenticode support
aws-secrets-manager,AWS Secrets Manager,NHI-016,NHI,GAP,0,https://docs.aws.amazon.com/secretsmanager/latest/userguide/intro.html,"Private keys and certificates – We recommend AWS Certificate Manager",aws-sm-intro-2024,No SLSA attestation management; build provenance handled by CodeBuild + OIDC patterns separately
aws-secrets-manager,AWS Secrets Manager,NHI-017,NHI,ADD-ON,1,https://docs.aws.amazon.com/secretsmanager/latest/userguide/intro.html,"helps you manage … application credentials … and other secrets",aws-sm-intro-2024,Mesh CA certs can be stored; no native Istio/Linkerd CA rotation integration documented
aws-secrets-manager,AWS Secrets Manager,NHI-018,NHI,NATIVE,3,https://docs.aws.amazon.com/secretsmanager/latest/userguide/security-encryption.html,"If you use a KMS key in an external key store … supports only symmetric encryption KMS keys",aws-sm-encryption-2024,Nitro Enclaves kms:RecipientAttestation condition in KMS key policy gates decryption; documented attestation flow
aws-secrets-manager,AWS Secrets Manager,NHI-019,NHI,ADD-ON,2,https://docs.aws.amazon.com/secretsmanager/latest/userguide/integrating.html,"Amazon SageMaker AI … Amazon Q",aws-sm-integrations-2024,Bedrock/SageMaker agents consume secrets via IAM execution roles; no per-session scoped brokering
aws-secrets-manager,AWS Secrets Manager,NHI-020,NHI,ADD-ON,2,https://docs.aws.amazon.com/secretsmanager/latest/userguide/integrating.html,"Amazon SageMaker AI",aws-sm-integrations-2024,SageMaker model registry tokens stored; no dynamic model-registry credential issuance
aws-secrets-manager,AWS Secrets Manager,NHI-021,NHI,ADD-ON,2,https://docs.aws.amazon.com/secretsmanager/latest/userguide/integrating.html,"AWS IoT SiteWise",aws-sm-integrations-2024,IoT SiteWise integration listed; per-device X.509 via AWS IoT Core (separate); Secrets Manager stores device creds
aws-secrets-manager,AWS Secrets Manager,NHI-022,NHI,GAP,0,https://docs.aws.amazon.com/secretsmanager/latest/userguide/intro.html,"helps you manage … database credentials, application credentials … throughout their lifecycles",aws-sm-intro-2024,No RACF/ACF2/IBM i/z/OS integration; mainframe is structural GAP for all cloud-native vaults
aws-secrets-manager,AWS Secrets Manager,NHI-023,NHI,NATIVE,3,https://docs.aws.amazon.com/secretsmanager/latest/userguide/security-encryption.html,"Secrets Manager uses envelope encryption with AWS KMS keys … 256-bit Advanced Encryption Standard (AES) symmetric data key",aws-sm-encryption-2024,KMS CMK stores TDE master keys; XKS enables BYOK from on-prem HSM; custodian identity credentials stored
aws-secrets-manager,AWS Secrets Manager,NHI-024,NHI,NATIVE,3,https://docs.aws.amazon.com/secretsmanager/latest/userguide/security-encryption.html,"If you use a KMS key in an external key store, cryptographic operations on the KMS key might take longer",aws-sm-encryption-2024,CloudHSM CO/CU/AU identities; KMS quorum-protected key policies; Secrets Manager stores HSM operator credentials
aws-secrets-manager,AWS Secrets Manager,NHI-025,NHI,ADD-ON,2,https://docs.aws.amazon.com/secretsmanager/latest/userguide/rotate-secrets_managed.html,"Amazon ECS Service Connect offers managed rotation for AWS Private Certificate Authority TLS certificates",aws-ecs-sc-tls-2024,AWS Private CA (separate product) manages CA identities; Secrets Manager can store CA admin credentials
aws-secrets-manager,AWS Secrets Manager,NHI-026,NHI,NATIVE,3,https://docs.aws.amazon.com/secretsmanager/latest/userguide/create-manage-multi-region-secrets.html,"You can replicate your secrets in multiple AWS Regions … to meet Regional access and low latency requirements",aws-sm-replication-2024,AWS Backup SLR; cross-region replication for DR; Secrets Manager stores backup admin creds
aws-secrets-manager,AWS Secrets Manager,NHI-027,NHI,ADD-ON,2,https://docs.aws.amazon.com/secretsmanager/latest/userguide/intro.html,"helps you manage … OAuth tokens, API keys, and other secrets throughout their lifecycles",aws-sm-intro-2024,Confidential client secrets stored; no native OBO token exchange broker; custom Lambda required
aws-secrets-manager,AWS Secrets Manager,NHI-028,NHI,GAP,0,https://docs.aws.amazon.com/secretsmanager/latest/userguide/intro.html,"Private keys and certificates – We recommend AWS Certificate Manager",aws-sm-intro-2024,No FAPI 2.0/CDR mTLS cert lifecycle; AWS Private CA requires separate integration; no Open Banking templates
aws-secrets-manager,AWS Secrets Manager,NHI-029,NHI,ADD-ON,2,https://docs.aws.amazon.com/secretsmanager/latest/userguide/intro.html,"helps you manage … application credentials … and other secrets",aws-sm-intro-2024,Generic credential storage and Lambda rotation; no IGA-style attestation or human/machine disambiguation
aws-secrets-manager,AWS Secrets Manager,NHI-030,NHI,GAP,0,https://docs.aws.amazon.com/secretsmanager/latest/userguide/intro.html,"helps you manage … database credentials, application credentials",aws-sm-intro-2024,No SaaS OAuth-app inventory or shadow-integration discovery; not a Secrets Manager feature
aws-secrets-manager,AWS Secrets Manager,NHI-031,NHI,NATIVE,2,https://docs.aws.amazon.com/secretsmanager/latest/userguide/intro.html,"helps you manage … OAuth tokens, API keys, and other secrets throughout their lifecycles",aws-sm-intro-2024,HMAC signing secrets and webhook tokens stored natively; rotation via Lambda; no built-in replay protection
aws-secrets-manager,AWS Secrets Manager,NHI-032,NHI,ADD-ON,1,https://docs.aws.amazon.com/secretsmanager/latest/userguide/intro.html,"helps you manage … application credentials … and other secrets",aws-sm-intro-2024,Generic credential storage; no native TACACS+/RADIUS or network-device rotation templates
aws-secrets-manager,AWS Secrets Manager,NHI-033,NHI,GAP,0,https://docs.aws.amazon.com/secretsmanager/latest/userguide/intro.html,"SSH keys – We recommend Amazon EC2 Instance Connect",aws-sm-intro-2024,No IoT peripheral cert management; AWS IoT Core is the appropriate separate service
aws-secrets-manager,AWS Secrets Manager,NHI-034,NHI,ADD-ON,1,https://docs.aws.amazon.com/secretsmanager/latest/userguide/security-encryption.html,"Secrets Manager uses envelope encryption with AWS KMS keys",aws-sm-encryption-2024,KMS preview of ML-KEM hybrid key exchange (2024); Secrets Manager inherits KMS PQC roadmap; no hybrid-cert management
aws-secrets-manager,AWS Secrets Manager,NHI-035,NHI,NATIVE,3,https://docs.aws.amazon.com/secretsmanager/latest/userguide/auth-and-access.html,"IAM provides authentication and access control … Secrets Manager uses policies to define who has access",aws-sm-auth-2024,IAM SLR for service; KMS-backed (no root-token risk); cross-region replication managed by AWS; SCPs restrict admin ops
aws-secrets-manager,AWS Secrets Manager,NHI-036,NHI,GAP,0,https://docs.aws.amazon.com/secretsmanager/latest/userguide/intro.html,"helps you manage … database credentials, application credentials",aws-sm-intro-2024,No native SPIFFE SVID issuance; SPIRE requires partner tooling; EKS IRSA is analogous but not SVID-based
aws-secrets-manager,AWS Secrets Manager,NHI-037,NHI,ADD-ON,2,https://docs.aws.amazon.com/secretsmanager/latest/userguide/monitoring.html,"Monitor secrets for compliance … AWS Config … AWS Security Hub CSPM",aws-sm-compliance-2024,Config rule secretsmanager-secret-unused; Security Hub surfaces rotation-overdue secrets; no automated dormancy retirement
aws-secrets-manager,AWS Secrets Manager,UC-F-001,UC-F,ADD-ON,2,https://docs.aws.amazon.com/secretsmanager/latest/userguide/retrieving-secrets_github.html,"configure-aws-credentials step … Assume role directly using GitHub OIDC provider",aws-sm-github-2024,No native pre-commit or push-protection; OIDC integration eliminates long-lived CI keys; no repo-scanning
aws-secrets-manager,AWS Secrets Manager,UC-F-002,UC-F,GAP,0,https://docs.aws.amazon.com/secretsmanager/latest/userguide/intro.html,"helps you manage … database credentials, application credentials",aws-sm-intro-2024,No native repo-scanning or historical sweep capability; requires third-party tool (GitGuardian/TruffleHog)
aws-secrets-manager,AWS Secrets Manager,UC-F-003,UC-F,NATIVE,4,https://docs.aws.amazon.com/secretsmanager/latest/userguide/retrieving-secrets_github.html,"Assume role directly using GitHub OIDC provider. This allows you to use short-lived credentials",aws-sm-github-2024,GitHub Actions and GitLab OIDC → IAM role → Secrets Manager fully documented; STS short-lived tokens
aws-secrets-manager,AWS Secrets Manager,UC-F-004,UC-F,GAP,0,https://docs.aws.amazon.com/secretsmanager/latest/userguide/intro.html,"helps you manage … application credentials … and other secrets",aws-sm-intro-2024,No native SPIFFE/SPIRE; EKS IRSA is analogous but not SVID-based; structural GAP for SPIFFE compliance
aws-secrets-manager,AWS Secrets Manager,UC-F-005,UC-F,NATIVE,4,https://docs.aws.amazon.com/secretsmanager/latest/userguide/rotate-secrets_managed.html,"Amazon RDS offers managed rotation … Amazon Aurora … Amazon Redshift … Amazon DocumentDB",aws-sm-rotation-2024,Managed rotation without Lambda for 4 major AWS DB engines; alternating-user strategy documented
aws-secrets-manager,AWS Secrets Manager,UC-F-006,UC-F,NATIVE,4,https://docs.aws.amazon.com/secretsmanager/latest/userguide/rotating-secrets.html,"you can set up automatic rotation for your secrets … cron() expression … rotate a secret as often as every four hours",aws-sm-rotation-2024,Cron/rate schedules; managed rotation; Lambda rotation for generic secrets; rotation window configuration
aws-secrets-manager,AWS Secrets Manager,UC-F-007,UC-F,NATIVE,3,https://docs.aws.amazon.com/secretsmanager/latest/userguide/monitoring.html,"Monitor with CloudWatch … Match Secrets Manager events with EventBridge … Detect threats with GuardDuty",aws-sm-monitoring-2024,IAM deny policies propagate in seconds; deletion immediate; CloudTrail logs all API; EventBridge → SOAR
aws-secrets-manager,AWS Secrets Manager,UC-F-008,UC-F,NATIVE,4,https://docs.aws.amazon.com/secretsmanager/latest/userguide/integrating.html,"Amazon Elastic Container Service … Amazon Elastic Container Registry",aws-sm-eks-2024,Secrets Store CSI Driver (AWS provider) mounts secrets as tmpfs; IRSA authenticates pods; no etcd default encryption (separate)
aws-secrets-manager,AWS Secrets Manager,UC-F-009,UC-F,ADD-ON,2,https://docs.aws.amazon.com/secretsmanager/latest/userguide/integrating.html,"Amazon Elastic Container Registry",aws-sm-ecr-2024,ECR short-lived tokens via IAM roles for EKS nodes/pods; Secrets Manager stores non-AWS registry credentials
aws-secrets-manager,AWS Secrets Manager,UC-F-010,UC-F,NATIVE,3,https://docs.aws.amazon.com/secretsmanager/latest/userguide/intro.html,"replace hard-coded credentials with a runtime call to the Secrets Manager service to retrieve credentials dynamically",aws-sm-intro-2024,Terraform data source; Ansible collection; no native state-file scanner included
aws-secrets-manager,AWS Secrets Manager,UC-F-011,UC-F,NATIVE,3,https://docs.aws.amazon.com/secretsmanager/latest/userguide/rotating-secrets.html,"Rotation by Lambda function – For other types of secrets, Secrets Manager rotation uses a Lambda function",aws-sm-rotation-2024,Generic Lambda rotation for Datadog/Splunk/Dynatrace keys; no out-of-box vendor rotation templates
aws-secrets-manager,AWS Secrets Manager,UC-F-012,UC-F,NATIVE,3,https://docs.aws.amazon.com/secretsmanager/latest/userguide/integrating.html,"Amazon Managed Streaming for Apache Kafka",aws-sm-integrations-2024,MSK + Secrets Manager SASL/SCRAM integration natively documented; EventBridge/SQS/SNS use IAM-auth
aws-secrets-manager,AWS Secrets Manager,UC-F-013,UC-F,GAP,0,https://docs.aws.amazon.com/secretsmanager/latest/userguide/intro.html,"helps you manage … application credentials … and other secrets",aws-sm-intro-2024,No AD connector or gMSA rotation; AWS Directory Service does not expose gMSA through Secrets Manager
aws-secrets-manager,AWS Secrets Manager,UC-F-014,UC-F,NATIVE,3,https://docs.aws.amazon.com/secretsmanager/latest/userguide/intro.html,"helps you manage … OAuth tokens, API keys, and other secrets throughout their lifecycles",aws-sm-intro-2024,API Gateway JWT authoriser secrets; SigV4 IAM creds via IAM; mTLS cert ARNs stored
aws-secrets-manager,AWS Secrets Manager,UC-F-015,UC-F,ADD-ON,1,https://docs.aws.amazon.com/secretsmanager/latest/userguide/intro.html,"helps you manage … application credentials … and other secrets",aws-sm-intro-2024,No UiPath/Blue Prism/Automation Anywhere connector; generic opaque storage only
aws-secrets-manager,AWS Secrets Manager,UC-F-016,UC-F,GAP,0,https://docs.aws.amazon.com/secretsmanager/latest/userguide/intro.html,"Private keys and certificates – We recommend AWS Certificate Manager",aws-sm-intro-2024,AWS Signer is separate; no Sigstore/Fulcio integration; keyless signing not in Secrets Manager scope
aws-secrets-manager,AWS Secrets Manager,UC-F-017,UC-F,NATIVE,3,https://docs.aws.amazon.com/secretsmanager/latest/userguide/security-encryption.html,"If you use a KMS key in an external key store, cryptographic operations on the KMS key might take longer",aws-sm-encryption-2024,Nitro Enclaves kms:RecipientAttestation in KMS key policy gates secret decryption; measurement binding documented
aws-secrets-manager,AWS Secrets Manager,UC-F-018,UC-F,ADD-ON,2,https://docs.aws.amazon.com/secretsmanager/latest/userguide/integrating.html,"Amazon SageMaker AI … Amazon Q",aws-sm-integrations-2024,Bedrock/SageMaker agents use IAM execution roles; no per-session scoped token or prompt-injection audit trail
aws-secrets-manager,AWS Secrets Manager,UC-F-019,UC-F,ADD-ON,2,https://docs.aws.amazon.com/secretsmanager/latest/userguide/integrating.html,"AWS IoT SiteWise",aws-sm-integrations-2024,AWS IoT Core handles DPS/EST/SCEP separately; IoT SiteWise integration listed; Secrets Manager stores device creds
aws-secrets-manager,AWS Secrets Manager,UC-F-020,UC-F,GAP,0,https://docs.aws.amazon.com/secretsmanager/latest/userguide/intro.html,"helps you manage … database credentials, application credentials",aws-sm-intro-2024,No mainframe connector; RACF/IBM i not addressable; structural GAP for all cloud-native vaults
aws-secrets-manager,AWS Secrets Manager,UC-F-021,UC-F,NATIVE,3,https://docs.aws.amazon.com/secretsmanager/latest/userguide/create-manage-multi-region-secrets.html,"replicate your secrets in multiple AWS Regions … to meet Regional access and low latency requirements",aws-sm-replication-2024,AWS Backup SLR; cross-region replication for DR; credentials stored; least-privilege via IAM boundaries
aws-secrets-manager,AWS Secrets Manager,UC-F-022,UC-F,NATIVE,2,https://docs.aws.amazon.com/secretsmanager/latest/userguide/intro.html,"helps you manage … OAuth tokens, API keys, and other secrets throughout their lifecycles",aws-sm-intro-2024,HMAC signing secrets stored; Lambda rotation; no built-in replay-protection enforcement
aws-secrets-manager,AWS Secrets Manager,UC-F-023,UC-F,GAP,0,https://docs.aws.amazon.com/secretsmanager/latest/userguide/intro.html,"helps you manage … application credentials … and other secrets",aws-sm-intro-2024,No TACACS+/RADIUS integration; no network-device rotation templates; custom Lambda required
aws-secrets-manager,AWS Secrets Manager,UC-F-024,UC-F,GAP,0,https://docs.aws.amazon.com/secretsmanager/latest/userguide/intro.html,"Private keys and certificates – We recommend AWS Certificate Manager",aws-sm-intro-2024,No FAPI 2.0/CDR mTLS cert lifecycle; AWS Private CA separate; no Open Banking-specific integration
aws-secrets-manager,AWS Secrets Manager,UC-F-025,UC-F,GAP,0,https://docs.aws.amazon.com/secretsmanager/latest/userguide/intro.html,"helps you manage … database credentials, application credentials",aws-sm-intro-2024,No OAuth-app inventory or shadow-integration discovery; not a Secrets Manager feature
aws-secrets-manager,AWS Secrets Manager,UC-F-026,UC-F,NATIVE,3,https://docs.aws.amazon.com/secretsmanager/latest/userguide/security-encryption.html,"Secrets Manager uses envelope encryption with AWS KMS keys … to protect each secret value",aws-sm-encryption-2024,KMS-backed service; no root-token risk; IAM SCPs restrict admin ops; CloudTrail logs all control-plane actions
aws-secrets-manager,AWS Secrets Manager,UC-F-027,UC-F,ADD-ON,2,https://docs.aws.amazon.com/secretsmanager/latest/userguide/monitoring.html,"Monitor secrets for compliance … AWS Config … AWS Security Hub CSPM",aws-sm-compliance-2024,Config rules secretsmanager-secret-unused + secretsmanager-rotation-enabled-check; no automated retirement pipeline
aws-secrets-manager,AWS Secrets Manager,UC-N-001,UC-N,ADD-ON,2,https://docs.aws.amazon.com/secretsmanager/latest/userguide/monitoring.html,"Monitor secrets for compliance … AWS Security Hub CSPM provides a comprehensive view",aws-sm-compliance-2024,Security Hub + Config dashboard; no native sprawl KPI covering non-AWS repos or multi-cloud
aws-secrets-manager,AWS Secrets Manager,UC-N-002,UC-N,NATIVE,3,https://docs.aws.amazon.com/secretsmanager/latest/userguide/monitoring.html,"Monitor secrets for compliance … IAM Access Analyzer analyzes policies",aws-sm-compliance-2024,Resource Explorer + Config inventory; tags for ownership; no automated owner re-attestation workflow
aws-secrets-manager,AWS Secrets Manager,UC-N-003,UC-N,NATIVE,3,https://docs.aws.amazon.com/secretsmanager/latest/userguide/monitoring.html,"Monitor secrets for compliance … configuring-awsconfig-rules.md",aws-sm-monitoring-2024,Config rule secretsmanager-rotation-enabled-check + CloudWatch metrics; Security Hub aggregates rotation KPIs
aws-secrets-manager,AWS Secrets Manager,UC-N-004,UC-N,NATIVE,3,https://docs.aws.amazon.com/secretsmanager/latest/userguide/secretsmanager-compliance.html,"You can download third-party audit reports using AWS Artifact",aws-sm-compliance-2024,CloudTrail immutable logs; AWS Artifact provides IRAP/SOC/PCI reports; Config compliance timeline for CPS 234
aws-secrets-manager,AWS Secrets Manager,UC-N-005,UC-N,ADD-ON,2,https://docs.aws.amazon.com/secretsmanager/latest/userguide/secretsmanager-compliance.html,"AWS Security Hub CSPM provides a comprehensive view … helps you check your compliance with security industry standards",aws-sm-compliance-2024,Security Hub CSPM maps to CIS benchmarks; no out-of-box Essential 8 scorecard; manual mapping required
aws-secrets-manager,AWS Secrets Manager,UC-N-006,UC-N,ADD-ON,2,https://docs.aws.amazon.com/secretsmanager/latest/userguide/secretsmanager-compliance.html,"You can download third-party audit reports using AWS Artifact",aws-sm-compliance-2024,AWS Artifact vendor attestations; no native SaaS integration risk-scoring within Secrets Manager
aws-secrets-manager,AWS Secrets Manager,UC-N-007,UC-N,NATIVE,4,https://docs.aws.amazon.com/secretsmanager/latest/userguide/create-manage-multi-region-secrets.html,"You can replicate your secrets in multiple AWS Regions … if you use Secrets Manager in special AWS Regions",aws-sm-replication-2024,ap-southeast-2 (Sydney) confirmed; VPC endpoints enforce data-in-region; KMS kms:ViaService locks to regional endpoint
aws-secrets-manager,AWS Secrets Manager,UC-N-008,UC-N,GAP,0,https://docs.aws.amazon.com/secretsmanager/latest/userguide/intro.html,"helps you manage … database credentials, application credentials",aws-sm-intro-2024,Not a Secrets Manager function; AWS Skill Builder provides separate training; no in-product training KPI
aws-secrets-manager,AWS Secrets Manager,UC-N-009,UC-N,ADD-ON,1,https://docs.aws.amazon.com/secretsmanager/latest/userguide/monitoring.html,"Monitor secrets for compliance … AWS Config assesses how well your resource configurations comply",aws-sm-compliance-2024,No native exception register; Config non-compliance findings feed GRC tools via EventBridge; manual process
aws-secrets-manager,AWS Secrets Manager,UC-N-010,UC-N,NATIVE,3,https://docs.aws.amazon.com/secretsmanager/latest/userguide/security-encryption.html,"If you use a KMS key in an external key store … supports only symmetric encryption KMS keys",aws-sm-encryption-2024,CloudHSM quorum auth; KMS M-of-N key policy grants; CloudTrail captures all break-glass API calls
aws-secrets-manager,AWS Secrets Manager,UC-N-011,UC-N,NATIVE,3,https://docs.aws.amazon.com/secretsmanager/latest/userguide/monitoring.html,"Detect threats with GuardDuty … Match Secrets Manager events with EventBridge",aws-sm-monitoring-2024,CloudTrail + GuardDuty + Security Hub provide identity-attributed incident timeline; EventBridge SOAR integration
aws-secrets-manager,AWS Secrets Manager,UC-N-012,UC-N,GAP,0,https://docs.aws.amazon.com/secretsmanager/latest/userguide/intro.html,"Private keys and certificates – We recommend AWS Certificate Manager",aws-sm-intro-2024,No SLSA provenance management; AWS Signer and CodeArtifact are separate services
aws-secrets-manager,AWS Secrets Manager,UC-N-013,UC-N,ADD-ON,2,https://docs.aws.amazon.com/secretsmanager/latest/userguide/security-encryption.html,"Secrets Manager uses envelope encryption with AWS KMS keys",aws-sm-encryption-2024,KMS key inventory via Config; KMS ML-KEM hybrid preview (2024); no crypto-agility dashboard in Secrets Manager
aws-secrets-manager,AWS Secrets Manager,UC-N-014,UC-N,N/A,0,,,,"Not applicable — vendor-evaluation matrix maintenance is a procurement/governance process not a product feature"
aws-secrets-manager,AWS Secrets Manager,UC-N-015,UC-N,N/A,0,,,,"Not applicable — stakeholder communications cadence is an organisational process not a product feature"
aws-secrets-manager,AWS Secrets Manager,UC-N-016,UC-N,ADD-ON,2,https://docs.aws.amazon.com/secretsmanager/latest/userguide/integrating.html,"AWS IoT SiteWise",aws-sm-integrations-2024,AWS IoT Device Defender provides fleet posture (separate service); Secrets Manager stores device credentials
aws-secrets-manager,AWS Secrets Manager,UC-N-017,UC-N,ADD-ON,2,https://docs.aws.amazon.com/secretsmanager/latest/userguide/monitoring.html,"Monitor with CloudWatch … Monitor secrets for compliance",aws-sm-monitoring-2024,CloudWatch metric filters can detect secret patterns in logs; no native log-scrubbing enforcement at agent tier
aws-secrets-manager,AWS Secrets Manager,UC-N-018,UC-N,NATIVE,3,https://docs.aws.amazon.com/secretsmanager/latest/userguide/security-encryption.html,"Secrets Manager uses envelope encryption with AWS KMS keys … data key",aws-sm-encryption-2024,Nitro Enclaves attestation logs in CloudTrail; KMS policy enforces attestation condition; periodic policy review supported
aws-secrets-manager,AWS Secrets Manager,UC-N-019,UC-N,GAP,0,https://docs.aws.amazon.com/secretsmanager/latest/userguide/integrating.html,"Amazon SageMaker AI … Amazon Q",aws-sm-integrations-2024,No AI-agent KPI suite; Bedrock CloudTrail logs invocation but not per-tool credential issuance volume
aws-secrets-manager,AWS Secrets Manager,UC-N-020,UC-N,GAP,0,https://docs.aws.amazon.com/secretsmanager/latest/userguide/intro.html,"helps you manage … database credentials, application credentials",aws-sm-intro-2024,No mainframe integration; legacy posture for non-AWS identities not addressable; structural GAP
azure-key-vault,Azure Key Vault,NHI-001,NHI,NATIVE,4,https://learn.microsoft.com/azure/key-vault/general/authentication,Managed identities for Azure resources is the recommended pattern to authenticate to Key Vault from Azure workloads,akv-auth-2025,System-assigned and user-assigned managed identities; Entra ID mandatory
azure-key-vault,Azure Key Vault,NHI-002,NHI,NATIVE,4,https://learn.microsoft.com/azure/aks/workload-identity-overview,Workload ID integrates with capabilities native to Kubernetes to federate with external identity providers,aks-workload-identity-2025;aks-csi-driver-2025,AKS OIDC Workload Identity + CSI Secrets Store Driver; GA
azure-key-vault,Azure Key Vault,NHI-003,NHI,NATIVE,3,https://learn.microsoft.com/azure/active-directory/workload-identities/workload-identity-federation,Configure a user-assigned managed identity to trust tokens from an external identity provider such as GitHub,akv-wif-2025,Supports GitHub Actions / GitLab / Google / any OIDC IdP; no stored secrets
azure-key-vault,Azure Key Vault,NHI-004,NHI,ADD-ON,2,https://learn.microsoft.com/azure/key-vault/general/developers-guide,Key Vault provides a secure store for secrets and can integrate with storage accounts event hubs and log analytics,akv-dev-guide-2025,ACR admin creds stored as secrets; no per-workload image-pull token issuance
azure-key-vault,Azure Key Vault,NHI-005,NHI,ADD-ON,2,https://learn.microsoft.com/azure/key-vault/secrets/tutorial-rotation,This tutorial rotates SQL Server passwords stored in Azure Key Vault by using a function triggered by Azure Event Grid,akv-rotation-2025,Static-secret rotation pattern only; no dynamic DB credential broker
azure-key-vault,Azure Key Vault,NHI-006,NHI,NATIVE,3,https://learn.microsoft.com/azure/key-vault/certificates/about-certificates,Key Vault manages and distributes digital certificates used to secure communications,akv-certs-about-2025,DigiCert/GlobalSign integrated CAs; auto-renew; mTLS cert lifecycle managed
azure-key-vault,Azure Key Vault,NHI-007,NHI,NATIVE,3,https://learn.microsoft.com/azure/key-vault/secrets/secrets-best-practices,Secrets should be stored in Key Vault and accessed using managed identities,akv-secrets-best-practices-2025,Versioned secrets; Managed Identity access; no third-party rotation broker built in
azure-key-vault,Azure Key Vault,NHI-008,NHI,NATIVE,2,https://learn.microsoft.com/azure/key-vault/secrets/secrets-best-practices,Secrets should be stored in Key Vault and accessed using managed identities,akv-secrets-best-practices-2025,PAT/SSH keys stored as secrets; rotation requires custom Event Grid + Function
azure-key-vault,Azure Key Vault,NHI-009,NHI,NATIVE,3,https://learn.microsoft.com/azure/key-vault/general/developers-guide,Retrieve Key Vault secrets in Terraform using the azurerm_key_vault_secret data source,akv-dev-guide-2025,Terraform / Ansible / Bicep / ARM integrations GA; secrets injected at apply-time
azure-key-vault,Azure Key Vault,NHI-010,NHI,NATIVE,3,https://learn.microsoft.com/azure/key-vault/general/logging,Azure Key Vault logs store activity with the identity of the caller,akv-logging-2025,Azure Monitor agents use Managed Identity; third-party agent creds stored in KV
azure-key-vault,Azure Key Vault,NHI-011,NHI,ADD-ON,2,https://learn.microsoft.com/azure/key-vault/general/developers-guide,Key Vault can integrate with storage accounts event hubs and log analytics,akv-dev-guide-2025,Service Bus SAS keys stored; Managed Identity eliminates static keys for Azure services
azure-key-vault,Azure Key Vault,NHI-012,NHI,ADD-ON,2,https://learn.microsoft.com/azure/key-vault/general/developers-guide,Key Vault provides a secure store for application secrets,akv-dev-guide-2025,AD passwords stored; rotation via custom function; no gMSA native integration
azure-key-vault,Azure Key Vault,NHI-013,NHI,NATIVE,3,https://learn.microsoft.com/azure/key-vault/general/developers-guide,Azure API Management can access Key Vault certificates and secrets using managed identities,akv-dev-guide-2025,APIM natively retrieves KV certs/secrets; TLS cert auto-renewal supported
azure-key-vault,Azure Key Vault,NHI-014,NHI,ADD-ON,2,https://learn.microsoft.com/azure/key-vault/secrets/secrets-best-practices,Store all credentials in Key Vault and access using managed identities,akv-secrets-best-practices-2025,RPA creds stored; no native UiPath/Blue Prism integration; custom connector required
azure-key-vault,Azure Key Vault,NHI-015,NHI,ADD-ON,2,https://learn.microsoft.com/azure/key-vault/keys/about-keys,Key Vault supports RSA EC and symmetric keys for cryptographic operations including signing,akv-keys-2025,Keys used for code signing via Azure Trusted Signing; lifecycle via KV certs
azure-key-vault,Azure Key Vault,NHI-016,NHI,PARTNER,1,https://learn.microsoft.com/azure/active-directory/workload-identities/workload-identity-federation,Workload Identity Federation enables keyless authentication from external identity providers,akv-wif-2025,No native SLSA; GitHub Actions OIDC + KV signing = partner-assembled path
azure-key-vault,Azure Key Vault,NHI-017,NHI,ADD-ON,2,https://learn.microsoft.com/azure/aks/csi-secrets-store-driver,Azure Key Vault Provider for Secrets Store CSI Driver mounts secrets directly into pods,aks-csi-driver-2025,Istio/Linkerd cert issuance via CSI driver or cert-manager; no native mesh CA
azure-key-vault,Azure Key Vault,NHI-018,NHI,NATIVE,3,https://learn.microsoft.com/azure/key-vault/managed-hsm/managed-hsm-technical-details,Only the customer by presenting a quorum of their RSA keys to the TEE can decrypt the security domain,akv-hsm-tech-2025,Managed HSM runs in Intel SGX TEE; security domain TEE-protected
azure-key-vault,Azure Key Vault,NHI-019,NHI,NATIVE,3,https://learn.microsoft.com/azure/key-vault/general/authentication,Managed identities for Azure resources is the recommended pattern to authenticate workloads,akv-auth-2025,Azure OpenAI / AI Foundry use Managed Identity; Entra Workload ID for agentic frameworks
azure-key-vault,Azure Key Vault,NHI-020,NHI,ADD-ON,2,https://learn.microsoft.com/azure/key-vault/general/developers-guide,Azure Machine Learning uses Key Vault as its backing secrets store,akv-dev-guide-2025,Azure ML workspace uses KV for model registry creds; managed by Azure ML not directly KV
azure-key-vault,Azure Key Vault,NHI-021,NHI,ADD-ON,2,https://learn.microsoft.com/azure/key-vault/certificates/about-certificates,IoT and networking devices protect and secure your devices by using certificates for authentication,akv-certs-about-2025,IoT Hub device creds stored; no native DPS-to-KV cert lifecycle
azure-key-vault,Azure Key Vault,NHI-022,NHI,GAP,0,https://learn.microsoft.com/azure/key-vault/general/overview,,akv-overview-2025,No documented mainframe (RACF/ACF2/TopSecret) integration. GAP for XYZ mainframe estate.
azure-key-vault,Azure Key Vault,NHI-023,NHI,NATIVE,4,https://learn.microsoft.com/azure/key-vault/general/overview,Always Encrypted and Transparent Data Encryption functionality uses Key Vault for customer-managed keys,akv-overview-2025,Azure SQL TDE CMK + Always Encrypted column-level key management; GA
azure-key-vault,Azure Key Vault,NHI-024,NHI,NATIVE,4,https://learn.microsoft.com/azure/key-vault/managed-hsm/built-in-roles,Managed HSM Administrator grants permissions to perform all operations related to the security domain,akv-hsm-roles-2025,Managed HSM local RBAC with Admin/Crypto Officer/User separation; Shamir M-of-N quorum
azure-key-vault,Azure Key Vault,NHI-025,NHI,NATIVE,3,https://learn.microsoft.com/azure/key-vault/certificates/certificate-scenarios,DigiCert - Key Vault offers OV TLS/SSL certificates. GlobalSign - Key Vault offers OV TLS/SSL certificates,akv-certs-2025,Certificate issuer resources represent CA accounts; DigiCert + GlobalSign integrated
azure-key-vault,Azure Key Vault,NHI-026,NHI,NATIVE,3,https://learn.microsoft.com/azure/key-vault/managed-hsm/backup-restore,Create the Managed HSM and associate the managed identity,akv-hsm-backup-2025,Managed HSM backup via user-assigned managed identity; RBAC-scoped to Blob Storage
azure-key-vault,Azure Key Vault,NHI-027,NHI,NATIVE,3,https://learn.microsoft.com/azure/key-vault/general/authentication,Managed identities for Azure resources is the recommended pattern to authenticate to Key Vault,akv-auth-2025,BFF services use Managed Identity; OBO token flow via Entra ID
azure-key-vault,Azure Key Vault,NHI-028,NHI,GAP,0,https://learn.microsoft.com/azure/key-vault/certificates/about-certificates,,akv-certs-about-2025,No FAPI 2.0 / CDR CA integration. mTLS client certs stored but no FAPI-specific lifecycle. GAP.
azure-key-vault,Azure Key Vault,NHI-029,NHI,ADD-ON,2,https://learn.microsoft.com/azure/key-vault/secrets/secrets-best-practices,Store all credentials including shared service account passwords in Key Vault,akv-secrets-best-practices-2025,Shared account passwords stored; no check-in/check-out controls — requires CyberArk/Delinea overlay
azure-key-vault,Azure Key Vault,NHI-030,NHI,NATIVE,2,https://learn.microsoft.com/azure/key-vault/general/authentication,OAuth client secrets can be stored and retrieved from Key Vault using managed identities,akv-auth-2025,OAuth client secrets stored; Entra App Registrations govern lifecycle separately
azure-key-vault,Azure Key Vault,NHI-031,NHI,ADD-ON,2,https://learn.microsoft.com/azure/key-vault/secrets/secrets-best-practices,Secrets should be stored in Key Vault,akv-secrets-best-practices-2025,HMAC secrets stored; rotation via custom function
azure-key-vault,Azure Key Vault,NHI-032,NHI,ADD-ON,2,https://learn.microsoft.com/azure/key-vault/general/developers-guide,Key Vault provides a secure store for application secrets,akv-dev-guide-2025,Network device creds stored as secrets; no TACACS+/RADIUS native integration
azure-key-vault,Azure Key Vault,NHI-033,NHI,GAP,0,https://learn.microsoft.com/azure/key-vault/general/overview,,akv-overview-2025,No documented printer/spooler credential lifecycle management integration. GAP.
azure-key-vault,Azure Key Vault,NHI-034,NHI,ADD-ON,1,https://learn.microsoft.com/azure/key-vault/keys/about-keys,Key Vault supports RSA EC and symmetric key types,akv-keys-2025,No PQC key types in GA; Microsoft PQC roadmap announced; FIPS 140-3 L3 firmware positions for future PQC
azure-key-vault,Azure Key Vault,NHI-035,NHI,NATIVE,3,https://learn.microsoft.com/azure/key-vault/general/overview,Key Vault is the recommended store for application secrets and cryptographic keys,akv-overview-2025,Key Vault is the secrets broker; Managed Identity used to access KV; no external broker needed
azure-key-vault,Azure Key Vault,NHI-036,NHI,GAP,0,https://learn.microsoft.com/azure/active-directory/workload-identities/workload-identity-federation,,akv-wif-2025,No native SPIFFE/SPIRE support. Entra Workload ID is Azure-native analogue but not SPIFFE-spec compliant.
azure-key-vault,Azure Key Vault,NHI-037,NHI,ADD-ON,2,https://learn.microsoft.com/azure/key-vault/general/security-features,Azure Key Vault provides security recommendations,akv-security-2025,No built-in orphan detection; Defender CSPM + Entra Access Reviews supplement; custom Log Analytics queries
azure-key-vault,Azure Key Vault,UC-F-001,UC-F,NATIVE,4,https://learn.microsoft.com/azure/key-vault/general/authentication,Managed identities for Azure resources eliminates the need to manage credentials in code,akv-auth-2025,Eliminates credential embedding; Azure DevOps + GitHub Actions native integrations GA
azure-key-vault,Azure Key Vault,UC-F-002,UC-F,PARTNER,2,https://learn.microsoft.com/azure/key-vault/general/security-features,Azure Defender for Key Vault provides advanced threat protection,akv-security-2025,No built-in secret-scanning; Microsoft Defender for DevOps covers git history scanning as partner service
azure-key-vault,Azure Key Vault,UC-F-003,UC-F,NATIVE,4,https://learn.microsoft.com/azure/active-directory/workload-identities/workload-identity-federation,Use workload identity federation to configure a managed identity to trust tokens from an external identity provider,akv-wif-2025,Workload Identity Federation: OIDC token → Entra token; no stored secrets; JIT access to KV data plane
azure-key-vault,Azure Key Vault,UC-F-004,UC-F,GAP,0,https://learn.microsoft.com/azure/aks/workload-identity-overview,,aks-workload-identity-2025,No native SPIFFE/SPIRE. AKS OIDC Issuer is functional substitute but not SPIFFE-spec compliant.
azure-key-vault,Azure Key Vault,UC-F-005,UC-F,GAP,0,https://learn.microsoft.com/azure/key-vault/secrets/tutorial-rotation,,akv-rotation-2025,No dynamic DB credential broker with TTL leases. Static-secret rotation via Event Grid + Function only.
azure-key-vault,Azure Key Vault,UC-F-006,UC-F,NATIVE,3,https://learn.microsoft.com/azure/key-vault/general/autorotation,Key Vault publishes a near expiry event to Event Grid which triggers a function to generate a new secret,akv-autorotation-2025;akv-rotation-2025,Event Grid near-expiry → Azure Function rotation pattern; Storage Account key rotation managed natively
azure-key-vault,Azure Key Vault,UC-F-007,UC-F,NATIVE,3,https://learn.microsoft.com/azure/key-vault/general/key-vault-recovery,Enable soft delete and purge protection to prevent accidental or malicious deletion of key vault objects,akv-recovery-2025,Disable/delete secret version immediately; soft-delete + purge protection; CRL/OCSP via integrated CAs
azure-key-vault,Azure Key Vault,UC-F-008,UC-F,NATIVE,4,https://learn.microsoft.com/azure/aks/csi-secrets-store-driver,Secrets Store CSI Driver mounts secrets directly into pods without creating Kubernetes Secret objects,aks-csi-driver-2025,CSI driver mounts KV secrets as volumes; never written as plaintext K8s Secret objects (unless sync enabled)
azure-key-vault,Azure Key Vault,UC-F-009,UC-F,ADD-ON,2,https://learn.microsoft.com/azure/key-vault/general/developers-guide,Azure Container Registry integrates with Key Vault using managed identities,akv-dev-guide-2025,ACR uses Managed Identity for image pull; admin creds stored in KV; no per-workload token issuance
azure-key-vault,Azure Key Vault,UC-F-010,UC-F,NATIVE,3,https://learn.microsoft.com/azure/key-vault/general/developers-guide,Retrieve Key Vault secrets in Terraform using the azurerm_key_vault_secret data source,akv-dev-guide-2025,Terraform azurerm / Ansible azure_rm / Bicep / ARM Key Vault reference syntax; GA
azure-key-vault,Azure Key Vault,UC-F-011,UC-F,NATIVE,3,https://learn.microsoft.com/azure/key-vault/general/logging,Azure Key Vault logs store activity with the identity of the caller and results,akv-logging-2025,Azure Monitor agents use Managed Identity; third-party creds stored and rotated via Event Grid + Function
azure-key-vault,Azure Key Vault,UC-F-012,UC-F,ADD-ON,2,https://learn.microsoft.com/azure/key-vault/general/developers-guide,Key Vault can integrate with storage accounts event hubs and log analytics,akv-dev-guide-2025,Service Bus SAS/connection-string secrets stored; Managed Identity eliminates static keys for Azure services
azure-key-vault,Azure Key Vault,UC-F-013,UC-F,ADD-ON,2,https://learn.microsoft.com/azure/key-vault/general/developers-guide,Key Vault provides a secure store for application secrets,akv-dev-guide-2025,gMSA managed by AD; KV stores supplementary secrets; no native gMSA integration
azure-key-vault,Azure Key Vault,UC-F-014,UC-F,NATIVE,3,https://learn.microsoft.com/azure/key-vault/general/developers-guide,Azure API Management can access Key Vault certificates and secrets using managed identities,akv-dev-guide-2025,APIM natively retrieves KV certs/secrets; TLS cert auto-renewal + backend auth via Managed Identity
azure-key-vault,Azure Key Vault,UC-F-015,UC-F,ADD-ON,2,https://learn.microsoft.com/azure/key-vault/secrets/secrets-best-practices,Store all credentials in Key Vault and access using managed identities,akv-secrets-best-practices-2025,RPA creds stored in KV; no native UiPath/Blue Prism integration; custom retrieval per bot framework
azure-key-vault,Azure Key Vault,UC-F-016,UC-F,ADD-ON,2,https://learn.microsoft.com/azure/key-vault/keys/about-keys,Key Vault supports RSA EC and symmetric key types for cryptographic operations including signing,akv-keys-2025,Azure Trusted Signing (preview) uses KV keys; Sigstore keyless model not natively supported
azure-key-vault,Azure Key Vault,UC-F-017,UC-F,NATIVE,3,https://learn.microsoft.com/azure/key-vault/managed-hsm/managed-hsm-technical-details,Only the customer by presenting a quorum of their RSA keys to the TEE can decrypt the security domain,akv-hsm-tech-2025,Managed HSM in Intel SGX TEE; security domain bound to TEE; Confidential Computing attestation integration
azure-key-vault,Azure Key Vault,UC-F-018,UC-F,NATIVE,3,https://learn.microsoft.com/azure/key-vault/general/authentication,Managed identities for Azure resources is the recommended pattern to authenticate workloads to Key Vault,akv-auth-2025,Azure OpenAI / AI Foundry use Managed Identity; Entra Workload ID enables agentic OIDC flows
azure-key-vault,Azure Key Vault,UC-F-019,UC-F,ADD-ON,2,https://learn.microsoft.com/azure/key-vault/certificates/about-certificates,IoT and networking devices protect and secure devices using certificates for authentication,akv-certs-about-2025,IoT Hub device creds stored in KV; no native DPS-to-KV cert lifecycle management
azure-key-vault,Azure Key Vault,UC-F-020,UC-F,GAP,0,https://learn.microsoft.com/azure/key-vault/general/overview,,akv-overview-2025,No documented mainframe (RACF/ACF2/JES) credential rotation integration. GAP.
azure-key-vault,Azure Key Vault,UC-F-021,UC-F,NATIVE,3,https://learn.microsoft.com/azure/key-vault/managed-hsm/backup-restore,Provide Storage Blob Data Contributor role access to the user-assigned managed identity,akv-hsm-backup-2025,Managed HSM backup uses user-assigned MI scoped to Blob Storage; RBAC least-privilege enforced
azure-key-vault,Azure Key Vault,UC-F-022,UC-F,ADD-ON,2,https://learn.microsoft.com/azure/key-vault/secrets/secrets-best-practices,Store all application secrets in Key Vault,akv-secrets-best-practices-2025,HMAC secrets stored; no native webhook-signature verification service; custom Azure Function required
azure-key-vault,Azure Key Vault,UC-F-023,UC-F,ADD-ON,2,https://learn.microsoft.com/azure/key-vault/general/developers-guide,Key Vault provides a secure store for application secrets,akv-dev-guide-2025,Network device passwords stored; rotation via custom function or Ansible; no TACACS+ native integration
azure-key-vault,Azure Key Vault,UC-F-024,UC-F,GAP,0,https://learn.microsoft.com/azure/key-vault/certificates/about-certificates,,akv-certs-about-2025,KV stores mTLS client certs; no FAPI 2.0 / CDR-specific CA integration or DPoP key management. GAP.
azure-key-vault,Azure Key Vault,UC-F-025,UC-F,ADD-ON,2,https://learn.microsoft.com/azure/key-vault/general/authentication,OAuth client secrets can be stored and retrieved using managed identities,akv-auth-2025,OAuth client secrets stored; Entra App Registrations govern lifecycle separately; no unified governance dashboard
azure-key-vault,Azure Key Vault,UC-F-026,UC-F,NATIVE,3,https://learn.microsoft.com/azure/key-vault/managed-hsm/built-in-roles,Managed HSM Administrator Crypto Officer and Crypto User roles enforce separation of duties,akv-hsm-roles-2025,Managed HSM local RBAC enforces SoD; KV hardened by Entra RBAC; no privileged admin session recording
azure-key-vault,Azure Key Vault,UC-F-027,UC-F,ADD-ON,2,https://learn.microsoft.com/azure/key-vault/general/logging,Azure Key Vault logs store activity with the identity of the caller,akv-logging-2025,No orphan detection; Defender CSPM + Entra Access Reviews supplement; custom last-access via Log Analytics
azure-key-vault,Azure Key Vault,UC-N-001,UC-N,ADD-ON,2,https://learn.microsoft.com/azure/key-vault/general/logging,Route Key Vault logs to Azure Storage accounts Log Analytics workspaces or Event Hubs,akv-logging-2025,Azure Monitor + Log Analytics KQL queries on KV audit logs; no out-of-box KPI dashboard; custom workbooks
azure-key-vault,Azure Key Vault,UC-N-002,UC-N,ADD-ON,2,https://learn.microsoft.com/azure/key-vault/general/rbac-guide,Azure RBAC enables fine-grained access control for Key Vault resources,akv-rbac-2025,Azure Resource Graph enumerates KV objects; no ownership attestation workflow; requires Entra Access Reviews
azure-key-vault,Azure Key Vault,UC-N-003,UC-N,ADD-ON,2,https://learn.microsoft.com/azure/key-vault/general/autorotation,Key Vault publishes a near expiry event to Event Grid,akv-autorotation-2025,Expiry events via Event Grid; Log Analytics tracks last-rotation; no out-of-box freshness KPI report
azure-key-vault,Azure Key Vault,UC-N-004,UC-N,NATIVE,3,https://learn.microsoft.com/azure/key-vault/general/logging,Azure Key Vault logs every authenticated REST API request and stores it in Azure Monitor,akv-logging-2025,Full diagnostic logs to Log Analytics; 90-day immutable audit trail; Defender for Cloud compliance reports
azure-key-vault,Azure Key Vault,UC-N-005,UC-N,ADD-ON,2,https://learn.microsoft.com/azure/compliance/offerings/offering-australia-irap,Azure was IRAP assessed and certified at the PROTECTED level for Australian regions,azure-irap-2025,Defender for Cloud Secure Score maps to Essential Eight; KV contributes to Application Control and MFA categories
azure-key-vault,Azure Key Vault,UC-N-006,UC-N,ADD-ON,2,https://learn.microsoft.com/azure/key-vault/general/security-features,Azure Key Vault is designed to store application secrets and cryptographic keys with high security,akv-security-2025,Microsoft publishes supply chain integrity docs; KV service supply chain not independently attestable by customers
azure-key-vault,Azure Key Vault,UC-N-007,UC-N,NATIVE,4,https://learn.microsoft.com/azure/key-vault/general/overview-security-worlds,Key Vault data is geo-bounded within the selected Azure region geographic boundary,akv-security-worlds-2025;azure-irap-2025,Data in AU East/Southeast/Central stays within Australian geographic boundary; IRAP PROTECTED assessed
azure-key-vault,Azure Key Vault,UC-N-008,UC-N,N/A,0,https://learn.microsoft.com/azure/key-vault/general/overview,,akv-overview-2025,Organisational process; Microsoft Learn training paths available but not a product KPI feature
azure-key-vault,Azure Key Vault,UC-N-009,UC-N,GAP,0,https://learn.microsoft.com/azure/key-vault/general/overview,,akv-overview-2025,No built-in exception register or risk-acceptance workflow; requires GRC tooling (ServiceNow/Archer) overlay
azure-key-vault,Azure Key Vault,UC-N-010,UC-N,NATIVE,4,https://learn.microsoft.com/azure/key-vault/managed-hsm/managed-hsm-technical-details,The customer by presenting a quorum of their RSA keys to the TEE can decrypt the security domain,akv-hsm-tech-2025;akv-hsm-roles-2025,Managed HSM security domain: Shamir M-of-N quorum; local RBAC Admin for break-glass; role separation enforced
azure-key-vault,Azure Key Vault,UC-N-011,UC-N,NATIVE,3,https://learn.microsoft.com/azure/key-vault/general/logging,Azure Key Vault logs every authenticated request with caller identity result and timestamp,akv-logging-2025,Diagnostic logs record every REST operation with caller identity; Log Analytics enables forensic KQL queries
azure-key-vault,Azure Key Vault,UC-N-012,UC-N,PARTNER,1,https://learn.microsoft.com/azure/active-directory/workload-identities/workload-identity-federation,Workload Identity Federation enables OIDC-based keyless authentication,akv-wif-2025,No SLSA provenance native to KV; GitHub Actions + OIDC + KV signing = partner-assembled path
azure-key-vault,Azure Key Vault,UC-N-013,UC-N,ADD-ON,1,https://learn.microsoft.com/azure/key-vault/managed-hsm/overview,Managed HSM fleet has been updated to FIPS 140-3 level 3 validated firmware,akv-managed-hsm-2025,No PQC key types in GA; FIPS 140-3 L3 firmware positions for future PQC; Microsoft PQC roadmap announced
azure-key-vault,Azure Key Vault,UC-N-014,UC-N,N/A,0,https://learn.microsoft.com/azure/key-vault/general/overview,,akv-overview-2025,Meta-process activity; not a Key Vault product capability
azure-key-vault,Azure Key Vault,UC-N-015,UC-N,N/A,0,https://learn.microsoft.com/azure/key-vault/general/overview,,akv-overview-2025,Organisational process; not a Key Vault product capability
azure-key-vault,Azure Key Vault,UC-N-016,UC-N,ADD-ON,2,https://learn.microsoft.com/azure/key-vault/certificates/about-certificates,IoT and networking devices protect and secure devices using certificates,akv-certs-about-2025,Azure IoT Hub + Defender for IoT provides fleet posture; KV stores device creds; no unified IoT + KV posture report
azure-key-vault,Azure Key Vault,UC-N-017,UC-N,ADD-ON,2,https://learn.microsoft.com/azure/key-vault/managed-hsm/best-practices,Integrate with Microsoft Sentinel for threat detection and compliance reporting,akv-hsm-bestpractices-2025,Azure Monitor + Sentinel configured to alert on access anomalies; no built-in secret-leak detection in KV logs
azure-key-vault,Azure Key Vault,UC-N-018,UC-N,NATIVE,3,https://learn.microsoft.com/azure/key-vault/managed-hsm/managed-hsm-technical-details,The HFC service creates three HSM instances running in Intel SGX Trusted Execution Environments,akv-hsm-tech-2025,Managed HSM cryptographic ops in Intel SGX TEE; attestation evidence in security domain; Confidential Ledger integration
azure-key-vault,Azure Key Vault,UC-N-019,UC-N,ADD-ON,2,https://learn.microsoft.com/azure/key-vault/general/authentication,Managed identities for Azure resources is the recommended pattern to authenticate workloads,akv-auth-2025,Azure AI Foundry + MI accesses KV; no AI-agent-specific KPI dashboard for credential usage
azure-key-vault,Azure Key Vault,UC-N-020,UC-N,GAP,0,https://learn.microsoft.com/azure/key-vault/general/overview,,akv-overview-2025,No mainframe integration; no posture reporting for mainframe identities in KV or Azure Monitor. GAP.
gcp-secret-manager,Google Cloud Secret Manager,NHI-001,NHI,NATIVE,4,https://cloud.google.com/secret-manager/docs/access-control,"roles/secretmanager.secretAccessor … Allows accessing the payload of secrets … can grant this role at secret level",gcp-sm-access-2025,Service accounts receive ADC from metadata server; no JSON key files required on GCE/GKE/Cloud Run
gcp-secret-manager,Google Cloud Secret Manager,NHI-002,NHI,NATIVE,4,https://cloud.google.com/kubernetes-engine/docs/concepts/workload-identity,"GKE metadata server … exchanges the JWT for a short-lived federated access token … references the identity of the Kubernetes workload",gcp-gke-wi-2025,Secrets Store CSI Driver (GCP provider) enables file/env mount; no exported key files required
gcp-secret-manager,Google Cloud Secret Manager,NHI-003,NHI,NATIVE,4,https://cloud.google.com/iam/docs/workload-identity-federation,"federate workloads … OIDC … upload OIDC JSON Web Key Sets … common if you have Terraform or GitHub Enterprise",gcp-wif-2025,Supports GitHub Actions; GitLab CI; Terraform Cloud; CircleCI; any OIDC IDP; short-lived token exchange
gcp-secret-manager,Google Cloud Secret Manager,NHI-004,NHI,ADD-ON,2,https://cloud.google.com/secret-manager/docs/using-other-products,"Use Secret Manager with other products",gcp-sm-integrations-2025,Container image-pull creds stored as opaque secrets; no imagePullSecret auto-sync; Artifact Registry uses IAM SA tokens directly
gcp-secret-manager,Google Cloud Secret Manager,NHI-005,NHI,ADD-ON,2,https://cloud.google.com/secret-manager/docs/best-practices,"Use Secret Manager to store secrets … applications retrieve secrets at runtime",gcp-sm-best-practices-2025,No native dynamic DB credential engine; Cloud SQL IAM auth + Secret Manager is pattern; no lease/TTL engine
gcp-secret-manager,Google Cloud Secret Manager,NHI-006,NHI,ADD-ON,2,https://cloud.google.com/certificate-authority-service/docs/ca-service-overview,"Certificate Authority Service … issue and manage X.509 certificates",gcp-cas-2025,CAS + Cloud HSM for cert issuance; Secret Manager stores static TLS assets; not integrated with cert lifecycle automation
gcp-secret-manager,Google Cloud Secret Manager,NHI-007,NHI,NATIVE,4,https://cloud.google.com/secret-manager/docs/access-control,"Allows accessing the payload of secrets",gcp-sm-access-2025,Third-party SaaS API keys stored as versioned secrets; IAM SA access; rotation via Pub/Sub notifications
gcp-secret-manager,Google Cloud Secret Manager,NHI-008,NHI,NATIVE,3,https://cloud.google.com/secret-manager/docs/access-control,"roles/secretmanager.secretAccessor … secretmanager.versions.access",gcp-sm-access-2025,Git PATs/SSH keys stored as secrets; access scoped per-secret; rotation notifications supported
gcp-secret-manager,Google Cloud Secret Manager,NHI-009,NHI,NATIVE,3,https://cloud.google.com/secret-manager/docs/using-other-products,"Use Secret Manager with other products",gcp-sm-integrations-2025,Terraform / Ansible can call SM API or use Workload Identity Federation; Config Connector and Deployment Manager supported
gcp-secret-manager,Google Cloud Secret Manager,NHI-010,NHI,NATIVE,3,https://cloud.google.com/secret-manager/docs/access-control,"roles/secretmanager.secretAccessor … can grant this role at secret level",gcp-sm-access-2025,Monitoring agent credentials stored as secrets; IAM SA per agent; scoped access
gcp-secret-manager,Google Cloud Secret Manager,NHI-011,NHI,NATIVE,3,https://cloud.google.com/secret-manager/docs/access-control,"roles/secretmanager.secretAccessor … Allows accessing the payload of secrets",gcp-sm-access-2025,Pub/Sub client credentials stored as secrets; Pub/Sub itself uses IAM SA identity
gcp-secret-manager,Google Cloud Secret Manager,NHI-012,NHI,ADD-ON,2,https://cloud.google.com/secret-manager/docs/best-practices,"Use Secret Manager to store secrets",gcp-sm-best-practices-2025,AD service account passwords stored as opaque secrets; no Kerberos/LDAP-native rotation; custom middleware required
gcp-secret-manager,Google Cloud Secret Manager,NHI-013,NHI,NATIVE,3,https://cloud.google.com/secret-manager/docs/access-control,"roles/secretmanager.secretAccessor … can grant this role at secret level",gcp-sm-access-2025,API gateway (Cloud API Gateway / Apigee) upstream credentials stored as secrets; IAM SA for gateway workload identity
gcp-secret-manager,Google Cloud Secret Manager,NHI-014,NHI,GAP,1,https://cloud.google.com/secret-manager/docs/overview,"Secret Manager overview",gcp-sm-overview-2025,No native RPA bot identity integration; UiPath/Blue Prism integration requires custom REST API calls; no documented pattern
gcp-secret-manager,Google Cloud Secret Manager,NHI-015,NHI,ADD-ON,2,https://cloud.google.com/secret-manager/docs/overview,"Secret Manager overview",gcp-sm-overview-2025,Code-signing keys stored as opaque secrets; no Sigstore/Cosign native integration; manual key retrieval in CI pipeline
gcp-secret-manager,Google Cloud Secret Manager,NHI-016,NHI,ADD-ON,1,https://cloud.google.com/secret-manager/docs/overview,"Secret Manager overview",gcp-sm-overview-2025,SLSA build provenance attestation is separate (Cloud Build SLSA); Secret Manager stores signing keys only
gcp-secret-manager,Google Cloud Secret Manager,NHI-017,NHI,NATIVE,3,https://cloud.google.com/kubernetes-engine/docs/concepts/workload-identity,"Workload Identity Federation for GKE … Kubernetes ServiceAccount token … federated access token",gcp-gke-wi-2025,Service mesh (Istio/ASM) workloads use GKE WIF; mTLS cert issuance via CAS; mesh identity via SPIFFE/SVID
gcp-secret-manager,Google Cloud Secret Manager,NHI-018,NHI,NATIVE,3,https://cloud.google.com/secret-manager/docs/cmek,"enable … Cloud HSM … hardware-backed keys",gcp-sm-cmek-2025;gcp-hsm-2025,Cloud Confidential Computing (Confidential VMs) can use Secret Manager with hardware attestation; Cloud HSM for TEE-backed keys
gcp-secret-manager,Google Cloud Secret Manager,NHI-019,NHI,NATIVE,3,https://cloud.google.com/vertex-ai/docs/general/access-control,"Vertex AI resources use service accounts managed by Vertex AI … can specify a service account to attach",gcp-vertex-2025,Vertex AI service agents (IAM SAs) granted secretmanager.secretAccessor per-secret; no dedicated agent vault abstraction
gcp-secret-manager,Google Cloud Secret Manager,NHI-020,NHI,ADD-ON,2,https://cloud.google.com/secret-manager/docs/access-control,"roles/secretmanager.secretAccessor",gcp-sm-access-2025,ML model weights/registry credentials stored as secrets; Artifact Registry uses IAM directly; model signing is separate
gcp-secret-manager,Google Cloud Secret Manager,NHI-021,NHI,GAP,1,https://cloud.google.com/secret-manager/docs/overview,"Secret Manager overview",gcp-sm-overview-2025,GCP IoT Core deprecated 2023; no native IoT cert enrolment; custom MQTT/CoAP gateway with Secret Manager API could work
gcp-secret-manager,Google Cloud Secret Manager,NHI-022,NHI,GAP,1,https://cloud.google.com/secret-manager/docs/overview,"Secret Manager overview",gcp-sm-overview-2025,No IBM RACF/ACF2 or mainframe-native integration; REST API callable via custom middleware only; GAP
gcp-secret-manager,Google Cloud Secret Manager,NHI-023,NHI,NATIVE,4,https://cloud.google.com/secret-manager/docs/cmek,"customer-managed encryption keys … Cloud KMS … Cloud HSM … external key material that never leaves your EKM",gcp-sm-cmek-2025;gcp-ekm-2025,TDE master keys stored/managed via Cloud KMS; CMEK on Secret Manager payload; Cloud HSM FIPS 140-2 L3
gcp-secret-manager,Google Cloud Secret Manager,NHI-024,NHI,NATIVE,4,https://cloud.google.com/kms/docs/hsm,"Cloud HSM is a cloud-hosted HSM … FIPS 140-2 Level 3 certified HSMs. Google manages the HSM cluster",gcp-hsm-2025,Break-glass via Cloud IAM conditions + Access Approval; Cloud HSM operators use IAM roles; audit logged
gcp-secret-manager,Google Cloud Secret Manager,NHI-025,NHI,ADD-ON,3,https://cloud.google.com/certificate-authority-service/docs/ca-service-overview,"Certificate Authority Service … issue and manage X.509 certificates … backed by Cloud HSM",gcp-cas-2025,CAS is separate product; CA operator identities use Cloud IAM; CAS HSM-backed CA keys; ACME support
gcp-secret-manager,Google Cloud Secret Manager,NHI-026,NHI,ADD-ON,2,https://cloud.google.com/secret-manager/docs/access-control,"roles/secretmanager.secretAccessor … can grant this role at secret level",gcp-sm-access-2025,Backup/DR agent credentials stored as secrets; no native DR failover for Secret Manager itself (replicated service)
gcp-secret-manager,Google Cloud Secret Manager,NHI-027,NHI,NATIVE,3,https://cloud.google.com/secret-manager/docs/access-control,"roles/secretmanager.secretAccessor",gcp-sm-access-2025,BFF/OBO token patterns use IAM SA + WIF; OAuth client secrets stored in Secret Manager
gcp-secret-manager,Google Cloud Secret Manager,NHI-028,NHI,GAP,1,https://cloud.google.com/secret-manager/docs/overview,"Secret Manager overview",gcp-sm-overview-2025,FAPI 2.0 / CDR partner mTLS certs not managed natively; Apigee addresses API gateway layer; CAS could issue certs but no CDR register integration
gcp-secret-manager,Google Cloud Secret Manager,NHI-029,NHI,ADD-ON,2,https://cloud.google.com/secret-manager/docs/best-practices,"Use Secret Manager to store secrets … grant access on a per-secret basis",gcp-sm-best-practices-2025,Shared functional IDs stored as secrets; recommendation: migrate to per-workload IAM SAs; no automated flagging of shared IDs
gcp-secret-manager,Google Cloud Secret Manager,NHI-030,NHI,ADD-ON,2,https://cloud.google.com/secret-manager/docs/access-control,"roles/secretmanager.secretAccessor … grant this role at secret level",gcp-sm-access-2025,OAuth app client secrets stored; no marketplace integration governance tooling; manual IAM binding management
gcp-secret-manager,Google Cloud Secret Manager,NHI-031,NHI,GAP,1,https://cloud.google.com/secret-manager/docs/overview,"Secret Manager overview",gcp-sm-overview-2025,No built-in inbound webhook signature verification; HMAC secrets stored as opaque secrets; Cloud Armor/Apigee for webhook auth
gcp-secret-manager,Google Cloud Secret Manager,NHI-032,NHI,GAP,1,https://cloud.google.com/secret-manager/docs/overview,"Secret Manager overview",gcp-sm-overview-2025,Network device (TACACS+/RADIUS) credentials stored as opaque secrets only; no network device management plane integration
gcp-secret-manager,Google Cloud Secret Manager,NHI-033,NHI,GAP,1,https://cloud.google.com/secret-manager/docs/overview,"Secret Manager overview",gcp-sm-overview-2025,Print/branch peripheral identity not addressed; no documented integration pattern
gcp-secret-manager,Google Cloud Secret Manager,NHI-034,NHI,GAP,1,https://cloud.google.com/kms/docs/hsm,"Cloud HSM … FIPS 140-2 Level 3 certified HSMs",gcp-hsm-2025,No post-quantum / hybrid-PKI key types in Cloud KMS/HSM as of 2025/2026; PQC roadmap not published
gcp-secret-manager,Google Cloud Secret Manager,NHI-035,NHI,NATIVE,4,https://cloud.google.com/secret-manager/docs/access-control,"roles/secretmanager.admin … roles/secretmanager.secretVersionManager",gcp-sm-access-2025,Secret Manager itself is the secrets broker; IAM controls admin plane; CMEK + Cloud HSM for key protection
gcp-secret-manager,Google Cloud Secret Manager,NHI-036,NHI,NATIVE,3,https://cloud.google.com/iam/docs/workload-identity-federation,"Workload Identity Federation … exchange external credentials for short-lived access tokens",gcp-wif-2025,SPIFFE/SPIRE can federate into WIF; ephemeral OIDC token exchange; short-lived GCP access tokens issued
gcp-secret-manager,Google Cloud Secret Manager,NHI-037,NHI,ADD-ON,2,https://cloud.google.com/secret-manager/docs/audit-logging,"Data Access audit logs … AccessSecretVersion",gcp-sm-audit-2025,Last-access timestamps available via Cloud Audit Logs (DATA_READ must be enabled); no native orphaned-secret scanner; BigQuery + Logging query required
gcp-secret-manager,Google Cloud Secret Manager,UC-F-001,UC-F,NATIVE,4,https://cloud.google.com/secret-manager/docs/overview,"Secret Manager overview … stores API keys, passwords, certificates, and other sensitive data",gcp-sm-overview-2025,Replaces plaintext secrets in code/config; developer SDKs available for all major languages; GCP Secret Manager is the canonical pattern
gcp-secret-manager,Google Cloud Secret Manager,UC-F-002,UC-F,ADD-ON,2,https://cloud.google.com/secret-manager/docs/audit-logging,"Data Access audit logs",gcp-sm-audit-2025,No built-in history-scanning; Cloud Audit Logs show access but not pre-existing plaintext in repos; external tooling (truffleHog/GitGuardian) required
gcp-secret-manager,Google Cloud Secret Manager,UC-F-003,UC-F,NATIVE,4,https://cloud.google.com/iam/docs/workload-identity-federation,"exchange external credentials for short-lived access tokens … without a service account key",gcp-wif-2025,WIF enables keyless OIDC-based access; GitHub Actions/GitLab CI documented; short-lived token issued per pipeline run
gcp-secret-manager,Google Cloud Secret Manager,UC-F-004,UC-F,NATIVE,3,https://cloud.google.com/iam/docs/workload-identity-federation,"federate workloads that don't have a public OIDC endpoint … upload OIDC JSON Web Key Sets",gcp-wif-2025,SPIFFE/SPIRE SVIDs can federate into WIF; ephemeral workload identity; GKE WIF is the GKE-native path
gcp-secret-manager,Google Cloud Secret Manager,UC-F-005,UC-F,ADD-ON,2,https://cloud.google.com/secret-manager/docs/best-practices,"Use Secret Manager to store secrets",gcp-sm-best-practices-2025,No native dynamic DB credential engine; Cloud SQL IAM auth is the preferred pattern; Secret Manager stores static creds only
gcp-secret-manager,Google Cloud Secret Manager,UC-F-006,UC-F,ADD-ON,3,https://cloud.google.com/secret-manager/docs/secret-rotation,"rotation_period … next_rotation_time … Pub/Sub topic … customer-owned rotation logic",gcp-sm-rotation-2025,Event-driven rotation notifications via Pub/Sub; customer authors Cloud Function for actual rotation; min period 1 hour; $0.05/notification
gcp-secret-manager,Google Cloud Secret Manager,UC-F-007,UC-F,NATIVE,3,https://cloud.google.com/secret-manager/docs/access-secret-version,"disable or destroy a secret version",gcp-sm-versions-2025,Secret versions can be disabled/destroyed immediately; IAM policy removal also effective; no built-in revocation propagation to consumers
gcp-secret-manager,Google Cloud Secret Manager,UC-F-008,UC-F,NATIVE,4,https://cloud.google.com/kubernetes-engine/docs/concepts/workload-identity,"GKE metadata server … federated access token … no key files required",gcp-gke-wi-2025,Secrets Store CSI Driver (GCP provider) mounts secrets as files; GKE WIF avoids on-disk plaintext keys; standard pattern
gcp-secret-manager,Google Cloud Secret Manager,UC-F-009,UC-F,ADD-ON,2,https://cloud.google.com/secret-manager/docs/using-other-products,"Use Secret Manager with other products",gcp-sm-integrations-2025,Artifact Registry uses IAM SA for image pull; non-GCP registry creds stored as opaque secrets; no auto-sync to imagePullSecrets
gcp-secret-manager,Google Cloud Secret Manager,UC-F-010,UC-F,NATIVE,3,https://cloud.google.com/secret-manager/docs/using-other-products,"Use Secret Manager with other products",gcp-sm-integrations-2025,Terraform provider for Secret Manager; Config Connector; Deployment Manager; Ansible via REST API; WIF for IaC agents
gcp-secret-manager,Google Cloud Secret Manager,UC-F-011,UC-F,NATIVE,3,https://cloud.google.com/secret-manager/docs/access-control,"roles/secretmanager.secretAccessor … can grant this role at secret level",gcp-sm-access-2025,Monitoring agent (Cloud Monitoring) uses IAM SA; scoped per-secret access; rotation via Pub/Sub notifications
gcp-secret-manager,Google Cloud Secret Manager,UC-F-012,UC-F,NATIVE,3,https://cloud.google.com/secret-manager/docs/access-control,"roles/secretmanager.secretAccessor",gcp-sm-access-2025,Pub/Sub and Kafka client credentials stored as secrets; Pub/Sub uses IAM SA natively; Kafka on GKE uses WIF
gcp-secret-manager,Google Cloud Secret Manager,UC-F-013,UC-F,GAP,1,https://cloud.google.com/secret-manager/docs/overview,"Secret Manager overview",gcp-sm-overview-2025,No native gMSA/Kerberos modernisation; AD integration requires custom middleware; Cloud LDAP (Managed AD) separate product
gcp-secret-manager,Google Cloud Secret Manager,UC-F-014,UC-F,NATIVE,3,https://cloud.google.com/secret-manager/docs/access-control,"roles/secretmanager.secretAccessor",gcp-sm-access-2025,Apigee / Cloud API Gateway upstream credentials stored in Secret Manager; IAM SA for gateway identity; documented integration
gcp-secret-manager,Google Cloud Secret Manager,UC-F-015,UC-F,ADD-ON,2,https://cloud.google.com/secret-manager/docs/best-practices,"Use Secret Manager to store secrets",gcp-sm-best-practices-2025,RPA bot credentials stored as secrets; no native UiPath/BluePrism plugin; REST API integration required
gcp-secret-manager,Google Cloud Secret Manager,UC-F-016,UC-F,ADD-ON,2,https://cloud.google.com/secret-manager/docs/access-control,"roles/secretmanager.secretAccessor … grant this role at secret level",gcp-sm-access-2025,Code-signing keys stored; Cloud Build SLSA for provenance attestation; no Sigstore/Cosign native integration in SM
gcp-secret-manager,Google Cloud Secret Manager,UC-F-017,UC-F,NATIVE,3,https://cloud.google.com/secret-manager/docs/cmek,"Cloud HSM … hardware-backed keys … FIPS 140-2 Level 3",gcp-sm-cmek-2025;gcp-hsm-2025,Confidential VMs + Cloud HSM provide hardware attestation gates; Secret Manager CMEK with HSM-backed keys for TEE use cases
gcp-secret-manager,Google Cloud Secret Manager,UC-F-018,UC-F,NATIVE,3,https://cloud.google.com/vertex-ai/docs/general/access-control,"Vertex AI resources use service accounts … can specify a service account to attach to the resource",gcp-vertex-2025,Vertex AI agents use IAM SAs; granted per-secret secretmanager.secretAccessor; no dedicated agent brokering abstraction
gcp-secret-manager,Google Cloud Secret Manager,UC-F-019,UC-F,GAP,1,https://cloud.google.com/secret-manager/docs/overview,"Secret Manager overview",gcp-sm-overview-2025,GCP IoT Core deprecated 2023; no native IoT cert provisioning; custom MQTT/mTLS gateway to Secret Manager API required
gcp-secret-manager,Google Cloud Secret Manager,UC-F-020,UC-F,GAP,1,https://cloud.google.com/secret-manager/docs/overview,"Secret Manager overview",gcp-sm-overview-2025,No IBM RACF/ACF2 or mainframe credential rotation pipeline; REST API accessible via custom middleware only
gcp-secret-manager,Google Cloud Secret Manager,UC-F-021,UC-F,ADD-ON,2,https://cloud.google.com/secret-manager/docs/access-control,"roles/secretmanager.secretAccessor … grant this role at secret level",gcp-sm-access-2025,Backup/DR agent credentials stored as secrets; per-agent IAM SA; de-privileging via IAM binding removal + version destroy
gcp-secret-manager,Google Cloud Secret Manager,UC-F-022,UC-F,GAP,1,https://cloud.google.com/secret-manager/docs/overview,"Secret Manager overview",gcp-sm-overview-2025,No native inbound webhook HMAC verification service; HMAC secrets stored as opaque secrets; verification logic must be custom
gcp-secret-manager,Google Cloud Secret Manager,UC-F-023,UC-F,ADD-ON,2,https://cloud.google.com/secret-manager/docs/best-practices,"Use Secret Manager to store secrets",gcp-sm-best-practices-2025,Network device (TACACS+/RADIUS) credentials stored as opaque secrets; no network device management plane integration
gcp-secret-manager,Google Cloud Secret Manager,UC-F-024,UC-F,GAP,1,https://cloud.google.com/secret-manager/docs/overview,"Secret Manager overview",gcp-sm-overview-2025,FAPI 2.0 / CDR mTLS partner cert lifecycle not addressed; Apigee covers API gateway layer; CAS + custom CDR integration required
gcp-secret-manager,Google Cloud Secret Manager,UC-F-025,UC-F,ADD-ON,2,https://cloud.google.com/secret-manager/docs/access-control,"roles/secretmanager.secretAccessor … grant this role at secret level",gcp-sm-access-2025,OAuth app client secrets governed via IAM per-secret bindings; no marketplace governance dashboard; manual policy management
gcp-secret-manager,Google Cloud Secret Manager,UC-F-026,UC-F,NATIVE,4,https://cloud.google.com/secret-manager/docs/access-control,"roles/secretmanager.admin … roles/secretmanager.secretVersionManager",gcp-sm-access-2025,Secret Manager internal identity hardening via least-privilege IAM; CMEK + Cloud HSM; audit logging; VPC Service Controls
gcp-secret-manager,Google Cloud Secret Manager,UC-F-027,UC-F,ADD-ON,2,https://cloud.google.com/secret-manager/docs/audit-logging,"Data Access audit logs … AccessSecretVersion",gcp-sm-audit-2025,Last-access queryable via Cloud Logging (DATA_READ must be enabled); no automated orphaned-secret cleanup; BigQuery + Logging query pipeline required
gcp-secret-manager,Google Cloud Secret Manager,UC-N-001,UC-N,ADD-ON,2,https://cloud.google.com/secret-manager/docs/audit-logging,"Secret Manager generates an audit log",gcp-sm-audit-2025;gcp-scc-2025,Cloud Logging + BigQuery + Looker Studio required for KPI dashboard; no native secret-sprawl dashboard; custom build required
gcp-secret-manager,Google Cloud Secret Manager,UC-N-002,UC-N,ADD-ON,2,https://cloud.google.com/secret-manager/docs/managing-secrets,"List secrets and view secret details",gcp-sm-manage-2025,Cloud Asset Inventory + Cloud Logging for NHI inventory; no native ownership attestation workflow; custom tooling required
gcp-secret-manager,Google Cloud Secret Manager,UC-N-003,UC-N,ADD-ON,2,https://cloud.google.com/secret-manager/docs/secret-rotation,"rotation_period … next_rotation_time",gcp-sm-rotation-2025,Rotation schedule configured per-secret; no aggregated rotation-coverage KPI dashboard; Cloud Logging query required
gcp-secret-manager,Google Cloud Secret Manager,UC-N-004,UC-N,NATIVE,3,https://cloud.google.com/secret-manager/docs/audit-logging,"ADMIN_WRITE … ADMIN_READ … DATA_READ … audit log",gcp-sm-audit-2025,Cloud Audit Logs exportable to Cloud Storage/BigQuery for regulator evidence pack; DATA_READ must be explicitly enabled
gcp-secret-manager,Google Cloud Secret Manager,UC-N-005,UC-N,ADD-ON,2,https://cloud.google.com/security/products/security-command-center,"Security Command Center … detect … misconfigurations",gcp-scc-2025,SCC covers misconfiguration detection; Essential 8 scorecard requires custom build; IRAP alignment via GCP compliance reports
gcp-secret-manager,Google Cloud Secret Manager,UC-N-006,UC-N,ADD-ON,2,https://cloud.google.com/security/compliance/compliance-reports-manager,"Compliance reports manager",gcp-compliance-reports-2025,GCP Compliance Reports Manager provides SaaS risk attestation artefacts; per-vendor risk scoring requires customer process
gcp-secret-manager,Google Cloud Secret Manager,UC-N-007,UC-N,NATIVE,4,https://cloud.google.com/secret-manager/docs/locations,"australia-southeast1 … australia-southeast2 … user-managed replication policy",gcp-sm-locations-2025,User-managed replication pins secrets to AU regions; Cloud KMS CMEK in AU region; APRA CPS 230/234 data residency addressable
gcp-secret-manager,Google Cloud Secret Manager,UC-N-008,UC-N,GAP,1,https://cloud.google.com/secret-manager/docs/overview,"Secret Manager overview",gcp-sm-overview-2025,No vendor-provided training KPI tooling; engineer training governance is a customer process
gcp-secret-manager,Google Cloud Secret Manager,UC-N-009,UC-N,ADD-ON,2,https://cloud.google.com/secret-manager/docs/audit-logging,"Secret Manager generates an audit log",gcp-sm-audit-2025,Exception register governance is a customer process; Cloud Audit Logs provide evidence trail for risk-acceptance decisions
gcp-secret-manager,Google Cloud Secret Manager,UC-N-010,UC-N,NATIVE,3,https://cloud.google.com/secret-manager/docs/access-control,"roles/secretmanager.admin … secretmanager.versions.access",gcp-sm-access-2025;gcp-hsm-2025,Break-glass via IAM conditions + Access Approval; Cloud HSM quorum (operator roles); audit logged; Access Approval for customer-initiated control
gcp-secret-manager,Google Cloud Secret Manager,UC-N-011,UC-N,NATIVE,3,https://cloud.google.com/secret-manager/docs/audit-logging,"Data Access audit logs … AccessSecretVersion … protoPayload.methodName",gcp-sm-audit-2025,Cloud Audit Logs provide identity-driven RCA evidence; DATA_READ logs must be enabled; exportable to SIEM for post-incident analysis
gcp-secret-manager,Google Cloud Secret Manager,UC-N-012,UC-N,ADD-ON,2,https://cloud.google.com/secret-manager/docs/audit-logging,"Secret Manager generates an audit log",gcp-sm-audit-2025,Cloud Build SLSA for build provenance; Secret Manager audit logs for secret access evidence; SLSA attestation separate product
gcp-secret-manager,Google Cloud Secret Manager,UC-N-013,UC-N,GAP,1,https://cloud.google.com/kms/docs/hsm,"FIPS 140-2 Level 3 certified HSMs",gcp-hsm-2025,No PQC key types in Cloud KMS/HSM as of 2025/2026; crypto-agility roadmap not published; GAP for post-quantum readiness reporting
gcp-secret-manager,Google Cloud Secret Manager,UC-N-014,UC-N,NATIVE,3,https://cloud.google.com/security/compliance/compliance-reports-manager,"Compliance reports manager",gcp-compliance-reports-2025;gcp-irap-2025,"GCP compliance artefacts (IRAP assessment reports, SOC 2, ISO 27001) available via Compliance Reports Manager for vendor matrix maintenance"
gcp-secret-manager,Google Cloud Secret Manager,UC-N-015,UC-N,GAP,1,https://cloud.google.com/secret-manager/docs/overview,"Secret Manager overview",gcp-sm-overview-2025,Change-comms and stakeholder cadence is a customer governance process; no vendor tooling
gcp-secret-manager,Google Cloud Secret Manager,UC-N-016,UC-N,GAP,1,https://cloud.google.com/secret-manager/docs/overview,"Secret Manager overview",gcp-sm-overview-2025,IoT/OT fleet posture reporting not addressed; GCP IoT Core deprecated; no native IoT fleet management
gcp-secret-manager,Google Cloud Secret Manager,UC-N-017,UC-N,ADD-ON,2,https://cloud.google.com/secret-manager/docs/audit-logging,"Data Access audit logs",gcp-sm-audit-2025,Cloud Audit Logs exportable to Cloud Logging; log scrubbing rules configurable at ingest; no native secret-pattern scanning in logs
gcp-secret-manager,Google Cloud Secret Manager,UC-N-018,UC-N,NATIVE,3,https://cloud.google.com/secret-manager/docs/cmek,"Cloud HSM … FIPS 140-2 Level 3 … hardware-backed keys",gcp-sm-cmek-2025;gcp-hsm-2025,Confidential VMs + Cloud HSM provide TEE attestation assurance; Secret Manager CMEK with HSM-backed keys; attestation evidence via Cloud Audit Logs
gcp-secret-manager,Google Cloud Secret Manager,UC-N-019,UC-N,ADD-ON,2,https://cloud.google.com/vertex-ai/docs/general/access-control,"Vertex AI resources use service accounts … resource identity",gcp-vertex-2025,Vertex AI agent IAM SA access logged via Cloud Audit Logs; no dedicated AI-agent KPI suite; custom BigQuery dashboard required
gcp-secret-manager,Google Cloud Secret Manager,UC-N-020,UC-N,GAP,1,https://cloud.google.com/secret-manager/docs/overview,"Secret Manager overview",gcp-sm-overview-2025,Mainframe/legacy posture not addressed; no IBM RACF/RPA integration; legacy exception register is a customer process
akeyless,AKEYLESS Vault Platform,NHI-001,NHI,NATIVE,4,https://docs.akeyless.io/docs/aws-producer.md,"AWS IAM, Azure AD, GCP dynamic-secret producers and auth methods cover full lifecycle",akeyless-llms-index-2024,Full coverage: AWS/Azure/GCP dynamic creds + auth methods for all three hyperscalers
akeyless,AKEYLESS Vault Platform,NHI-002,NHI,NATIVE,4,https://docs.akeyless.io/docs/kubernetes-secrets-store-csi-provider.md,"Kubernetes Secrets Store Container Storage Interface (CSI) Driver",akeyless-llms-index-2024,CSI driver + Secrets Injector + External Secrets Operator + dedicated K8s SA auth
akeyless,AKEYLESS Vault Platform,NHI-003,NHI,NATIVE,3,https://docs.akeyless.io/docs/github-action.md,"GitHub Actions Plugin",akeyless-llms-index-2024,GitHub/GitLab OIDC auth + GitHub/GitLab dynamic secrets + Azure DevOps + TeamCity plugins
akeyless,AKEYLESS Vault Platform,NHI-004,NHI,NATIVE,2,https://docs.akeyless.io/docs/docker-hub-dynamic-secrets.md,"Docker Hub Dynamic Secrets",akeyless-llms-index-2024,Docker Hub dynamic + rotated; ECR/ACR/GAR via cloud dynamic secrets
akeyless,AKEYLESS Vault Platform,NHI-005,NHI,NATIVE,4,https://docs.akeyless.io/docs/agentic-runtime-authority.md,"MySQL, PostgreSQL, MSSQL, Oracle, Snowflake, HanaDB, Redshift, MongoDB, Redis, and Cassandra",akeyless-agentic-2024,10+ DB engines as dynamic-secret producers; TTL-bounded lease model
akeyless,AKEYLESS Vault Platform,NHI-006,NHI,NATIVE,3,https://docs.akeyless.io/docs/certificate-lifecycle-management.md,"Overview of Certificate Lifecycle Management",akeyless-llms-index-2024,PKI/cert lifecycle + ACME + SPIRE Upstream Authority; SSH cert issuance
akeyless,AKEYLESS Vault Platform,NHI-007,NHI,NATIVE,3,https://docs.akeyless.io/docs/rotated-secrets.md,"Rotated Secrets",akeyless-llms-index-2024,Static KV + OpenAI/Splunk rotated secrets; Universal Identity for token brokering
akeyless,AKEYLESS Vault Platform,NHI-008,NHI,NATIVE,3,https://docs.akeyless.io/docs/github-dynamic-secret.md,"GitHub Dynamic Secrets",akeyless-llms-index-2024,GitHub/GitLab dynamic secrets + OIDC auth federation; GitHub Actions plugin
akeyless,AKEYLESS Vault Platform,NHI-009,NHI,NATIVE,3,https://docs.akeyless.io/docs/dynamic-secrets.md,"Configuring HashiCorp Vault Proxy",akeyless-llms-index-2024,Terraform + Ansible + Puppet plugins; Vault-proxy compatibility for migration
akeyless,AKEYLESS Vault Platform,NHI-010,NHI,NATIVE,2,https://docs.akeyless.io/docs/splunk-rotated-secret.md,"Splunk Rotated Secret",akeyless-llms-index-2024,Splunk rotated secret; static KV for other agents; log forwarding to Datadog/Splunk/S3
akeyless,AKEYLESS Vault Platform,NHI-011,NHI,NATIVE,3,https://docs.akeyless.io/docs/how-to-create-dynamic-secret.md,"RabbitMQ Dynamic Secrets",akeyless-llms-index-2024,RabbitMQ dynamic secrets; Kafka via LDAP/custom dynamic secret
akeyless,AKEYLESS Vault Platform,NHI-012,NHI,NATIVE,3,https://docs.akeyless.io/docs/resource-discovery.md,"Akeyless Resource Discovery enables importing and managing all domain and local Users",akeyless-discovery-2024,LDAP auth + LDAP dynamic/rotated secrets + Resource Discovery for AD user import
akeyless,AKEYLESS Vault Platform,NHI-013,NHI,ADD-ON,2,https://docs.akeyless.io/docs/certificate-lifecycle-management.md,"Overview of Certificate Lifecycle Management",akeyless-llms-index-2024,mTLS via PKI cert lifecycle; JWT signing at Gateway; no direct API-GW plugin listed
akeyless,AKEYLESS Vault Platform,NHI-014,NHI,ADD-ON,2,https://docs.akeyless.io/docs/create-a-database-rotated-secret.md,"Database Rotated Secret",akeyless-llms-index-2024,Windows/AD rotated secrets usable for RPA bots; no UiPath/BluePrism native connector
akeyless,AKEYLESS Vault Platform,NHI-015,NHI,NATIVE,2,https://docs.akeyless.io/docs/signing-tools.md,"Code Signing with Akeyless",akeyless-llms-index-2024,Code signing page; Java JAR & APK signing; HSM-backed classic keys for code-sign cert storage
akeyless,AKEYLESS Vault Platform,NHI-016,NHI,GAP,0,https://docs.akeyless.io/llms.txt,"[No Sigstore/SLSA page listed in documentation index]",akeyless-llms-index-2024,[INDUSTRY-CONSENSUS] No Sigstore/SLSA/in-toto attestation documented
akeyless,AKEYLESS Vault Platform,NHI-017,NHI,ADD-ON,2,https://docs.akeyless.io/docs/spire-plugins.md,"SPIRE Upstream Authority — Integrate SPIRE upstream CA flows with Akeyless PKI issuer",akeyless-spire-2024,SPIRE Upstream Authority plugin — Akeyless as mesh CA backend for Istio/Linkerd/Consul
akeyless,AKEYLESS Vault Platform,NHI-018,NHI,GAP,0,https://docs.akeyless.io/llms.txt,"[No TEE attestation page listed in documentation index]",akeyless-llms-index-2024,[INDUSTRY-CONSENSUS] No TEE/Nitro/SGX/MAA attestation-gated secret release documented
akeyless,AKEYLESS Vault Platform,NHI-019,NHI,NATIVE,2,https://docs.akeyless.io/docs/agentic-runtime-authority.md,"Configure Agentic Runtime Authority for controlled AI agent access and runtime query governance",akeyless-agentic-2024,Early access; Agentic Runtime Authority + Prompt Injection Protection + MCP Server integrations
akeyless,AKEYLESS Vault Platform,NHI-020,NHI,ADD-ON,1,https://docs.akeyless.io/docs/openai-dynamic-secrets.md,"OpenAI Dynamic Secrets",akeyless-llms-index-2024,OpenAI dynamic/rotated secrets; generic token vaulting; no MLflow/SageMaker/HF registry connector
akeyless,AKEYLESS Vault Platform,NHI-021,NHI,ADD-ON,1,https://docs.akeyless.io/docs/acme-server.md,"ACME Server",akeyless-llms-index-2024,ACME + cert lifecycle usable for device certs; no dedicated IoT DPS/EST/SCEP connector
akeyless,AKEYLESS Vault Platform,NHI-022,NHI,GAP,0,https://docs.akeyless.io/llms.txt,"[No RACF/z/OS/mainframe page listed in documentation index]",akeyless-llms-index-2024,[INDUSTRY-CONSENSUS] No RACF/ACF2/z/OS/IBM-i integration documented; hard gap for core-banking NHI
akeyless,AKEYLESS Vault Platform,NHI-023,NHI,NATIVE,3,https://docs.akeyless.io/docs/tde-for-mssql.md,"TDE for MSSQL: EKM Provider",akeyless-llms-index-2024,TDE for MSSQL + Oracle; KMIP server for vSphere; classic keys for CMK management
akeyless,AKEYLESS Vault Platform,NHI-024,NHI,ADD-ON,2,https://docs.akeyless.io/docs/gateway-hsm-integration.md,"Gateway HSM Integration",akeyless-gw-overview-2024,Gateway HSM integration documented; DFC fragments can be HSM-backed; no quorum-operator workflow
akeyless,AKEYLESS Vault Platform,NHI-025,NHI,NATIVE,3,https://docs.akeyless.io/docs/certificate-lifecycle-management.md,"Overview of Certificate Lifecycle Management",akeyless-llms-index-2024,Full PKI: ACME server + cert issuance + renewal + revocation + Venafi target + public CA
akeyless,AKEYLESS Vault Platform,NHI-026,NHI,ADD-ON,1,https://docs.akeyless.io/docs/create-a-database-rotated-secret.md,"Database Rotated Secret",akeyless-llms-index-2024,[INDUSTRY-CONSENSUS] Windows/AD rotation usable for backup agents; no Veeam/Rubrik/Commvault connector
akeyless,AKEYLESS Vault Platform,NHI-027,NHI,ADD-ON,2,https://docs.akeyless.io/docs/auth-overview.md,"Universal Identity is Akeyless's identity abstraction layer that allows multiple authentication methods",akeyless-auth-overview-2024,OAuth 2.0/JWT auth + Universal Identity for OBO patterns; no explicit BFF-tier doc
akeyless,AKEYLESS Vault Platform,NHI-028,NHI,ADD-ON,2,https://docs.akeyless.io/docs/certificate-lifecycle-management.md,"Overview of Certificate Lifecycle Management",akeyless-llms-index-2024,PKI/mTLS cert lifecycle for FAPI 2.0 client-cert issuance; no CDR-specific workflow documented
akeyless,AKEYLESS Vault Platform,NHI-029,NHI,NATIVE,3,https://docs.akeyless.io/docs/resource-discovery.md,"The discovery process will search for domain users and migrate them as LDAP Rotated Secrets",akeyless-discovery-2024,Resource Discovery imports shared domain accounts as Rotated Secrets with automated rotation
akeyless,AKEYLESS Vault Platform,NHI-030,NHI,GAP,0,https://docs.akeyless.io/llms.txt,"[No OAuth-app inventory/M365/Workspace governance page listed]",akeyless-llms-index-2024,[INDUSTRY-CONSENSUS] No OAuth-app inventory or SaaS-marketplace governance feature documented
akeyless,AKEYLESS Vault Platform,NHI-031,NHI,ADD-ON,1,https://docs.akeyless.io/docs/rotated-secrets.md,"Rotated Secrets",akeyless-llms-index-2024,[INDUSTRY-CONSENSUS] Static KV storage of HMAC/webhook secrets; no webhook-specific rotation workflow
akeyless,AKEYLESS Vault Platform,NHI-032,NHI,ADD-ON,1,https://docs.akeyless.io/docs/ssh-target.md,"SSH Target",akeyless-llms-index-2024,[INDUSTRY-CONSENSUS] SSH targets + rotated SSH secrets; no TACACS+/RADIUS/SNMPv3 automation
akeyless,AKEYLESS Vault Platform,NHI-033,NHI,GAP,0,https://docs.akeyless.io/llms.txt,"[No branch-peripheral/ATM/printer credential page listed]",akeyless-llms-index-2024,[INDUSTRY-CONSENSUS] No branch-peripheral or ATM credential workflow documented
akeyless,AKEYLESS Vault Platform,NHI-034,NHI,NATIVE,2,https://docs.akeyless.io/docs/gateway-pqc-support-reference.md,"Akeyless implements hybrid post-quantum cryptography (PQC) for TLS connections",akeyless-pqc-2024,Hybrid PQC TLS (X25519MLKEM768 / TLS 1.3) for client-SaaS/Gateway transport; key-at-rest PQC not yet documented
akeyless,AKEYLESS Vault Platform,NHI-035,NHI,NATIVE,3,https://docs.akeyless.io/docs/gateway-zero-knowledge.md,"Akeyless, as a Service Provider, won't be able to decrypt any encrypted data by our customers",akeyless-gw-zk-2024,DFC + Customer Fragment eliminates root-token SPOF; Gateway stateless; multi-region active-active
akeyless,AKEYLESS Vault Platform,NHI-036,NHI,NATIVE,3,https://docs.akeyless.io/docs/spire-plugins.md,"SPIRE Key Manager — Generate, store, and manage SPIRE signing keys in Akeyless",akeyless-spire-2024,Four SPIRE plugins: Key Manager + Secret Manager + Upstream Authority + Upstream Authority SM
akeyless,AKEYLESS Vault Platform,NHI-037,NHI,NATIVE,2,https://docs.akeyless.io/docs/identity-and-secrets-intelligence.md,"Identity and Secrets Intelligence is a console surface",akeyless-isi-2024,Early access: stale-credential detection + unused-identity analytics; not yet GA for compliance evidence
akeyless,AKEYLESS Vault Platform,UC-F-001,UC-F,ADD-ON,2,https://docs.akeyless.io/docs/github-action.md,"GitHub Actions Plugin",akeyless-llms-index-2024,No native pre-commit scanner; relies on GitHub/GitLab push-protection partner tooling for detection
akeyless,AKEYLESS Vault Platform,UC-F-002,UC-F,GAP,0,https://docs.akeyless.io/llms.txt,"[No repo-history scanning page listed in documentation index]",akeyless-llms-index-2024,[INDUSTRY-CONSENSUS] No repo-history or CI-variable secret-scanning capability documented
akeyless,AKEYLESS Vault Platform,UC-F-003,UC-F,NATIVE,4,https://docs.akeyless.io/docs/aws-producer.md,"AWS Dynamic Secrets",akeyless-llms-index-2024,AWS/Azure/GCP dynamic secrets + OIDC federation for GitHub/GitLab CI; zero long-lived cloud keys
akeyless,AKEYLESS Vault Platform,UC-F-004,UC-F,NATIVE,3,https://docs.akeyless.io/docs/spire-plugins.md,"SPIRE Upstream Authority — full upstream authority coverage, including JWT-SVID related settings",akeyless-spire-2024,SPIRE Upstream Authority + Key Manager = Akeyless as SPIFFE trust anchor; Universal Identity ephemeral tokens
akeyless,AKEYLESS Vault Platform,UC-F-005,UC-F,NATIVE,4,https://docs.akeyless.io/docs/agentic-runtime-authority.md,"MySQL, PostgreSQL, MSSQL, Oracle, Snowflake, HanaDB, Redshift, MongoDB, Redis, and Cassandra",akeyless-agentic-2024,10+ DB engines as dynamic-secret producers; TTL-bounded leases; no long-lived DB password required
akeyless,AKEYLESS Vault Platform,UC-F-006,UC-F,NATIVE,4,https://docs.akeyless.io/docs/rotated-secrets.md,"Rotated Secrets",akeyless-llms-index-2024,Rotated secrets: DB + LDAP + AWS + Azure + GCP + SSH + Windows + Docker Hub + OpenAI + Splunk + Custom
akeyless,AKEYLESS Vault Platform,UC-F-007,UC-F,NATIVE,3,https://docs.akeyless.io/docs/gateway-overview.md,"Log forwarding to an existing SIEM server: Gateway Log Forwarding",akeyless-gw-overview-2024,Token revocation via Gateway API; DFC fragment invalidation; SOAR integration via REST API
akeyless,AKEYLESS Vault Platform,UC-F-008,UC-F,NATIVE,4,https://docs.akeyless.io/docs/kubernetes-secrets-store-csi-provider.md,"Kubernetes Secrets Store Container Storage Interface (CSI) Driver",akeyless-llms-index-2024,CSI + Injector + External Secrets Operator; compatible with etcd encryption-at-rest
akeyless,AKEYLESS Vault Platform,UC-F-009,UC-F,NATIVE,3,https://docs.akeyless.io/docs/docker-hub-dynamic-secrets.md,"Docker Hub Dynamic Secrets",akeyless-llms-index-2024,Docker Hub dynamic + ECR/ACR/GAR via cloud dynamic secrets; per-workload scoping supported
akeyless,AKEYLESS Vault Platform,UC-F-010,UC-F,NATIVE,3,https://docs.akeyless.io/docs/dynamic-secrets.md,"Configuring HashiCorp Vault Proxy",akeyless-llms-index-2024,Terraform + Ansible + Puppet plugins; Vault-proxy shim for HCL-Terraform state-file safety
akeyless,AKEYLESS Vault Platform,UC-F-011,UC-F,NATIVE,2,https://docs.akeyless.io/docs/splunk-rotated-secret.md,"Splunk Rotated Secret",akeyless-llms-index-2024,Splunk rotated secret; static KV for Datadog/Elastic agents; rotation cadence configurable
akeyless,AKEYLESS Vault Platform,UC-F-012,UC-F,NATIVE,3,https://docs.akeyless.io/docs/how-to-create-dynamic-secret.md,"RabbitMQ Dynamic Secrets",akeyless-llms-index-2024,RabbitMQ dynamic + mTLS via PKI cert lifecycle; LDAP dynamic for Kafka SASL
akeyless,AKEYLESS Vault Platform,UC-F-013,UC-F,ADD-ON,2,https://docs.akeyless.io/docs/auth-with-kerberos.md,"Kerberos authentication support",akeyless-llms-index-2024,Kerberos auth + LDAP rotated secrets; no direct gMSA provisioning workflow documented
akeyless,AKEYLESS Vault Platform,UC-F-014,UC-F,ADD-ON,2,https://docs.akeyless.io/docs/certificate-lifecycle-management.md,"Overview of Certificate Lifecycle Management",akeyless-llms-index-2024,PKI/mTLS cert lifecycle + JWT signing at Gateway; no direct Apigee/Kong/APIM plugin
akeyless,AKEYLESS Vault Platform,UC-F-015,UC-F,ADD-ON,2,https://docs.akeyless.io/docs/create-a-database-rotated-secret.md,"Database Rotated Secret",akeyless-llms-index-2024,[INDUSTRY-CONSENSUS] Windows/AD rotated secrets for RPA; no UiPath/BluePrism native plugin
akeyless,AKEYLESS Vault Platform,UC-F-016,UC-F,NATIVE,2,https://docs.akeyless.io/docs/signing-tools.md,"Code Signing with Akeyless",akeyless-llms-index-2024,Code signing + Java JAR/APK signing; HSM-backed classic keys for EV/Authenticode scenarios
akeyless,AKEYLESS Vault Platform,UC-F-017,UC-F,GAP,0,https://docs.akeyless.io/llms.txt,"[No TEE attestation page listed in documentation index]",akeyless-llms-index-2024,[INDUSTRY-CONSENSUS] No Nitro/SGX/TDX/MAA attestation-gated secret release documented
akeyless,AKEYLESS Vault Platform,UC-F-018,UC-F,NATIVE,2,https://docs.akeyless.io/docs/agentic-runtime-authority.md,"Input and output rules define what the agent can send and what data it can receive",akeyless-agentic-2024,Early access; Agentic Runtime Authority + Prompt Injection Protection + MCP Server for Claude/Copilot/Cursor
akeyless,AKEYLESS Vault Platform,UC-F-019,UC-F,ADD-ON,1,https://docs.akeyless.io/docs/acme-server.md,"ACME Server",akeyless-llms-index-2024,ACME + cert lifecycle for device cert enrolment; no DPS/EST/SCEP/IoT Core connector
akeyless,AKEYLESS Vault Platform,UC-F-020,UC-F,GAP,0,https://docs.akeyless.io/llms.txt,"[No RACF/z/OS page listed in documentation index]",akeyless-llms-index-2024,[INDUSTRY-CONSENSUS] No mainframe/midrange credential rotation integration; hard gap vs CyberArk/Delinea
akeyless,AKEYLESS Vault Platform,UC-F-021,UC-F,ADD-ON,1,https://docs.akeyless.io/docs/create-a-database-rotated-secret.md,"Database Rotated Secret",akeyless-llms-index-2024,[INDUSTRY-CONSENSUS] Windows/AD rotation usable for backup agents; no Veeam/Rubrik native plugin
akeyless,AKEYLESS Vault Platform,UC-F-022,UC-F,ADD-ON,1,https://docs.akeyless.io/docs/rotated-secrets.md,"Rotated Secrets",akeyless-llms-index-2024,[INDUSTRY-CONSENSUS] Static KV for HMAC/webhook secrets; no webhook-specific rotation workflow
akeyless,AKEYLESS Vault Platform,UC-F-023,UC-F,ADD-ON,1,https://docs.akeyless.io/docs/ssh-target.md,"SSH Target",akeyless-llms-index-2024,[INDUSTRY-CONSENSUS] SSH targets + rotated SSH secrets; no TACACS+/RADIUS/SNMPv3 automation
akeyless,AKEYLESS Vault Platform,UC-F-024,UC-F,ADD-ON,2,https://docs.akeyless.io/docs/certificate-lifecycle-management.md,"Overview of Certificate Lifecycle Management",akeyless-llms-index-2024,PKI/mTLS cert lifecycle for FAPI 2.0 client certs; no CDR-specific or Open Banking workflow
akeyless,AKEYLESS Vault Platform,UC-F-025,UC-F,GAP,0,https://docs.akeyless.io/llms.txt,"[No OAuth-app governance page listed in documentation index]",akeyless-llms-index-2024,[INDUSTRY-CONSENSUS] No OAuth-app inventory or marketplace-integration governance feature documented
akeyless,AKEYLESS Vault Platform,UC-F-026,UC-F,NATIVE,4,https://docs.akeyless.io/docs/gateway-zero-knowledge.md,"Akeyless, as a Service Provider, won't be able to decrypt any encrypted data by our customers",akeyless-gw-zk-2024,DFC + Customer Fragment eliminates root-token SPOF; Gateway stateless; zero standing privileged access
akeyless,AKEYLESS Vault Platform,UC-F-027,UC-F,NATIVE,2,https://docs.akeyless.io/docs/identity-and-secrets-intelligence.md,"Identity and Secrets Intelligence is a console surface",akeyless-isi-2024,Early access: stale-credential and dormancy analytics; not yet GA for compliance evidence
akeyless,AKEYLESS Vault Platform,UC-N-001,UC-N,ADD-ON,2,https://docs.akeyless.io/docs/identity-and-secrets-intelligence.md,"Identity and Secrets Intelligence is a console surface",akeyless-isi-2024,Analytics + audit logs + ISI surface (early access); no repo-sprawl native KPI dashboard
akeyless,AKEYLESS Vault Platform,UC-N-002,UC-N,NATIVE,2,https://docs.akeyless.io/docs/resource-discovery.md,"Akeyless Resource Discovery enables importing and managing all domain and local Users",akeyless-discovery-2024,Resource Discovery + Identity & Secrets Intelligence (early access); owner-attestation workflow not yet documented
akeyless,AKEYLESS Vault Platform,UC-N-003,UC-N,NATIVE,3,https://docs.akeyless.io/docs/analytics.md,"Analytics",akeyless-llms-index-2024,Analytics + Audit Logs track rotation status per secret; rotation freshness visible; KPI export via API
akeyless,AKEYLESS Vault Platform,UC-N-004,UC-N,ADD-ON,2,https://docs.akeyless.io/docs/audit-logs.md,"Audit Logs",akeyless-llms-index-2024,Comprehensive audit logs + SIEM forwarding; no pre-built CPS 234 evidence-pack generator
akeyless,AKEYLESS Vault Platform,UC-N-005,UC-N,ADD-ON,1,https://www.akeyless.io/trust-center/,"Akeyless is proud to maintain world-class compliance and security standards",akeyless-trust-center-2024,[INDUSTRY-CONSENSUS] No built-in E8 scorecard; controls require manual mapping from audit logs
akeyless,AKEYLESS Vault Platform,UC-N-006,UC-N,ADD-ON,1,https://www.akeyless.io/trust-center/,"Akeyless is proud to maintain world-class compliance and security standards",akeyless-trust-center-2024,[INDUSTRY-CONSENSUS] SOC 2 docs available for own attestation; no vendor-risk scoring module
akeyless,AKEYLESS Vault Platform,UC-N-007,UC-N,NATIVE,3,https://docs.akeyless.io/docs/gateway-zero-knowledge.md,"Akeyless, as a Service Provider, won't be able to decrypt any encrypted data by our customers",akeyless-gw-zk-2024,Gateway self-hosted anywhere + Customer Fragment = customer-controlled residency; US/EU SaaS only; no AU SaaS region
akeyless,AKEYLESS Vault Platform,UC-N-008,UC-N,GAP,0,https://docs.akeyless.io/llms.txt,"[No training module page listed in documentation index]",akeyless-llms-index-2024,[INDUSTRY-CONSENSUS] No training module; out of product scope
akeyless,AKEYLESS Vault Platform,UC-N-009,UC-N,GAP,0,https://docs.akeyless.io/llms.txt,"[No GRC exception-register page listed in documentation index]",akeyless-llms-index-2024,[INDUSTRY-CONSENSUS] No GRC/exception-register module documented
akeyless,AKEYLESS Vault Platform,UC-N-010,UC-N,ADD-ON,2,https://docs.akeyless.io/docs/sub-admins.md,"Sub-Admins",akeyless-llms-index-2024,Sub-Admins + RBAC documented; no formal M-of-N quorum-ceremony or break-glass workflow
akeyless,AKEYLESS Vault Platform,UC-N-011,UC-N,ADD-ON,2,https://docs.akeyless.io/docs/gateway-log-forwarding.md,"You can export the Audit Logs from the Akeyless Gateway to any of the following log services",akeyless-log-fwd-2024,Audit logs + SIEM forwarding enable IR; no built-in ATT&CK NHI attribution or RCA template
akeyless,AKEYLESS Vault Platform,UC-N-012,UC-N,GAP,0,https://docs.akeyless.io/llms.txt,"[No SLSA/in-toto page listed in documentation index]",akeyless-llms-index-2024,[INDUSTRY-CONSENSUS] No SLSA/in-toto/Sigstore provenance integration documented
akeyless,AKEYLESS Vault Platform,UC-N-013,UC-N,NATIVE,2,https://docs.akeyless.io/docs/gateway-pqc-support-reference.md,"Akeyless implements hybrid post-quantum cryptography (PQC) for TLS connections",akeyless-pqc-2024,Hybrid PQC TLS (X25519MLKEM768/TLS 1.3) documented; PQC for key-at-rest and DFC fragments not yet documented
akeyless,AKEYLESS Vault Platform,UC-N-014,UC-N,N/A,0,,,akeyless-llms-index-2024,Meta-process — not a product capability
akeyless,AKEYLESS Vault Platform,UC-N-015,UC-N,N/A,0,,,akeyless-llms-index-2024,Meta-process — not a product capability
akeyless,AKEYLESS Vault Platform,UC-N-016,UC-N,ADD-ON,1,https://docs.akeyless.io/docs/acme-server.md,"ACME Server",akeyless-llms-index-2024,[INDUSTRY-CONSENSUS] Cert lifecycle for device fleet; no fleet-posture reporting dashboard
akeyless,AKEYLESS Vault Platform,UC-N-017,UC-N,ADD-ON,2,https://docs.akeyless.io/docs/gateway-log-forwarding.md,"You can export the Audit Logs from the Akeyless Gateway to any of the following log services",akeyless-log-fwd-2024,Log forwarding to SIEM + audit logs track secret access; no log-scrubbing / DLP capability
akeyless,AKEYLESS Vault Platform,UC-N-018,UC-N,GAP,0,https://docs.akeyless.io/llms.txt,"[No TEE attestation assurance page listed in documentation index]",akeyless-llms-index-2024,[INDUSTRY-CONSENSUS] No TEE attestation assurance documented
akeyless,AKEYLESS Vault Platform,UC-N-019,UC-N,NATIVE,2,https://docs.akeyless.io/docs/agentic-runtime-authority.md,"each runtime session is traceable for monitoring and audit workflows",akeyless-agentic-2024,Agentic Runtime Authority: per-session traceability + tool-credential issuance monitoring; early access
akeyless,AKEYLESS Vault Platform,UC-N-020,UC-N,GAP,0,https://docs.akeyless.io/llms.txt,"[No mainframe/legacy posture page listed in documentation index]",akeyless-llms-index-2024,[INDUSTRY-CONSENSUS] No mainframe integration; legacy posture reporting requires manual process
doppler,Doppler,NHI-001,NHI,NATIVE,3,https://docs.doppler.com/docs/aws,Doppler syncs secrets to AWS Secrets Manager and supports dynamic AWS IAM credentials with ephemeral users,doppler-docs-integrations-2025;doppler-dynamic-secrets-docs-2025,Dynamic AWS IAM (Enterprise-only); OIDC service account identities for workload auth
doppler,Doppler,NHI-002,NHI,NATIVE,3,https://docs.doppler.com/docs/kubernetes-operator-oidc,Doppler Kubernetes Operator supports OIDC authentication using short-lived tokens instead of static API tokens,doppler-k8s-oidc-docs-2025,K8s Operator OIDC requires Team/Enterprise plan and v1.7.0+; ESO provider also available
doppler,Doppler,NHI-003,NHI,NATIVE,3,https://docs.doppler.com/docs/service-account-identities,Service account identities allow CI systems to authenticate using short-lived OIDC tokens without storing long-lived API tokens,doppler-service-account-identities-2025,GitHub Actions / GitLab / CircleCI OIDC supported; Team/Enterprise plan required
doppler,Doppler,NHI-004,NHI,ADD-ON,2,https://docs.doppler.com/docs/kubernetes-operator-oidc,Doppler K8s Operator can sync secrets including image-pull credentials to Kubernetes Secrets,doppler-k8s-oidc-docs-2025,No first-class registry credential rotation; pull creds must be manually structured as Doppler secrets
doppler,Doppler,NHI-005,NHI,NATIVE,2,https://docs.doppler.com/docs/secrets-rotation,Rotation supported for AWS RDS MySQL and Postgres GCP Cloud SQL and MongoDB Atlas via two-secret strategy,doppler-rotation-docs-2025,Dynamic DB creds Enterprise-only; Oracle/MSSQL/Snowflake/Redshift not covered
doppler,Doppler,NHI-006,NHI,GAP,0,https://docs.doppler.com/docs,No PKI certificate management or SPIFFE/SPIRE integration documented,doppler-docs-integrations-2025,Fundamental architectural gap; Doppler does not issue or manage X.509 certificates
doppler,Doppler,NHI-007,NHI,NATIVE,3,https://www.doppler.com/security,Doppler centralizes all secrets including SaaS API keys with versioning access control and audit logs,doppler-security-page-2025,Core product use case; sync to GitHub/CircleCI/Vercel/etc keeps SaaS keys out of code
doppler,Doppler,NHI-008,NHI,NATIVE,2,https://docs.doppler.com/docs/github-actions,Doppler syncs secrets to GitHub Actions Secrets and supports OIDC-based service tokens for repos,doppler-github-actions-docs-2025,Sync removes hardcoded PATs from repos; no push-protection or historical secret-scanning
doppler,Doppler,NHI-009,NHI,NATIVE,2,https://docs.doppler.com/docs,Terraform Cloud Pulumi ESC Harness and Ansible integrations allow IaC runs to pull secrets at apply-time,doppler-docs-integrations-2025,No AppRole equivalent; relies on service token or OIDC identity; no state-file scanning
doppler,Doppler,NHI-010,NHI,NATIVE,2,https://docs.doppler.com/docs,Doppler stores and distributes monitoring agent API keys via environment sync to all supported platforms,doppler-docs-integrations-2025,No agent-class rotation workflow; keys distributed via env sync; no telemetry-pipeline scrubbing
doppler,Doppler,NHI-011,NHI,ADD-ON,1,https://docs.doppler.com/docs,Kafka and message-broker credentials can be stored in Doppler and distributed via CLI or sync integrations,doppler-docs-integrations-2025,[INDUSTRY-CONSENSUS] No native Kafka/RabbitMQ rotation or mTLS cert management
doppler,Doppler,NHI-012,NHI,GAP,0,https://docs.doppler.com/docs,No Active Directory or LDAP integration documented in Doppler platform,doppler-docs-integrations-2025,SaaS cloud-native platform; gMSA and Kerberos out of scope
doppler,Doppler,NHI-013,NHI,ADD-ON,1,https://docs.doppler.com/docs,API gateway upstream credentials can be stored in Doppler and injected at runtime,doppler-docs-integrations-2025,[INDUSTRY-CONSENSUS] No gateway-specific cert lifecycle or mTLS provisioning
doppler,Doppler,NHI-014,NHI,GAP,0,https://docs.doppler.com/docs,No RPA orchestrator integration; UiPath Blue Prism Automation Anywhere not supported,doppler-docs-integrations-2025,[INDUSTRY-CONSENSUS] No session-bound credential checkout for bots
doppler,Doppler,NHI-015,NHI,GAP,0,https://docs.doppler.com/docs,No code-signing certificate management or Sigstore/Fulcio integration,doppler-docs-integrations-2025,Structural gap; no PKI or signing capability in platform
doppler,Doppler,NHI-016,NHI,GAP,0,https://docs.doppler.com/docs,No SLSA in-toto or build-provenance attestation identity management,doppler-docs-integrations-2025,Out of scope for secrets-store-only platform
doppler,Doppler,NHI-017,NHI,GAP,0,https://docs.doppler.com/docs,No service mesh CA or intermediate CA management for Istio Linkerd or Consul,doppler-docs-integrations-2025,No PKI capability; mesh control-plane identity out of scope
doppler,Doppler,NHI-018,NHI,GAP,0,https://docs.doppler.com/docs,No TEE attestation-gated secret release for Nitro SGX SEV-SNP or Azure MAA,doppler-docs-integrations-2025,Confidential-computing integration not on public roadmap
doppler,Doppler,NHI-019,NHI,NATIVE,2,https://docs.doppler.com/docs/mcp,Doppler MCP Server provides AI agents scoped read-only access to secrets with per-project per-config token restrictions,doppler-mcp-docs-2025,Experimental status as of 2026; intended for dev/test; not GA for production
doppler,Doppler,NHI-020,NHI,ADD-ON,1,https://docs.doppler.com/docs,ML registry tokens and model API keys can be stored and distributed via Doppler,doppler-docs-integrations-2025,[INDUSTRY-CONSENSUS] No model-registry-specific lifecycle management
doppler,Doppler,NHI-021,NHI,GAP,0,https://docs.doppler.com/docs,No IoT device enrolment DPS EST SCEP or TPM-backed per-device certificate management,doppler-docs-integrations-2025,Cloud SaaS platform; device-scale identity out of scope
doppler,Doppler,NHI-022,NHI,GAP,0,https://docs.doppler.com/docs,No RACF ACF2 Top Secret IBM-i or ICSF integration for mainframe service identities,doppler-docs-integrations-2025,Mainframe integration structurally out of scope for SaaS-first product
doppler,Doppler,NHI-023,NHI,GAP,0,https://docs.doppler.com/docs,Doppler is a secrets store not a KMS; no TDE master key custody or database-encryption key management,doppler-docs-integrations-2025,EKM feature is BYOK for Doppler's own encryption not customer DB key management
doppler,Doppler,NHI-024,NHI,GAP,0,https://docs.doppler.com/docs/security-fact-sheet,Doppler uses GCP KMS HSM-backed keys internally but does not expose HSM operator identity governance,doppler-security-fact-sheet-2025,No quorum/MofN controls exposed to customers
doppler,Doppler,NHI-025,NHI,GAP,0,https://docs.doppler.com/docs,No private CA functionality; no ACME EST or SCEP enrolment agent roles,doppler-docs-integrations-2025,PKI CA capability entirely absent from Doppler platform
doppler,Doppler,NHI-026,NHI,GAP,0,https://docs.doppler.com/docs,No backup agent (NetBackup Commvault Veeam Rubrik Cohesity) credential integration,doppler-docs-integrations-2025,[INDUSTRY-CONSENSUS] Critical gap for ransomware resilience use case
doppler,Doppler,NHI-027,NHI,ADD-ON,1,https://docs.doppler.com/docs,OAuth confidential client secrets storable; no OBO token-exchange broker or DPoP key management,doppler-docs-integrations-2025,[INDUSTRY-CONSENSUS] BFF/OBO patterns require additional tooling
doppler,Doppler,NHI-028,NHI,GAP,0,https://docs.doppler.com/docs,No FAPI 2.0 mTLS client cert CDR or Open Banking partner identity lifecycle management,doppler-docs-integrations-2025,No PKI or regulatory-framework-aware cert management
doppler,Doppler,NHI-029,NHI,ADD-ON,1,https://docs.doppler.com/docs/service-tokens,Service tokens provide read-only config-scoped access; no PAM-style session recording or JIT elevation,doppler-service-tokens-docs-2025,Suitable for simple NHI access; not a PAM replacement for shared functional IDs
doppler,Doppler,NHI-030,NHI,ADD-ON,1,https://docs.doppler.com/docs,OAuth client secrets and refresh tokens can be stored; no OAuth-app inventory or risk-scoring,doppler-docs-integrations-2025,[INDUSTRY-CONSENSUS] No shadow-integration discovery capability
doppler,Doppler,NHI-031,NHI,ADD-ON,1,https://docs.doppler.com/docs,Webhook HMAC signing secrets stored and versioned in Doppler with rotation support,doppler-docs-integrations-2025,[INDUSTRY-CONSENSUS] No replay-protection enforcement middleware
doppler,Doppler,NHI-032,NHI,GAP,0,https://docs.doppler.com/docs,No TACACS+ RADIUS SNMPv3 or network device credential integration,doppler-docs-integrations-2025,[INDUSTRY-CONSENSUS] Network infra credential management out of scope
doppler,Doppler,NHI-033,NHI,GAP,0,https://docs.doppler.com/docs,No branch-peripheral or 802.1X EAP-TLS device credential management,doppler-docs-integrations-2025,[INDUSTRY-CONSENSUS] Branch/OT device identity out of scope
doppler,Doppler,NHI-034,NHI,GAP,0,https://docs.doppler.com/docs,No PQC capability; no hybrid-cert issuance or ML-KEM/ML-DSA support,doppler-docs-integrations-2025,No cryptographic agility roadmap found in public documentation
doppler,Doppler,NHI-035,NHI,ADD-ON,1,https://docs.doppler.com/docs/security-fact-sheet,Workplace keys encrypted using HSM-backed key via GCP KMS; service accounts govern operator access,doppler-security-fact-sheet-2025,No quorum/Shamir recovery; root-token equivalent is workplace owner role
doppler,Doppler,NHI-036,NHI,GAP,0,https://docs.doppler.com/docs,No SPIFFE/SPIRE workload attestation or Aembit-style JIT ephemeral identity brokering,doppler-docs-integrations-2025,Workload attestation requires complementary SPIRE/Aembit tooling
doppler,Doppler,NHI-037,NHI,ADD-ON,1,https://www.doppler.com/platform/compliance,Activity logs and audit trails enable identification of dormant credentials; no automated dormancy sweep,doppler-compliance-page-2025,Manual identification only; no owner-attestation workflow or GRC export
doppler,Doppler,UC-F-001,UC-F,ADD-ON,1,https://docs.doppler.com/docs/github-actions,Doppler sync to GitHub Secrets eliminates need for inline secrets in code repositories,doppler-github-actions-docs-2025,No pre-commit scanning or push-protection; prevention is indirect via sync-not-embed pattern
doppler,Doppler,UC-F-002,UC-F,GAP,0,https://docs.doppler.com/docs,No secret-scanning historical repo sweep or detection capability in Doppler platform,doppler-docs-integrations-2025,Detection requires complementary tools (GitGuardian TruffleHog etc.)
doppler,Doppler,UC-F-003,UC-F,NATIVE,2,https://docs.doppler.com/docs/service-account-identities,Service account OIDC identities eliminate need for long-lived API tokens in CI/CD pipelines,doppler-service-account-identities-2025,Requires Team/Enterprise plan; GitHub GitLab CircleCI OIDC supported; K8s Operator OIDC for EKS/GKE/AKS
doppler,Doppler,UC-F-004,UC-F,GAP,0,https://docs.doppler.com/docs,No SPIFFE/SPIRE or workload attestation; no X.509-SVID or JWT-SVID issuance,doppler-docs-integrations-2025,Workload-attested ephemeral identity requires separate SPIRE/mesh infrastructure
doppler,Doppler,UC-F-005,UC-F,NATIVE,2,https://docs.doppler.com/docs/dynamic-secrets,Dynamic secrets provide one-off leases valid for 30 minutes for AWS IAM and Azure Service Principal,doppler-dynamic-secrets-docs-2025,Enterprise-only; limited RDBMS coverage; no Oracle/MSSQL/Snowflake dynamic creds
doppler,Doppler,UC-F-006,UC-F,NATIVE,2,https://docs.doppler.com/docs/secrets-rotation,Automated rotation for AWS IAM User RDS MySQL Postgres GCP Cloud SQL MongoDB Atlas on cadence,doppler-rotation-docs-2025,Team/Enterprise plan; proxied rotation for private infra via Lambda agent; limited provider set
doppler,Doppler,UC-F-007,UC-F,NATIVE,2,https://docs.doppler.com/docs/service-tokens,Service tokens and service accounts are instantly revocable; synced secrets auto-update on revocation,doppler-service-tokens-docs-2025,No documented SOAR/playbook integration for cross-system revocation orchestration
doppler,Doppler,UC-F-008,UC-F,NATIVE,2,https://docs.doppler.com/docs/kubernetes-operator-oidc,Doppler K8s Operator injects secrets as environment variables; External Secrets Operator also supported,doppler-k8s-oidc-docs-2025,No CSI driver; no enforcement of etcd encryption (customer-managed); secrets projected as K8s Secrets objects
doppler,Doppler,UC-F-009,UC-F,ADD-ON,1,https://docs.doppler.com/docs/kubernetes-operator-oidc,Image pull credentials can be stored in Doppler and synced to Kubernetes Secrets per namespace,doppler-k8s-oidc-docs-2025,[INDUSTRY-CONSENSUS] No per-workload scoping or registry-native rotation workflow
doppler,Doppler,UC-F-010,UC-F,NATIVE,2,https://docs.doppler.com/docs,Terraform Cloud Pulumi ESC Harness and Ansible integrations inject secrets at apply-time from Doppler,doppler-docs-integrations-2025,No state-file scanning; no IaC drift detection; relies on operator using correct integration pattern
doppler,Doppler,UC-F-011,UC-F,ADD-ON,1,https://docs.doppler.com/docs,Observability agent API keys stored in Doppler and distributed via environment sync,doppler-docs-integrations-2025,[INDUSTRY-CONSENSUS] No agent-specific rotation cadence; no telemetry-pipeline secret-scrubbing
doppler,Doppler,UC-F-012,UC-F,GAP,0,https://docs.doppler.com/docs,No Kafka RabbitMQ SQS Service Bus credential management or mTLS cert provisioning,doppler-docs-integrations-2025,[INDUSTRY-CONSENSUS] Message-broker identity hardening out of scope
doppler,Doppler,UC-F-013,UC-F,GAP,0,https://docs.doppler.com/docs,No Active Directory gMSA Kerberos or LDAP integration for AD service account modernisation,doppler-docs-integrations-2025,SaaS cloud-native; on-prem AD integration structurally out of scope
doppler,Doppler,UC-F-014,UC-F,ADD-ON,1,https://docs.doppler.com/docs,API gateway credentials stored in Doppler; no mTLS cert lifecycle or gateway-specific upstream identity management,doppler-docs-integrations-2025,[INDUSTRY-CONSENSUS] Gateway-specific patterns require complementary PKI tooling
doppler,Doppler,UC-F-015,UC-F,GAP,0,https://docs.doppler.com/docs,No RPA orchestrator integration; no session-bound credential checkout for bot identities,doppler-docs-integrations-2025,[INDUSTRY-CONSENSUS] RPA credential vaulting requires PAM-capable tooling
doppler,Doppler,UC-F-016,UC-F,GAP,0,https://docs.doppler.com/docs,No Sigstore keyless signing HSM-backed code-signing or SLSA attestation identity management,doppler-docs-integrations-2025,No PKI capability; code and artifact signing entirely out of scope
doppler,Doppler,UC-F-017,UC-F,GAP,0,https://docs.doppler.com/docs,No TEE attestation-gated secret release for Nitro SGX SEV-SNP or Azure MAA,doppler-docs-integrations-2025,Confidential-computing not on public Doppler roadmap
doppler,Doppler,UC-F-018,UC-F,NATIVE,2,https://docs.doppler.com/docs/mcp,Doppler MCP Server provides AI agents scoped token access with read-only mode and per-project restrictions,doppler-mcp-docs-2025,Experimental status; not production GA; no plan-tier requirement listed; Node.js 20+ required
doppler,Doppler,UC-F-019,UC-F,GAP,0,https://docs.doppler.com/docs,No IoT device enrolment DPS EST SCEP or per-device certificate lifecycle management,doppler-docs-integrations-2025,Device-scale identity out of scope for SaaS secrets manager
doppler,Doppler,UC-F-020,UC-F,GAP,0,https://docs.doppler.com/docs,No mainframe credential rotation; no RACF ACF2 ICSF or IBM-i integration,doppler-docs-integrations-2025,Mainframe credential management out of scope
doppler,Doppler,UC-F-021,UC-F,GAP,0,https://docs.doppler.com/docs,No backup agent credential vaulting for NetBackup Commvault Veeam Rubrik or Cohesity,doppler-docs-integrations-2025,[INDUSTRY-CONSENSUS] Critical ransomware-resilience gap
doppler,Doppler,UC-F-022,UC-F,ADD-ON,1,https://docs.doppler.com/docs,Webhook signing secrets stored versioned and distributable via sync; no replay-protection enforcement,doppler-docs-integrations-2025,[INDUSTRY-CONSENSUS] Application-layer HMAC verification must be implemented separately
doppler,Doppler,UC-F-023,UC-F,GAP,0,https://docs.doppler.com/docs,No TACACS+ RADIUS SNMPv3 or network device credential rotation integration,doppler-docs-integrations-2025,[INDUSTRY-CONSENSUS] Network device credential modernisation out of scope
doppler,Doppler,UC-F-024,UC-F,GAP,0,https://docs.doppler.com/docs,No FAPI 2.0 mTLS client cert lifecycle CDR Open Banking or sender-constrained token management,doppler-docs-integrations-2025,No PKI capability; AU Open Banking compliance requires dedicated PKI/PAM tooling
doppler,Doppler,UC-F-025,UC-F,ADD-ON,1,https://docs.doppler.com/docs,OAuth client secrets and refresh tokens can be stored in Doppler; no shadow-app discovery or risk scoring,doppler-docs-integrations-2025,[INDUSTRY-CONSENSUS] OAuth-app governance requires additional CASB/SSPM tooling
doppler,Doppler,UC-F-026,UC-F,ADD-ON,1,https://docs.doppler.com/docs/security-fact-sheet,Workplace owner roles and service account access logs provide rudimentary vault-internal governance,doppler-security-fact-sheet-2025,No quorum/MofN recovery; no root-token ceremony; no replication token scoping
doppler,Doppler,UC-F-027,UC-F,ADD-ON,1,https://www.doppler.com/platform/compliance,Activity logs support manual identification of dormant credentials; no automated dormancy sweep or attestation,doppler-compliance-page-2025,Owner-attestation and GRC export require manual processes outside Doppler
doppler,Doppler,UC-N-001,UC-N,ADD-ON,1,https://www.doppler.com/platform/compliance,Doppler tracks internal secret activity; no cross-repo secrets-in-code sprawl KPI dashboard,doppler-compliance-page-2025,Sprawl dashboard requires complementary secret-scanning tool; Doppler shows only managed secrets
doppler,Doppler,UC-N-002,UC-N,ADD-ON,1,https://www.doppler.com/platform/compliance,Project/config hierarchy provides partial NHI inventory; no formal owner-attestation workflow or GRC export,doppler-compliance-page-2025,Inventory is scoped to secrets managed in Doppler; no discovery of unmanaged NHIs
doppler,Doppler,UC-N-003,UC-N,ADD-ON,1,https://www.doppler.com/platform/compliance,Activity logs show rotation events; no built-in rotation-coverage KPI or freshness dashboard by NHI bucket,doppler-compliance-page-2025,Manual log analysis required; no executive KPI surfacing
doppler,Doppler,UC-N-004,UC-N,ADD-ON,1,https://www.doppler.com/platform/compliance,Audit logs exportable from Doppler activity trail; no one-click APRA CPS 234 evidence pack builder,doppler-compliance-page-2025,Evidence assembly requires manual mapping; no signed/timestamped pack generation
doppler,Doppler,UC-N-005,UC-N,GAP,0,https://docs.doppler.com/docs,No Essential 8 maturity scorecard or NIST ZT pillar mapping in Doppler platform,doppler-docs-integrations-2025,[INDUSTRY-CONSENSUS] Scorecard must be assembled manually using Doppler as one data source
doppler,Doppler,UC-N-006,UC-N,GAP,0,https://docs.doppler.com/docs,No third-party integration risk scoring or SaaS supply-chain attestation capability,doppler-docs-integrations-2025,[INDUSTRY-CONSENSUS] Vendor risk management requires separate GRC tooling
doppler,Doppler,UC-N-007,UC-N,GAP,0,https://docs.doppler.com/docs/security-fact-sheet,All Doppler servers run in GCP us-central1; no AU region no self-hosted option no data residency selection,doppler-security-fact-sheet-2025,Critical APRA CPS 230/234 gap; disqualifying for AU FI primary deployment without explicit risk acceptance
doppler,Doppler,UC-N-008,UC-N,GAP,0,https://docs.doppler.com/docs,No training module completion tracking or secure-coding programme in Doppler platform,doppler-docs-integrations-2025,[INDUSTRY-CONSENSUS] Training KPIs require separate LMS tooling
doppler,Doppler,UC-N-009,UC-N,GAP,0,https://docs.doppler.com/docs,No exception register GRC integration or risk-acceptance workflow in Doppler,doppler-docs-integrations-2025,[INDUSTRY-CONSENSUS] Exception governance requires separate GRC platform
doppler,Doppler,UC-N-010,UC-N,ADD-ON,1,https://docs.doppler.com/docs/security-fact-sheet,Workplace owner roles and access audit logs provide basic break-glass governance; no quorum controls,doppler-security-fact-sheet-2025,No MofN quorum; no HSM quorum ceremony; break-glass is single-person workplace owner
doppler,Doppler,UC-N-011,UC-N,ADD-ON,1,https://www.doppler.com/platform/compliance,Audit logs support post-incident forensics and identity attribution; no SOAR playbook or NHI-RCA template,doppler-compliance-page-2025,[INDUSTRY-CONSENSUS] SOAR integration and RCA templating require complementary tooling
doppler,Doppler,UC-N-012,UC-N,GAP,0,https://docs.doppler.com/docs,No SLSA in-toto signed-artifact coverage or provenance reporting capability,doppler-docs-integrations-2025,Supply-chain provenance assurance entirely out of scope
doppler,Doppler,UC-N-013,UC-N,GAP,0,https://docs.doppler.com/docs,No crypto-inventory PQC migration scorecard or hybrid-cert support,doppler-docs-integrations-2025,No cryptographic agility capability; NIST FIPS 203/204/205 not on public roadmap
doppler,Doppler,UC-N-014,UC-N,ADD-ON,1,https://docs.doppler.com/docs,Doppler activity logs and change history support manual vendor-matrix maintenance,doppler-docs-integrations-2025,[INDUSTRY-CONSENSUS] Matrix tooling must be built externally; Doppler is a data source only
doppler,Doppler,UC-N-015,UC-N,GAP,0,https://docs.doppler.com/docs,Communications and stakeholder cadence tooling out of scope for secrets management platform,doppler-docs-integrations-2025,N/A — organisational process capability not a product feature
doppler,Doppler,UC-N-016,UC-N,GAP,0,https://docs.doppler.com/docs,No IoT OT ATM or branch-peripheral fleet posture reporting,doppler-docs-integrations-2025,[INDUSTRY-CONSENSUS] Device fleet posture requires dedicated IoT/MDM tooling
doppler,Doppler,UC-N-017,UC-N,ADD-ON,1,https://www.doppler.com/platform/compliance,Doppler activity trail shows secret access patterns; no log-scrubbing or telemetry-pipeline secret-scanning,doppler-compliance-page-2025,[INDUSTRY-CONSENSUS] Log scrubbing must be implemented at agent/pipeline tier
doppler,Doppler,UC-N-018,UC-N,GAP,0,https://docs.doppler.com/docs,No TEE attestation logs or confidential-computing workload verification capability,doppler-docs-integrations-2025,Confidential-computing assurance out of scope
doppler,Doppler,UC-N-019,UC-N,ADD-ON,1,https://docs.doppler.com/docs/mcp,Doppler MCP Server provides scoped AI agent access; no per-tool issuance volume KPIs or SOC alerting,doppler-mcp-docs-2025,Experimental; governance KPI suite for agentic workflows not yet available
doppler,Doppler,UC-N-020,UC-N,GAP,0,https://docs.doppler.com/docs,No mainframe RPA or legacy credential posture reporting; mainframe out of scope,doppler-docs-integrations-2025,Mainframe/legacy transparency requires specialist tooling (CyberArk Conjur for z/OS etc.)
infisical,Infisical,NHI-001,NHI,NATIVE,3,https://infisical.com/docs/documentation/platform/identities/aws-auth,"AWS Auth authenticates using the IAM role attached to the workload",infisical-aws-auth-2024;infisical-dynamic-aws-iam-2024,AWS/Azure/GCP Auth + dynamic AWS IAM secrets supported natively
infisical,Infisical,NHI-002,NHI,NATIVE,3,https://infisical.com/docs/documentation/platform/identities/kubernetes-auth,"Kubernetes Auth uses the pod's projected service account token",infisical-k8s-auth-2024;infisical-k8s-operator-2024,K8s Auth + Operator for secret injection into pods
infisical,Infisical,NHI-003,NHI,NATIVE,3,https://infisical.com/docs/documentation/platform/identities/oidc-auth,"OIDC Auth allows a machine identity to authenticate using an OIDC ID token",infisical-oidc-auth-2024,OIDC Auth supports GitHub Actions / GitLab CI / any OIDC provider
infisical,Infisical,NHI-004,NHI,ADD-ON,2,https://infisical.com/docs/documentation/getting-started/introduction,"Sync secrets to platforms like GitHub Vercel AWS and more",infisical-github-2024,Secret syncs applicable; no dedicated image-pull credential engine
infisical,Infisical,NHI-005,NHI,NATIVE,3,https://infisical.com/docs/documentation/platform/dynamic-secrets/postgresql,"Dynamic secrets for PostgreSQL generate leased database credentials",infisical-dynamic-pg-2024;infisical-rotation-pg-2024,Dynamic secrets + rotation for PostgreSQL and MySQL; Oracle also supported
infisical,Infisical,NHI-006,NHI,NATIVE,3,https://infisical.com/docs/documentation/platform/pki/overview,"Issue certificates using enrollment methods such as API ACME or EST",infisical-pki-2024,Full internal CA hierarchy; external CA (ACME/DigiCert/ADCS); EST enrollment
infisical,Infisical,NHI-007,NHI,ADD-ON,2,https://infisical.com/docs/documentation/platform/secret-rotation/overview,"Secret Rotation v2 rotate secrets at regular intervals for services",infisical-rotation-2024,Rotation v2 can rotate API key secrets; no dedicated OAuth-client rotation engine
infisical,Infisical,NHI-008,NHI,NATIVE,3,https://infisical.com/docs/cli/scanning-overview,"Scanning feature capable of identifying more than 140 different types of secret leaks",infisical-scanning-2024,CLI scanning + pre-commit hook + full git history scan; 140+ secret types
infisical,Infisical,NHI-009,NHI,NATIVE,2,https://infisical.com/docs/documentation/getting-started/introduction,"Sync secrets to platforms like Terraform Ansible and more",infisical-github-2024,Terraform provider; Ansible integration; Infisical Agent for IaC runners
infisical,Infisical,NHI-010,NHI,ADD-ON,2,https://infisical.com/pricing,"Secret Rotation available at Pro and Enterprise tiers",infisical-pricing-2024,Secrets Manager can store agent tokens; rotation v2 for API keys; no observability-specific engine
infisical,Infisical,NHI-011,NHI,ADD-ON,1,https://infisical.com/docs/documentation/getting-started/introduction,"Securely store and manage application secrets from development",infisical-intro-2024,No native Kafka/RabbitMQ credential engine; PKI for mTLS only [INDUSTRY-CONSENSUS]
infisical,Infisical,NHI-012,NHI,ADD-ON,2,https://infisical.com/pricing,"LDAP Authentication available at Enterprise tier",infisical-pricing-2024,LDAP auth Enterprise only; no native AD gMSA/Kerberos rotation
infisical,Infisical,NHI-013,NHI,ADD-ON,2,https://infisical.com/docs/documentation/platform/pki/overview,"Manage the full lifecycle from issuance to renewal and revocation with CRL",infisical-pki-2024,PKI cert issuance for gateway mTLS; no gateway-specific integration confirmed
infisical,Infisical,NHI-014,NHI,ADD-ON,1,https://infisical.com/docs/documentation/getting-started/introduction,"Securely store and manage application secrets",infisical-intro-2024,Generic secret storage; no RPA orchestrator native integration [INDUSTRY-CONSENSUS]
infisical,Infisical,NHI-015,NHI,NATIVE,2,https://infisical.com/docs/documentation/platform/pki/overview,"Certificate Management including Code Signing",infisical-pki-2024,PKI code-signing support in certificate management; HSM-backed signing available
infisical,Infisical,NHI-016,NHI,GAP,0,https://github.com/Infisical/infisical,"open-source all-in-one platform for secrets certificates and privileged access",infisical-github-2024,No Sigstore/SLSA/in-toto integration found [INDUSTRY-CONSENSUS]
infisical,Infisical,NHI-017,NHI,ADD-ON,1,https://infisical.com/docs/documentation/platform/pki/overview,"Create and manage a private CA hierarchy directly within Infisical",infisical-pki-2024,Internal CA can back service mesh intermediate CA; no native mesh integration
infisical,Infisical,NHI-018,NHI,GAP,0,https://infisical.com/docs/documentation/getting-started/introduction,"Securely store and manage application secrets",infisical-intro-2024,No TEE attestation-gated secret release [INDUSTRY-CONSENSUS]
infisical,Infisical,NHI-019,NHI,ADD-ON,2,https://infisical.com/pricing,"AI Security Advisor available at Enterprise tier",infisical-pricing-2024,AI Security Advisor (Enterprise); MCP server referenced but docs 404 at profile time
infisical,Infisical,NHI-020,NHI,GAP,0,https://infisical.com/docs/documentation/getting-started/introduction,"Securely store and manage application secrets",infisical-intro-2024,No ML registry credential type found [INDUSTRY-CONSENSUS]
infisical,Infisical,NHI-021,NHI,ADD-ON,1,https://infisical.com/docs/documentation/platform/pki/overview,"enrollment methods such as API ACME or EST",infisical-pki-2024,ACME/EST enrollment applicable to IoT; no IoT fleet management integration
infisical,Infisical,NHI-022,NHI,GAP,0,https://infisical.com/docs/documentation/getting-started/introduction,"Securely store and manage application secrets",infisical-intro-2024,No RACF/ACF2/IBM-i integration found [INDUSTRY-CONSENSUS]
infisical,Infisical,NHI-023,NHI,NATIVE,2,https://infisical.com/security,"Project data keys can optionally be managed by an external KMS",infisical-security-2024,KMS per-project AES-256-GCM keys; AWS/GCP/Azure external KMS for CMK control
infisical,Infisical,NHI-024,NHI,NATIVE,3,https://infisical.com/docs/documentation/platform/kms/hsm-integration,"Thales Luna Cloud HSM Fortanix AWS CloudHSM via PKCS11",infisical-kms-hsm-2024,HSM PKCS#11 integration (Thales Luna / Fortanix / AWS CloudHSM); Enterprise self-hosted only
infisical,Infisical,NHI-025,NHI,NATIVE,3,https://infisical.com/docs/documentation/platform/pki/ca,"Create Certificate Policies and Certificate Profiles for reusable issuance",infisical-pki-2024,Full internal CA hierarchy with admin roles; External CA (ACME/DigiCert/ADCS); CRL + lifecycle
infisical,Infisical,NHI-026,NHI,ADD-ON,1,https://infisical.com/docs/documentation/getting-started/introduction,"Securely store and manage application secrets",infisical-intro-2024,Generic secret storage for backup agent creds; no backup-system native integration [INDUSTRY-CONSENSUS]
infisical,Infisical,NHI-027,NHI,ADD-ON,2,https://infisical.com/docs/documentation/platform/identities/oidc-auth,"OIDC Auth allows a machine identity to authenticate using an OIDC ID token",infisical-oidc-auth-2024,OIDC/JWT Auth for service identities; no dedicated OAuth OBO engine
infisical,Infisical,NHI-028,NHI,ADD-ON,2,https://infisical.com/docs/documentation/platform/pki/overview,"Manage the full lifecycle from issuance to renewal and revocation with CRL",infisical-pki-2024,PKI cert lifecycle for mTLS client certs; no FAPI 2.0 / CDR-specific feature
infisical,Infisical,NHI-029,NHI,ADD-ON,1,https://infisical.com/docs/documentation/getting-started/introduction,"Securely store and manage application secrets",infisical-intro-2024,Generic secret storage; no IGA-style shared-account governance [INDUSTRY-CONSENSUS]
infisical,Infisical,NHI-030,NHI,GAP,0,https://infisical.com/docs/documentation/getting-started/introduction,"Securely store and manage application secrets",infisical-intro-2024,No OAuth-app inventory or shadow-integration governance [INDUSTRY-CONSENSUS]
infisical,Infisical,NHI-031,NHI,ADD-ON,1,https://infisical.com/docs/documentation/platform/secret-rotation/overview,"Rotate secrets at regular intervals",infisical-rotation-2024,Secrets Manager stores HMAC webhook secrets; no webhook-specific rotation native
infisical,Infisical,NHI-032,NHI,ADD-ON,1,https://infisical.com/docs/documentation/platform/pki/overview,"enrollment methods such as API ACME or EST",infisical-pki-2024,PKI cert enrollment applicable to network devices; no TACACS+/RADIUS integration
infisical,Infisical,NHI-033,NHI,ADD-ON,1,https://infisical.com/docs/documentation/platform/pki/overview,"enrollment methods such as API ACME or EST",infisical-pki-2024,PKI 802.1X-capable certs; no peripheral-specific integration
infisical,Infisical,NHI-034,NHI,NATIVE,2,https://infisical.com/docs/documentation/platform/pki/reference/pqc-algorithms,"Post-Quantum Cryptography algorithms reference for certificate management",infisical-pqc-2024,Dedicated PQC algorithms page in PKI docs; ahead of most emerging-tier peers
infisical,Infisical,NHI-035,NHI,NATIVE,2,https://infisical.com/security,"Project data keys can optionally be managed by an external KMS",infisical-security-2024;infisical-kms-2024,External KMS for auto-unseal; machine identity for vault agent; audit logs
infisical,Infisical,NHI-036,NHI,ADD-ON,1,https://infisical.com/docs/documentation/platform/identities/oidc-auth,"OIDC Auth allows a machine identity to authenticate using an OIDC ID token",infisical-oidc-auth-2024,No native SPIFFE/SPIRE; OIDC/JWT Auth provides short-lived tokens as nearest equivalent
infisical,Infisical,NHI-037,NHI,ADD-ON,1,https://infisical.com/docs/documentation/platform/audit-logs,"Audit logs record every action taken within the platform",infisical-audit-2024,Audit logs show access history; no automated dormancy sweep or orphan-cleanup pipeline
infisical,Infisical,UC-F-001,UC-F,NATIVE,3,https://infisical.com/docs/cli/scanning-overview,"scanning feature capable of identifying more than 140 different types of secret leaks",infisical-scanning-2024,CLI scan + pre-commit hook + git history scan; 140+ secret types; P0 use case
infisical,Infisical,UC-F-002,UC-F,NATIVE,3,https://infisical.com/docs/cli/scanning-overview,"To scan your full git history run infisical scan --verbose",infisical-scanning-2024,Full git history scan (`infisical scan --verbose`); continuous + one-time modes
infisical,Infisical,UC-F-003,UC-F,NATIVE,3,https://infisical.com/docs/documentation/platform/identities/oidc-auth,"OIDC Auth allows a machine identity to authenticate using an OIDC ID token",infisical-oidc-auth-2024;infisical-dynamic-aws-iam-2024,OIDC federation + dynamic AWS IAM; no long-lived keys needed in pipelines
infisical,Infisical,UC-F-004,UC-F,ADD-ON,1,https://infisical.com/docs/documentation/platform/identities/oidc-auth,"OIDC Auth allows short-lived tokens for workloads",infisical-oidc-auth-2024,No native SPIFFE/SPIRE Workload API; OIDC/JWT tokens as nearest equivalent
infisical,Infisical,UC-F-005,UC-F,NATIVE,3,https://infisical.com/docs/documentation/platform/dynamic-secrets/postgresql,"Dynamic secrets for PostgreSQL generate leased database credentials on demand",infisical-dynamic-pg-2024;infisical-dynamic-oracle-2024,Dynamic secrets with TTL leases for PostgreSQL; Oracle; AWS ElastiCache; AWS MemoryDB
infisical,Infisical,UC-F-006,UC-F,NATIVE,3,https://infisical.com/docs/documentation/platform/secret-rotation/overview,"Rotate secrets at regular intervals with Auto-Rotation Enabled toggle",infisical-rotation-2024,Scheduled rotation (days interval); PostgreSQL / MySQL / AWS IAM targets confirmed GA
infisical,Infisical,UC-F-007,UC-F,NATIVE,2,https://infisical.com/security,"Secrets and dynamic secret credentials governed with access controls",infisical-security-2024,Secret versioning + PiT recovery + machine identity revocation; no SOAR integration confirmed
infisical,Infisical,UC-F-008,UC-F,NATIVE,3,https://infisical.com/docs/integrations/platforms/kubernetes/overview,"Kubernetes Operator syncs secrets to native K8s secrets or injects via agent",infisical-k8s-operator-2024,K8s Operator + Infisical Agent injection; supports CSI-style pattern
infisical,Infisical,UC-F-009,UC-F,ADD-ON,2,https://infisical.com/docs/integrations/platforms/kubernetes/overview,"Kubernetes Operator can populate imagePullSecrets per namespace",infisical-k8s-operator-2024,K8s Operator can populate imagePullSecrets; no per-workload TTL engine
infisical,Infisical,UC-F-010,UC-F,NATIVE,2,https://infisical.com/docs/documentation/getting-started/introduction,"use tools like Terraform Ansible and more to fetch secrets at run time",infisical-github-2024,Terraform provider + Ansible integration; Infisical Agent for runner-side injection
infisical,Infisical,UC-F-011,UC-F,ADD-ON,2,https://infisical.com/docs/documentation/platform/secret-rotation/overview,"Rotate secrets at regular intervals for API keys and tokens",infisical-rotation-2024,Rotation v2 can rotate API key secrets; no observability-agent-specific engine
infisical,Infisical,UC-F-012,UC-F,ADD-ON,1,https://infisical.com/docs/documentation/platform/pki/overview,"Issue certificates for mTLS workload-to-workload authentication",infisical-pki-2024,PKI for mTLS certs; no native Kafka/RabbitMQ/SQS credential engine
infisical,Infisical,UC-F-013,UC-F,ADD-ON,1,https://infisical.com/pricing,"LDAP Authentication available at Enterprise tier",infisical-pricing-2024,LDAP auth Enterprise only; no gMSA/Kerberos native rotation
infisical,Infisical,UC-F-014,UC-F,ADD-ON,2,https://infisical.com/docs/documentation/platform/pki/overview,"Certificate lifecycle management for API gateway mTLS",infisical-pki-2024,PKI cert lifecycle for gateway mTLS; no gateway-vendor-specific integration
infisical,Infisical,UC-F-015,UC-F,ADD-ON,1,https://infisical.com/docs/documentation/getting-started/introduction,"Securely store and manage application secrets",infisical-intro-2024,Generic secret storage; no RPA orchestrator native integration [INDUSTRY-CONSENSUS]
infisical,Infisical,UC-F-016,UC-F,NATIVE,2,https://infisical.com/docs/documentation/platform/pki/overview,"Certificate Management including Code Signing",infisical-pki-2024;infisical-pqc-2024,PKI code-signing support; HSM-backed signing; PQC algorithms in cert policies
infisical,Infisical,UC-F-017,UC-F,GAP,0,https://infisical.com/docs/documentation/getting-started/introduction,"Securely store and manage application secrets",infisical-intro-2024,No TEE/confidential-computing attestation-gated secret release [INDUSTRY-CONSENSUS]
infisical,Infisical,UC-F-018,UC-F,ADD-ON,2,https://infisical.com/pricing,"AI Security Advisor available at Enterprise tier",infisical-pricing-2024,AI Security Advisor + MCP server (referenced; docs 404); static API key patterns discouraged
infisical,Infisical,UC-F-019,UC-F,ADD-ON,2,https://infisical.com/docs/documentation/platform/pki/overview,"enrollment methods such as API ACME or EST for IoT devices",infisical-pki-2024,ACME/EST enrollment for per-device certs; no DPS/fleet-management integration
infisical,Infisical,UC-F-020,UC-F,GAP,0,https://infisical.com/docs/documentation/getting-started/introduction,"Securely store and manage application secrets",infisical-intro-2024,No RACF/ACF2/IBM-i mainframe integration [INDUSTRY-CONSENSUS]
infisical,Infisical,UC-F-021,UC-F,ADD-ON,1,https://infisical.com/docs/documentation/getting-started/introduction,"Securely store and manage application secrets",infisical-intro-2024,Generic secret storage for backup agent creds; no Veeam/Rubrik/Commvault native integration
infisical,Infisical,UC-F-022,UC-F,ADD-ON,1,https://infisical.com/docs/documentation/platform/secret-rotation/overview,"Rotate secrets at regular intervals",infisical-rotation-2024,Secrets Manager stores webhook HMAC secrets; no webhook-specific rotation
infisical,Infisical,UC-F-023,UC-F,ADD-ON,1,https://infisical.com/docs/documentation/platform/pki/overview,"enrollment methods such as API ACME or EST",infisical-pki-2024,PKI cert enrollment for network devices; no TACACS+/RADIUS/SNMPv3 rotation
infisical,Infisical,UC-F-024,UC-F,ADD-ON,2,https://infisical.com/docs/documentation/platform/pki/overview,"Manage full lifecycle from issuance to renewal and revocation with CRL",infisical-pki-2024,PKI lifecycle for mTLS client certs; no FAPI 2.0 / CDR-specific workflow
infisical,Infisical,UC-F-025,UC-F,GAP,0,https://infisical.com/docs/documentation/getting-started/introduction,"Securely store and manage application secrets",infisical-intro-2024,No OAuth-app inventory or shadow-integration governance [INDUSTRY-CONSENSUS]
infisical,Infisical,UC-F-026,UC-F,NATIVE,2,https://infisical.com/security,"Project data keys optionally managed by external KMS for key custody control",infisical-security-2024;infisical-kms-2024;infisical-audit-2024,External KMS auto-unseal; machine identity for vault agent; audit log for break-glass
infisical,Infisical,UC-F-027,UC-F,ADD-ON,1,https://infisical.com/docs/documentation/platform/audit-logs,"Audit logs record every action taken within the platform",infisical-audit-2024,Audit logs show access history; no automated dormancy sweep or owner-attestation pipeline
infisical,Infisical,UC-N-001,UC-N,ADD-ON,2,https://infisical.com/docs/documentation/getting-started/introduction,"Insights feature in Secrets Manager shows secret usage",infisical-github-2024,Insights in Secrets Manager; no cross-repo secret-sprawl KPI dashboard or trend line
infisical,Infisical,UC-N-002,UC-N,ADD-ON,2,https://infisical.com/docs/documentation/platform/identities/machine-identities,"Machine Identities provide a centralised inventory of non-human identities",infisical-machine-identities-2024,Machine identity UI provides inventory; no IGA-style owner-attestation workflow
infisical,Infisical,UC-N-003,UC-N,ADD-ON,2,https://infisical.com/docs/documentation/platform/secret-rotation/overview,"Rotation Interval in days triggers scheduled rotation events",infisical-rotation-2024,Rotation scheduling provides interval data; no KPI reporting or coverage dashboard
infisical,Infisical,UC-N-004,UC-N,ADD-ON,2,https://infisical.com/docs/documentation/platform/audit-logs,"Audit logs with Custom Audit Log Retention at Enterprise tier",infisical-audit-2024;infisical-pricing-2024,Audit log streaming + custom retention (Enterprise); no one-click APRA evidence pack
infisical,Infisical,UC-N-005,UC-N,ADD-ON,1,https://infisical.com/docs/self-hosting/overview,"Compliance: self-hosting helps meet strict regulatory requirements",infisical-selfhost-2024,Self-hosting enables E8/ZT controls alignment; no built-in scorecard feature [INDUSTRY-CONSENSUS]
infisical,Infisical,UC-N-006,UC-N,ADD-ON,1,https://infisical.com/docs/documentation/getting-started/introduction,"Securely store and manage application secrets",infisical-intro-2024,No vendor risk scoring or supply-chain attestation feature [INDUSTRY-CONSENSUS]
infisical,Infisical,UC-N-007,UC-N,NATIVE,3,https://infisical.com/docs/self-hosting/overview,"Deploying Infisical in your own environment helps meet strict regulatory requirements",infisical-selfhost-2024,Self-hosted on AWS ap-southeast-2 satisfies APRA CPS 230 data residency; no AU SaaS region
infisical,Infisical,UC-N-008,UC-N,GAP,0,https://infisical.com/docs/documentation/getting-started/introduction,"Securely store and manage application secrets",infisical-intro-2024,No training module or adoption KPI feature [INDUSTRY-CONSENSUS]
infisical,Infisical,UC-N-009,UC-N,GAP,0,https://infisical.com/docs/documentation/getting-started/introduction,"Securely store and manage application secrets",infisical-intro-2024,No exception register or GRC integration found [INDUSTRY-CONSENSUS]
infisical,Infisical,UC-N-010,UC-N,ADD-ON,2,https://infisical.com/docs/documentation/platform/kms/hsm-integration,"Thales Luna Fortanix AWS CloudHSM via PKCS11 for HSM quorum",infisical-kms-hsm-2024,HSM quorum via PKCS#11 (Enterprise); no vault-level Shamir quorum UI confirmed
infisical,Infisical,UC-N-011,UC-N,ADD-ON,2,https://infisical.com/docs/documentation/platform/audit-logs,"Audit Log Streaming available at Enterprise tier",infisical-audit-2024;infisical-pricing-2024,Audit log streaming to SIEM (Enterprise); no SOAR/MITRE-mapped RCA tooling
infisical,Infisical,UC-N-012,UC-N,GAP,0,https://infisical.com/docs/documentation/getting-started/introduction,"Securely store and manage application secrets",infisical-intro-2024,No SLSA/in-toto/Sigstore integration or supply-chain provenance reporting [INDUSTRY-CONSENSUS]
infisical,Infisical,UC-N-013,UC-N,NATIVE,2,https://infisical.com/docs/documentation/platform/pki/reference/pqc-algorithms,"Post-Quantum Cryptography algorithms for certificate management",infisical-pqc-2024,PQC algorithms in PKI CA; dedicated PQC reference page ahead of most emerging peers
infisical,Infisical,UC-N-014,UC-N,N/A,0,https://infisical.com/docs/documentation/getting-started/introduction,"all-in-one platform for secrets certificates and privileged access",infisical-intro-2024,Process UC — vendor matrix maintenance is out of scope for vendor tooling
infisical,Infisical,UC-N-015,UC-N,N/A,0,https://infisical.com/docs/documentation/getting-started/introduction,"all-in-one platform for secrets certificates and privileged access",infisical-intro-2024,Process UC — stakeholder communications cadence is out of scope for vendor tooling
infisical,Infisical,UC-N-016,UC-N,ADD-ON,1,https://infisical.com/docs/documentation/platform/pki/overview,"enrollment methods such as API ACME or EST for device enrollment",infisical-pki-2024,PKI enrollment for IoT; no fleet posture dashboard or default-credential reporting
infisical,Infisical,UC-N-017,UC-N,ADD-ON,1,https://infisical.com/docs/cli/scanning-overview,"scanning feature capable of identifying more than 140 different types of secret leaks",infisical-scanning-2024,CLI scanning covers log files for secret patterns; no ingest-tier scrubbing integration
infisical,Infisical,UC-N-018,UC-N,GAP,0,https://infisical.com/docs/documentation/getting-started/introduction,"Securely store and manage application secrets",infisical-intro-2024,No TEE attestation evidence or assurance reporting [INDUSTRY-CONSENSUS]
infisical,Infisical,UC-N-019,UC-N,ADD-ON,1,https://infisical.com/pricing,"AI Security Advisor available at Enterprise tier",infisical-pricing-2024,AI Security Advisor in Enterprise; no per-tool credential issuance KPI confirmed
infisical,Infisical,UC-N-020,UC-N,GAP,0,https://infisical.com/docs/documentation/getting-started/introduction,"Securely store and manage application secrets",infisical-intro-2024,No mainframe/RPA posture reporting or legacy-exception transparency [INDUSTRY-CONSENSUS]
1password-secrets-automation,1Password Secrets Automation,NHI-001,NHI,ADD-ON,2,https://developer.1password.com/docs/service-accounts,"Service accounts can't access your built-in Personal, Private, or Employee vault.",1password-sa-docs-2024,CLI/SDK injects static cloud API keys; no native OIDC-based JIT credential issuance
1password-secrets-automation,1Password Secrets Automation,NHI-002,NHI,NATIVE,3,https://developer.1password.com/docs/k8s,"Kubernetes Operator integrates Kubernetes Secrets with 1Password with one or more Connect servers or service accounts.",1password-k8s-docs-2024,Operator creates K8s Secrets + auto-restarts; Injector does mutating-webhook env-var injection
1password-secrets-automation,1Password Secrets Automation,NHI-003,NHI,NATIVE,3,https://developer.1password.com/docs/cli/secret-references,"Use op run to pass secrets as environment variables into a process at runtime.",1password-cli-docs-2024;1password-secret-refs-2024,op:// references and op run inject secrets into CI/CD pipelines without persisting plaintext
1password-secrets-automation,1Password Secrets Automation,NHI-004,NHI,ADD-ON,2,https://developer.1password.com/docs/k8s/k8s-operator,"Create Kubernetes Secrets from 1Password items and load them into Kubernetes deployments.",1password-k8s-op-docs-2024,Pull-secret values stored as KV items and injected; no per-workload issuance engine
1password-secrets-automation,1Password Secrets Automation,NHI-005,NHI,ADD-ON,1,https://developer.1password.com/docs/service-accounts,"Use a service account if you want a token-based authentication method that isn't associated with an individual account.",1password-sa-docs-2024,Static DB creds stored; no dynamic DB secrets engine with TTL leases
1password-secrets-automation,1Password Secrets Automation,NHI-006,NHI,GAP,0,https://developer.1password.com/docs/secrets-automation,,1password-sa-docs-2024,No PKI/CA engine; no cert issuance or TLS lifecycle management documented
1password-secrets-automation,1Password Secrets Automation,NHI-007,NHI,NATIVE,3,https://developer.1password.com/docs/cli/secret-references,"Configuration files that use secret references instead of plaintext secrets can be safely checked into Git.",1password-secret-refs-2024;1password-cli-docs-2024,Core use case; API keys stored in vaults and injected via CLI/SDK/Connect
1password-secrets-automation,1Password Secrets Automation,NHI-008,NHI,NATIVE,3,https://developer.1password.com/docs/ssh,"1Password SSH agent integration and PAT storage with op:// references in CI pipelines.",1password-ssh-docs-2024,Native SSH agent + PAT storage; full op:// support in CI
1password-secrets-automation,1Password Secrets Automation,NHI-009,NHI,NATIVE,3,https://developer.1password.com/docs/terraform,"Use the 1Password Terraform provider to manage 1Password items and inject secrets at apply-time.",1password-tf-docs-2024,Terraform provider + Ansible collection inject secrets without persisting in state files
1password-secrets-automation,1Password Secrets Automation,NHI-010,NHI,ADD-ON,2,https://developer.1password.com/docs/cli/get-started,"Use 1Password CLI to inject secrets as environment variables at runtime.",1password-cli-getstarted-2024,Monitoring creds stored as static secrets and injected via CLI; no dedicated SIEM path
1password-secrets-automation,1Password Secrets Automation,NHI-011,NHI,ADD-ON,2,https://developer.1password.com/docs/service-accounts,"Automate access, limit your integration to least privilege access, or for shared building.",1password-sa-docs-2024,Broker credentials stored as KV items; no native AMQP/Kafka credential plugin
1password-secrets-automation,1Password Secrets Automation,NHI-012,NHI,ADD-ON,1,https://developer.1password.com/docs/secrets-automation,,1password-sa-docs-2024,Windows credential items supported; no gMSA/Kerberos rotation engine
1password-secrets-automation,1Password Secrets Automation,NHI-013,NHI,ADD-ON,2,https://developer.1password.com/docs/cli/secret-references,"Use op inject to pass in a configuration file templated with secret references.",1password-secret-refs-2024,API keys stored and injected; no native gateway-side identity protocol
1password-secrets-automation,1Password Secrets Automation,NHI-014,NHI,ADD-ON,1,https://developer.1password.com/docs/service-accounts,,1password-sa-docs-2024,RPA tool credentials storable; no RPA-platform-native plugin documented [INDUSTRY-CONSENSUS]
1password-secrets-automation,1Password Secrets Automation,NHI-015,NHI,GAP,0,https://developer.1password.com/docs/secrets-automation,,,No code-signing key management or Sigstore integration
1password-secrets-automation,1Password Secrets Automation,NHI-016,NHI,GAP,0,https://developer.1password.com/docs/secrets-automation,,,Not in scope for 1Password Secrets Automation
1password-secrets-automation,1Password Secrets Automation,NHI-017,NHI,GAP,0,https://developer.1password.com/docs/secrets-automation,,,No Istio/Linkerd/SPIFFE integration documented
1password-secrets-automation,1Password Secrets Automation,NHI-018,NHI,GAP,0,https://developer.1password.com/docs/secrets-automation,,,No TEE attestation gate for secret release
1password-secrets-automation,1Password Secrets Automation,NHI-019,NHI,NATIVE,2,https://developer.1password.com/docs/building-with-llms,"Use the 1Password MCP Server for Codex to manage Environments without ever exposing secrets to the agent.",1password-mcp-docs-2026,MCP Server for Codex (2026) + agent hooks expose 1Password credential brokering to LLM tool calls
1password-secrets-automation,1Password Secrets Automation,NHI-020,NHI,GAP,0,https://developer.1password.com/docs/secrets-automation,,,No ML model registry credential pattern documented
1password-secrets-automation,1Password Secrets Automation,NHI-021,NHI,GAP,0,https://developer.1password.com/docs/secrets-automation,,,No IoT enrollment or device-certificate engine
1password-secrets-automation,1Password Secrets Automation,NHI-022,NHI,GAP,0,https://developer.1password.com/docs/secrets-automation,,,No mainframe credential plugin or RACF integration
1password-secrets-automation,1Password Secrets Automation,NHI-023,NHI,GAP,0,https://1password.com/security/,,1password-security-2024,No HSM-backed TDE key management; AgileBits-managed SaaS store only
1password-secrets-automation,1Password Secrets Automation,NHI-024,NHI,GAP,0,https://1password.com/security/,,1password-security-2024,No external HSM/KMS operator identity management; no PKCS#11 integration documented
1password-secrets-automation,1Password Secrets Automation,NHI-025,NHI,GAP,0,https://developer.1password.com/docs/secrets-automation,,,No internal CA or cert lifecycle management
1password-secrets-automation,1Password Secrets Automation,NHI-026,NHI,ADD-ON,1,https://developer.1password.com/docs/service-accounts,,1password-sa-docs-2024,Backup creds stored as static KV; no DR-specific identity workflow [INDUSTRY-CONSENSUS]
1password-secrets-automation,1Password Secrets Automation,NHI-027,NHI,ADD-ON,1,https://developer.1password.com/docs/service-accounts,,1password-sa-docs-2024,OAuth tokens storable; no OBO token broker engine [INDUSTRY-CONSENSUS]
1password-secrets-automation,1Password Secrets Automation,NHI-028,NHI,GAP,0,https://developer.1password.com/docs/secrets-automation,,,No FAPI 2.0 or Open Banking mTLS cert management
1password-secrets-automation,1Password Secrets Automation,NHI-029,NHI,ADD-ON,2,https://1password.com/pricing/,"Collaborate securely with role-based vault sharing and permissions.",1password-pricing-2024,Shared vaults with RBAC for functional accounts; audit log in Business plan
1password-secrets-automation,1Password Secrets Automation,NHI-030,NHI,NATIVE,3,https://1password.com/security/,"1Password is SOC 2 type 2 certified and complies with the most stringent industry standards.",1password-security-2024,Core consumer/business use case; browser extension + vault RBAC
1password-secrets-automation,1Password Secrets Automation,NHI-031,NHI,ADD-ON,1,https://developer.1password.com/docs/service-accounts,,1password-sa-docs-2024,Webhook tokens stored as KV; no HMAC-validation engine [INDUSTRY-CONSENSUS]
1password-secrets-automation,1Password Secrets Automation,NHI-032,NHI,GAP,0,https://developer.1password.com/docs/secrets-automation,,,No TACACS+/RADIUS/network-device credential engine
1password-secrets-automation,1Password Secrets Automation,NHI-033,NHI,GAP,0,https://developer.1password.com/docs/secrets-automation,,,Not in scope
1password-secrets-automation,1Password Secrets Automation,NHI-034,NHI,GAP,0,https://developer.1password.com/docs/secrets-automation,,,No PQC or hybrid-PKI key management
1password-secrets-automation,1Password Secrets Automation,NHI-035,NHI,ADD-ON,2,https://developer.1password.com/docs/connect/get-started,"An access token. Use this in your applications or services to authenticate with the Connect REST API.",1password-connect-docs-2024,Connect Server access tokens govern broker identity; scoped per Secrets Automation workflow
1password-secrets-automation,1Password Secrets Automation,NHI-036,NHI,GAP,0,https://developer.1password.com/docs/secrets-automation,,,No SPIFFE/SPIRE integration; no SVID issuance
1password-secrets-automation,1Password Secrets Automation,NHI-037,NHI,ADD-ON,1,https://1password.com/security/,"1Password is SOC 2 type 2 certified and complies with the most stringent industry standards.",1password-security-2024,Watchtower flags weak/reused creds for workforce; no programmatic NHI orphan sweep
1password-secrets-automation,1Password Secrets Automation,UC-F-001,UC-F,NATIVE,3,https://developer.1password.com/docs/cli/secret-references,"Configuration files that use secret references instead of plaintext secrets can be safely checked into Git.",1password-secret-refs-2024,op:// secret references replace inline secrets; VS Code extension enforces at edit time
1password-secrets-automation,1Password Secrets Automation,UC-F-002,UC-F,ADD-ON,1,https://developer.1password.com/docs/secrets-automation,,1password-sa-docs-2024,No built-in repo-scanning; relies on external tools (GitGuardian etc.) [INDUSTRY-CONSENSUS]
1password-secrets-automation,1Password Secrets Automation,UC-F-003,UC-F,GAP,0,https://developer.1password.com/docs/secrets-automation,,,No OIDC-to-token exchange or cloud IAM integration; static API keys only
1password-secrets-automation,1Password Secrets Automation,UC-F-004,UC-F,GAP,0,https://developer.1password.com/docs/secrets-automation,,,No SPIFFE/SPIRE integration for workload-attested ephemeral identity
1password-secrets-automation,1Password Secrets Automation,UC-F-005,UC-F,GAP,0,https://developer.1password.com/docs/secrets-automation,,,No dynamic secrets engine; only static KV storage
1password-secrets-automation,1Password Secrets Automation,UC-F-006,UC-F,ADD-ON,2,https://developer.1password.com/docs/cli/get-started,"Use 1Password CLI to inject secrets as environment variables at runtime.",1password-cli-docs-2024,Rotation via CLI scripting + webhooks; not a first-class engine with lease TTLs
1password-secrets-automation,1Password Secrets Automation,UC-F-007,UC-F,ADD-ON,2,https://developer.1password.com/docs/service-accounts,"Use a service account if you want a token-based authentication method that isn't associated with an individual account.",1password-sa-docs-2024,Service account and Connect tokens can be revoked via dashboard/CLI; no automated ITSM trigger
1password-secrets-automation,1Password Secrets Automation,UC-F-008,UC-F,NATIVE,3,https://developer.1password.com/docs/k8s,"The 1Password Kubernetes Secrets Injector implements a mutating webhook that allows you to inject 1Password secrets as environment variables into a Kubernetes pod or deployment.",1password-k8s-docs-2024,K8s Operator + Injector deliver secrets without persisting plaintext to disk
1password-secrets-automation,1Password Secrets Automation,UC-F-009,UC-F,ADD-ON,2,https://developer.1password.com/docs/k8s/k8s-operator,"Create Kubernetes Secrets from 1Password items and load them into Kubernetes deployments.",1password-k8s-op-docs-2024,Pull-secret values stored as KV items and injected via Operator; no per-workload issuance engine
1password-secrets-automation,1Password Secrets Automation,UC-F-010,UC-F,NATIVE,3,https://developer.1password.com/docs/terraform,"Use the 1Password Terraform provider to manage 1Password items and inject secrets at apply-time.",1password-tf-docs-2024,Terraform provider + Ansible collection inject secrets; no state-file residual
1password-secrets-automation,1Password Secrets Automation,UC-F-011,UC-F,ADD-ON,1,https://developer.1password.com/docs/service-accounts,,1password-sa-docs-2024,Creds stored as KV; manual rotation scripting only; no native telemetry integration [INDUSTRY-CONSENSUS]
1password-secrets-automation,1Password Secrets Automation,UC-F-012,UC-F,ADD-ON,1,https://developer.1password.com/docs/service-accounts,,1password-sa-docs-2024,Credentials stored; no native Kafka/RabbitMQ plugin [INDUSTRY-CONSENSUS]
1password-secrets-automation,1Password Secrets Automation,UC-F-013,UC-F,GAP,0,https://developer.1password.com/docs/secrets-automation,,,No AD/Kerberos/gMSA integration
1password-secrets-automation,1Password Secrets Automation,UC-F-014,UC-F,ADD-ON,2,https://developer.1password.com/docs/cli/secret-references,"Use op inject to pass in a configuration file templated with secret references.",1password-secret-refs-2024,API keys stored and injected; no native gateway-side enforcement
1password-secrets-automation,1Password Secrets Automation,UC-F-015,UC-F,ADD-ON,1,https://developer.1password.com/docs/service-accounts,,1password-sa-docs-2024,Credentials storable; no RPA-platform plugin or session-binding [INDUSTRY-CONSENSUS]
1password-secrets-automation,1Password Secrets Automation,UC-F-016,UC-F,GAP,0,https://developer.1password.com/docs/secrets-automation,,,No code-signing or Sigstore/cosign integration
1password-secrets-automation,1Password Secrets Automation,UC-F-017,UC-F,GAP,0,https://developer.1password.com/docs/secrets-automation,,,No confidential-computing / TEE attestation path
1password-secrets-automation,1Password Secrets Automation,UC-F-018,UC-F,NATIVE,2,https://developer.1password.com/docs/building-with-llms,"Use the 1Password MCP Server for Codex to manage Environments without ever exposing secrets to the agent.",1password-mcp-docs-2026,MCP Server for Codex (2026) + agent hooks broker credentials to LLM tool calls without exposing them
1password-secrets-automation,1Password Secrets Automation,UC-F-019,UC-F,GAP,0,https://developer.1password.com/docs/secrets-automation,,,No IoT certificate or device-identity engine
1password-secrets-automation,1Password Secrets Automation,UC-F-020,UC-F,GAP,0,https://developer.1password.com/docs/secrets-automation,,,No mainframe integration
1password-secrets-automation,1Password Secrets Automation,UC-F-021,UC-F,ADD-ON,1,https://developer.1password.com/docs/service-accounts,,1password-sa-docs-2024,Backup creds stored; no automated de-privileging workflow [INDUSTRY-CONSENSUS]
1password-secrets-automation,1Password Secrets Automation,UC-F-022,UC-F,ADD-ON,1,https://developer.1password.com/docs/service-accounts,,1password-sa-docs-2024,Webhook tokens stored as KV; no HMAC-verify engine [INDUSTRY-CONSENSUS]
1password-secrets-automation,1Password Secrets Automation,UC-F-023,UC-F,GAP,0,https://developer.1password.com/docs/secrets-automation,,,No TACACS+/RADIUS/NETCONF integration
1password-secrets-automation,1Password Secrets Automation,UC-F-024,UC-F,GAP,0,https://developer.1password.com/docs/secrets-automation,,,No PKI or mTLS cert management
1password-secrets-automation,1Password Secrets Automation,UC-F-025,UC-F,ADD-ON,2,https://1password.com/pricing/,"Collaborate securely with role-based vault sharing and permissions.",1password-pricing-2024,OAuth tokens stored with RBAC in shared vaults; no automated revocation
1password-secrets-automation,1Password Secrets Automation,UC-F-026,UC-F,ADD-ON,2,https://developer.1password.com/docs/connect/get-started,"You can issue additional tokens later.",1password-connect-docs-2024,Connect Server + service account tokens are scoped; no Shamir/quorum split
1password-secrets-automation,1Password Secrets Automation,UC-F-027,UC-F,ADD-ON,1,https://1password.com/security/,"1Password is SOC 2 type 2 certified and complies with the most stringent industry standards.",1password-security-2024,Watchtower identifies human-focused stale entries; no machine-identity orphan sweep
1password-secrets-automation,1Password Secrets Automation,UC-N-001,UC-N,ADD-ON,1,https://1password.com/pricing/,"Strengthen security hygiene with Watchtower alerts.",1password-pricing-2024,Business plan usage reports; no dedicated secret-sprawl KPI dashboard
1password-secrets-automation,1Password Secrets Automation,UC-N-002,UC-N,ADD-ON,1,https://developer.1password.com/docs/service-accounts,"Automate access, limit your integration to least privilege access.",1password-sa-docs-2024,Vault/item inventory via API; no formal NHI ownership attestation workflow
1password-secrets-automation,1Password Secrets Automation,UC-N-003,UC-N,ADD-ON,1,https://developer.1password.com/docs/service-accounts,,,No rotation-age reporting for machine secrets natively [INDUSTRY-CONSENSUS]
1password-secrets-automation,1Password Secrets Automation,UC-N-004,UC-N,ADD-ON,2,https://1password.com/security/,"1Password is SOC 2 type 2 certified and complies with the most stringent industry standards.",1password-security-2024,SOC 2 Type II report available; Business plan audit log; limited regulatory mapping docs
1password-secrets-automation,1Password Secrets Automation,UC-N-005,UC-N,GAP,0,https://developer.1password.com/docs/secrets-automation,,,No E8 or ZT scorecard tooling; no ACSC/ASD mapping published
1password-secrets-automation,1Password Secrets Automation,UC-N-006,UC-N,ADD-ON,1,https://1password.com/security/,"1Password is SOC 2 type 2 certified.",1password-security-2024,SOC 2 available; no supply-chain-specific SBOM or attestation workflow [INDUSTRY-CONSENSUS]
1password-secrets-automation,1Password Secrets Automation,UC-N-007,UC-N,ADD-ON,2,https://developer.1password.com/docs/connect/get-started,"Deploy a 1Password Connect Server to self-host your secrets broker.",1password-connect-docs-2024,EU SaaS region available; no AU region; self-hosted Connect Server provides partial sovereignty path
1password-secrets-automation,1Password Secrets Automation,UC-N-008,UC-N,NATIVE,2,https://1password.com/security/,"1Password is SOC 2 type 2 certified and complies with the most stringent industry standards.",1password-security-2024,Watchtower + security scores for workforce; limited machine-identity training KPIs
1password-secrets-automation,1Password Secrets Automation,UC-N-009,UC-N,GAP,0,https://developer.1password.com/docs/secrets-automation,,,No formal exception register or risk-acceptance workflow
1password-secrets-automation,1Password Secrets Automation,UC-N-010,UC-N,GAP,0,https://developer.1password.com/docs/secrets-automation,,,No Shamir/quorum secret-sharing or break-glass workflow
1password-secrets-automation,1Password Secrets Automation,UC-N-011,UC-N,ADD-ON,1,https://developer.1password.com/docs/service-accounts,,1password-sa-docs-2024,Audit events available; no structured incident-RCA workflow [INDUSTRY-CONSENSUS]
1password-secrets-automation,1Password Secrets Automation,UC-N-012,UC-N,GAP,0,https://developer.1password.com/docs/secrets-automation,,,No SLSA integration or provenance reporting
1password-secrets-automation,1Password Secrets Automation,UC-N-013,UC-N,GAP,0,https://developer.1password.com/docs/secrets-automation,,,No PQC or crypto-agility framework
1password-secrets-automation,1Password Secrets Automation,UC-N-014,UC-N,ADD-ON,1,https://developer.1password.com/docs/secrets-automation,,,No tooling; manual process [INDUSTRY-CONSENSUS]
1password-secrets-automation,1Password Secrets Automation,UC-N-015,UC-N,ADD-ON,1,https://developer.1password.com/docs/secrets-automation,,,No built-in comms tooling [INDUSTRY-CONSENSUS]
1password-secrets-automation,1Password Secrets Automation,UC-N-016,UC-N,GAP,0,https://developer.1password.com/docs/secrets-automation,,,No IoT/OT inventory or reporting
1password-secrets-automation,1Password Secrets Automation,UC-N-017,UC-N,ADD-ON,1,https://developer.1password.com/docs/secrets-automation,,,No native telemetry-pipeline monitoring for secret leaks [INDUSTRY-CONSENSUS]
1password-secrets-automation,1Password Secrets Automation,UC-N-018,UC-N,GAP,0,https://developer.1password.com/docs/secrets-automation,,,No TEE integration
1password-secrets-automation,1Password Secrets Automation,UC-N-019,UC-N,ADD-ON,1,https://developer.1password.com/docs/building-with-llms,"Use the 1Password MCP Server for Codex to manage Environments without ever exposing secrets to the agent.",1password-mcp-docs-2026,MCP Server and agent hooks exist; no governance KPI dashboard for AI agent credential use
1password-secrets-automation,1Password Secrets Automation,UC-N-020,UC-N,GAP,0,https://developer.1password.com/docs/secrets-automation,,,No mainframe/legacy posture tooling
venafi,Venafi / CyberArk Machine Identity Security,NHI-001,NHI,GAP,0,https://www.cyberark.com/products/machine-identity-security/,Cloud IAM principal management is outside MIS scope,cyberark-mis-overview-2025,Belongs to PAM or cloud-native IAM; not in MIS product portfolio
venafi,Venafi / CyberArk Machine Identity Security,NHI-002,NHI,ADD-ON,2,https://docs.venafi.cloud/,Certificate Manager for Kubernetes issues TLS certs to K8s workloads via cert-manager,venafi-cloud-docs-2026,JWT-SVID for K8s SAs via Workload Identity Manager; direct SA token management out of scope
venafi,Venafi / CyberArk Machine Identity Security,NHI-003,NHI,ADD-ON,2,https://www.cyberark.com/products/code-sign-manager/,Integrate with the tools and processes your teams already use,cyberark-code-sign-mgr-2025,Code Sign Manager integrates with Jenkins / GitHub Actions / Azure DevOps for pipeline-initiated signing
venafi,Venafi / CyberArk Machine Identity Security,NHI-004,NHI,GAP,0,https://www.cyberark.com/products/machine-identity-security/,Container registry credential management outside MIS scope,cyberark-mis-overview-2025,Handled by Conjur or PAM
venafi,Venafi / CyberArk Machine Identity Security,NHI-005,NHI,GAP,0,https://www.cyberark.com/products/machine-identity-security/,Database dynamic credential issuance out of scope for MIS,cyberark-mis-overview-2025,Belongs to secrets vault (Conjur/PAM)
venafi,Venafi / CyberArk Machine Identity Security,NHI-006,NHI,NATIVE,4,https://www.cyberark.com/products/certificate-manager/,Certificate Manager simplifies the entire certificate lifecycle by automating discovery monitoring renewal and compliance enforcement,cyberark-cert-mgr-2025,Core product lane; 200+ machine integrations; 47-day TLS lifespan automation
venafi,Venafi / CyberArk Machine Identity Security,NHI-007,NHI,GAP,0,https://www.cyberark.com/products/machine-identity-security/,API key and OAuth client credential management outside MIS scope,cyberark-mis-overview-2025,Belongs to secrets vault
venafi,Venafi / CyberArk Machine Identity Security,NHI-008,NHI,GAP,0,https://www.cyberark.com/products/machine-identity-security/,PAT/deploy-key management not in MIS product scope,cyberark-mis-overview-2025,Belongs to PAM or secrets vault
venafi,Venafi / CyberArk Machine Identity Security,NHI-009,NHI,ADD-ON,1,https://www.cyberark.com/products/certificate-manager/,IaC pipelines can request certs from Certificate Manager via API,cyberark-cert-mgr-2025,REST/ACME API callable from Terraform/Ansible; no native IaC agent identity product
venafi,Venafi / CyberArk Machine Identity Security,NHI-010,NHI,GAP,0,https://www.cyberark.com/products/machine-identity-security/,Monitoring agent credential management not in MIS scope,cyberark-mis-overview-2025,Belongs to Conjur/PAM
venafi,Venafi / CyberArk Machine Identity Security,NHI-011,NHI,GAP,0,https://www.cyberark.com/products/machine-identity-security/,Dynamic broker-credential issuance out of scope,cyberark-mis-overview-2025,mTLS certs for brokers can be provisioned but not dynamic credentials
venafi,Venafi / CyberArk Machine Identity Security,NHI-012,NHI,GAP,0,https://www.cyberark.com/products/machine-identity-security/,AD service account management belongs to CyberArk PAM,cyberark-mis-overview-2025,Not in MIS scope
venafi,Venafi / CyberArk Machine Identity Security,NHI-013,NHI,NATIVE,3,https://docs.venafi.cloud/whatsnew/,Certificate Manager SaaS now supports integration with Akamai CDN for certificate discovery and provisioning,venafi-cloud-whatsnew-2026;cyberark-cert-mgr-2025,Machine integrations: F5 BIG-IP / Akamai / A10 Thunder ADC / Radware Alteon / Apache / Nginx
venafi,Venafi / CyberArk Machine Identity Security,NHI-014,NHI,GAP,0,https://www.cyberark.com/products/machine-identity-security/,RPA credential management belongs to PAM,cyberark-mis-overview-2025,Not in MIS scope
venafi,Venafi / CyberArk Machine Identity Security,NHI-015,NHI,NATIVE,4,https://www.cyberark.com/products/code-sign-manager/,Securely store private keys in the CyberArk vault or a connected HSM,cyberark-code-sign-mgr-2025,Code Sign Manager is purpose-built for enterprise code-signing key custody and signing-as-a-service
venafi,Venafi / CyberArk Machine Identity Security,NHI-016,NHI,ADD-ON,2,https://www.cyberark.com/products/code-sign-manager/,Avoid shift left attacks with secure code signing operations,cyberark-code-sign-mgr-2025,Signing key governance supports build provenance; SLSA-specific attestation not explicitly documented
venafi,Venafi / CyberArk Machine Identity Security,NHI-017,NHI,ADD-ON,2,https://www.cyberark.com/products/workload-identity-manager/,SPIFFE support offers robust governance and trust,cyberark-wim-2025,Workload Identity Manager issues SPIFFE SVIDs used by Istio/Linkerd/Consul control planes
venafi,Venafi / CyberArk Machine Identity Security,NHI-018,NHI,GAP,0,https://www.cyberark.com/products/machine-identity-security/,TEE attestation not in MIS product scope,cyberark-mis-overview-2025,Confidential-computing attestation out of scope
venafi,Venafi / CyberArk Machine Identity Security,NHI-019,NHI,GAP,0,https://www.cyberark.com/products/machine-identity-security/,AI agent credential brokering not in MIS scope,cyberark-mis-overview-2025,Conjur/PAM handles secrets injection for AI agents
venafi,Venafi / CyberArk Machine Identity Security,NHI-020,NHI,GAP,0,https://www.cyberark.com/products/machine-identity-security/,ML model registry identity not in MIS product scope,cyberark-mis-overview-2025,
venafi,Venafi / CyberArk Machine Identity Security,NHI-021,NHI,NATIVE,3,https://www.cyberark.com/products/zero-touch-pki/,Supports SCEP MDM ACME EST REST interfaces,cyberark-zero-touch-pki-2025,Zero Touch PKI enables large-scale IoT/OT device cert enrollment
venafi,Venafi / CyberArk Machine Identity Security,NHI-022,NHI,GAP,0,https://www.cyberark.com/products/machine-identity-security/,No documented mainframe-specific integration in MIS,cyberark-mis-overview-2025,Generic cert provision possible but not validated for mainframe platforms
venafi,Venafi / CyberArk Machine Identity Security,NHI-023,NHI,GAP,0,https://www.cyberark.com/products/machine-identity-security/,TDE key management belongs to HSM/KMS layer not MIS,cyberark-mis-overview-2025,DB encryption key management out of scope
venafi,Venafi / CyberArk Machine Identity Security,NHI-024,NHI,ADD-ON,3,https://docs.venafi.cloud/whatsnew/,You can connect an HSM to the Workload Identity Manager server to allow signing using a private key protected by an HSM,venafi-wim-hsm-2024;cyberark-zero-touch-pki-2025,Thales Luna / Entrust nShield / AWS CloudHSM integration for CA key and signing key protection
venafi,Venafi / CyberArk Machine Identity Security,NHI-025,NHI,NATIVE,4,https://www.cyberark.com/products/certificate-manager/,Certificate Manager automates discovery monitoring renewal and compliance enforcement for CA operator workflows,cyberark-cert-mgr-2025;venafi-tpp-2024,Policy framework governs RA/CA admin/enrolment agent roles; referenced in taxonomy as canonical example
venafi,Venafi / CyberArk Machine Identity Security,NHI-026,NHI,GAP,0,https://www.cyberark.com/products/machine-identity-security/,Backup agent credential management not in MIS scope,cyberark-mis-overview-2025,Belongs to PAM
venafi,Venafi / CyberArk Machine Identity Security,NHI-027,NHI,GAP,0,https://www.cyberark.com/products/machine-identity-security/,OAuth token brokering not in MIS scope,cyberark-mis-overview-2025,
venafi,Venafi / CyberArk Machine Identity Security,NHI-028,NHI,ADD-ON,2,https://www.cyberark.com/products/certificate-manager/,Certificate Manager issues and manages mTLS client certificates,cyberark-cert-mgr-2025,mTLS certs for FAPI 2.0/Open Banking partners; no dedicated Open Banking product feature
venafi,Venafi / CyberArk Machine Identity Security,NHI-029,NHI,GAP,0,https://www.cyberark.com/products/machine-identity-security/,Shared account governance belongs to PAM,cyberark-mis-overview-2025,
venafi,Venafi / CyberArk Machine Identity Security,NHI-030,NHI,GAP,0,https://www.cyberark.com/products/machine-identity-security/,OAuth app governance not in MIS scope,cyberark-mis-overview-2025,
venafi,Venafi / CyberArk Machine Identity Security,NHI-031,NHI,GAP,0,https://www.cyberark.com/products/machine-identity-security/,Webhook identity management not in MIS scope,cyberark-mis-overview-2025,
venafi,Venafi / CyberArk Machine Identity Security,NHI-032,NHI,NATIVE,3,https://docs.venafi.cloud/whatsnew/,CyberArk Certificate Manager SaaS supports Radware Alteon certificate discovery and provisioning,venafi-cloud-whatsnew-2026;cyberark-zero-touch-pki-2025,SCEP for network device enrollment; machine integrations for routers/switches/LBs/CDN
venafi,Venafi / CyberArk Machine Identity Security,NHI-033,NHI,ADD-ON,1,https://www.cyberark.com/products/zero-touch-pki/,Automates an otherwise labor-intensive process SCEP MDM ACME EST REST interfaces,cyberark-zero-touch-pki-2025,SCEP can enroll printers/peripherals; no dedicated printer integration documented
venafi,Venafi / CyberArk Machine Identity Security,NHI-034,NHI,ADD-ON,1,https://www.cyberark.com/products/certificate-manager/,Certificate Manager enforces policy-based algorithm selection enabling crypto-agility,cyberark-cert-mgr-2025,Algorithm enforcement supports PQC readiness; hybrid-cert issuance roadmap not confirmed publicly
venafi,Venafi / CyberArk Machine Identity Security,NHI-035,NHI,GAP,0,https://www.cyberark.com/products/machine-identity-security/,Secrets broker identity in Conjur/PAM scope not MIS,cyberark-mis-overview-2025,
venafi,Venafi / CyberArk Machine Identity Security,NHI-036,NHI,NATIVE,4,https://www.cyberark.com/products/workload-identity-manager/,Industry's first workload identity issuer featuring built-in trust validation and authentication SPIFFE support,cyberark-wim-2025,Workload Identity Manager (formerly Firefly) issues SPIFFE X.509-SVIDs and JWT-SVIDs at developer velocity
venafi,Venafi / CyberArk Machine Identity Security,NHI-037,NHI,NATIVE,3,https://www.cyberark.com/products/certificate-manager/,Gain visibility into every certificate and its location owners expiration dates,cyberark-cert-mgr-2025,Continuous discovery and orphaned-cert detection is a core Certificate Manager value proposition
venafi,Venafi / CyberArk Machine Identity Security,UC-F-001,UC-F,GAP,0,https://www.cyberark.com/products/machine-identity-security/,Secret scanning and vault injection not in MIS scope,cyberark-mis-overview-2025,Belongs to secrets vault / SAST tooling
venafi,Venafi / CyberArk Machine Identity Security,UC-F-002,UC-F,GAP,0,https://www.cyberark.com/products/machine-identity-security/,Git history scanning not in MIS scope,cyberark-mis-overview-2025,
venafi,Venafi / CyberArk Machine Identity Security,UC-F-003,UC-F,GAP,0,https://www.cyberark.com/products/machine-identity-security/,Cloud OIDC federation belongs to Conjur/PAM not MIS,cyberark-mis-overview-2025,
venafi,Venafi / CyberArk Machine Identity Security,UC-F-004,UC-F,NATIVE,4,https://www.cyberark.com/products/workload-identity-manager/,Industry's first workload identity issuer featuring built-in trust validation and authentication with SPIFFE support,cyberark-wim-2025,Workload Identity Manager directly addresses SPIFFE/SPIRE workload identity; HSM-backed signing
venafi,Venafi / CyberArk Machine Identity Security,UC-F-005,UC-F,GAP,0,https://www.cyberark.com/products/machine-identity-security/,Dynamic DB credential issuance not in MIS scope,cyberark-mis-overview-2025,
venafi,Venafi / CyberArk Machine Identity Security,UC-F-006,UC-F,ADD-ON,2,https://www.cyberark.com/products/certificate-manager/,Certificate Manager automates renewal; SSH Manager rotates SSH keys,cyberark-cert-mgr-2025;cyberark-ssh-mgr-2025,Automates cert and SSH key rotation; non-cert/non-SSH static secrets out of scope
venafi,Venafi / CyberArk Machine Identity Security,UC-F-007,UC-F,NATIVE,3,https://www.cyberark.com/products/certificate-manager/,Certificate Manager supports CRL and OCSP-based revocation via CA integrations,cyberark-cert-mgr-2025,CA integrations enforce revocation downstream; revocation workflow native to platform
venafi,Venafi / CyberArk Machine Identity Security,UC-F-008,UC-F,ADD-ON,2,https://docs.venafi.cloud/,Certificate Manager for Kubernetes issues in-cluster TLS certs without long-lived static files,venafi-cloud-docs-2026,cert-manager integration via VSatellite; not a general K8s secret injector
venafi,Venafi / CyberArk Machine Identity Security,UC-F-009,UC-F,GAP,0,https://www.cyberark.com/products/machine-identity-security/,Image-pull credential management not in MIS scope,cyberark-mis-overview-2025,
venafi,Venafi / CyberArk Machine Identity Security,UC-F-010,UC-F,GAP,0,https://www.cyberark.com/products/machine-identity-security/,Generic secrets injection not in MIS scope,cyberark-mis-overview-2025,Cert API callable from IaC pipelines but not general-purpose secrets injection
venafi,Venafi / CyberArk Machine Identity Security,UC-F-011,UC-F,GAP,0,https://www.cyberark.com/products/machine-identity-security/,Agent credential rotation not in MIS scope,cyberark-mis-overview-2025,
venafi,Venafi / CyberArk Machine Identity Security,UC-F-012,UC-F,ADD-ON,2,https://www.cyberark.com/products/certificate-manager/,Certificate Manager provisions mTLS client certificates via ACME/REST,cyberark-cert-mgr-2025,mTLS certs for Kafka/RabbitMQ clients; not a named use-case in product docs
venafi,Venafi / CyberArk Machine Identity Security,UC-F-013,UC-F,GAP,0,https://www.cyberark.com/products/machine-identity-security/,AD service account modernisation belongs to PAM,cyberark-mis-overview-2025,
venafi,Venafi / CyberArk Machine Identity Security,UC-F-014,UC-F,NATIVE,3,https://docs.venafi.cloud/whatsnew/,CyberArk Certificate Manager SaaS now supports integration with Akamai CDN for certificate discovery and provisioning,venafi-cloud-whatsnew-2026,F5 / Akamai / A10 / Radware Alteon machine integrations for API-gateway upstream TLS identity
venafi,Venafi / CyberArk Machine Identity Security,UC-F-015,UC-F,GAP,0,https://www.cyberark.com/products/machine-identity-security/,RPA credential management belongs to PAM,cyberark-mis-overview-2025,
venafi,Venafi / CyberArk Machine Identity Security,UC-F-016,UC-F,NATIVE,4,https://www.cyberark.com/products/code-sign-manager/,Securely store private keys in the CyberArk vault or a connected HSM. Work the way your developers already do,cyberark-code-sign-mgr-2025,Code Sign Manager is the primary platform for HSM-backed code/artifact signing in CI pipelines
venafi,Venafi / CyberArk Machine Identity Security,UC-F-017,UC-F,GAP,0,https://www.cyberark.com/products/machine-identity-security/,Confidential-computing attestation not in MIS scope,cyberark-mis-overview-2025,
venafi,Venafi / CyberArk Machine Identity Security,UC-F-018,UC-F,GAP,0,https://www.cyberark.com/products/machine-identity-security/,AI agent credential brokering belongs to Conjur/PAM,cyberark-mis-overview-2025,
venafi,Venafi / CyberArk Machine Identity Security,UC-F-019,UC-F,NATIVE,3,https://www.cyberark.com/products/zero-touch-pki/,Auto-enrollment ready supports SCEP MDM ACME EST REST interfaces,cyberark-zero-touch-pki-2025,Zero Touch PKI + Certificate Manager Self-Hosted for large-scale IoT/OT device cert enrollment
venafi,Venafi / CyberArk Machine Identity Security,UC-F-020,UC-F,GAP,0,https://www.cyberark.com/products/machine-identity-security/,No documented mainframe-specific integration in MIS,cyberark-mis-overview-2025,
venafi,Venafi / CyberArk Machine Identity Security,UC-F-021,UC-F,GAP,0,https://www.cyberark.com/products/machine-identity-security/,DR agent credential management belongs to PAM,cyberark-mis-overview-2025,
venafi,Venafi / CyberArk Machine Identity Security,UC-F-022,UC-F,GAP,0,https://www.cyberark.com/products/machine-identity-security/,Webhook identity not in MIS scope,cyberark-mis-overview-2025,
venafi,Venafi / CyberArk Machine Identity Security,UC-F-023,UC-F,NATIVE,3,https://docs.venafi.cloud/whatsnew/,CyberArk Certificate Manager SaaS supports certificate discovery and provisioning for Radware Alteon machines,venafi-cloud-whatsnew-2026;cyberark-zero-touch-pki-2025,SCEP + machine integrations for network device TLS cert modernisation
venafi,Venafi / CyberArk Machine Identity Security,UC-F-024,UC-F,NATIVE,3,https://www.cyberark.com/products/certificate-manager/,Certificate Manager issues and manages mTLS client certificates with policy enforcement,cyberark-cert-mgr-2025,Policy-driven mTLS cert issuance aligns with FAPI 2.0 Open Banking mutual-auth requirements
venafi,Venafi / CyberArk Machine Identity Security,UC-F-025,UC-F,GAP,0,https://www.cyberark.com/products/machine-identity-security/,OAuth app governance not in MIS scope,cyberark-mis-overview-2025,
venafi,Venafi / CyberArk Machine Identity Security,UC-F-026,UC-F,GAP,0,https://www.cyberark.com/products/machine-identity-security/,Secrets-vault internal identity belongs to Conjur/PAM,cyberark-mis-overview-2025,
venafi,Venafi / CyberArk Machine Identity Security,UC-F-027,UC-F,NATIVE,3,https://www.cyberark.com/products/certificate-manager/,Gain visibility into every certificate and its location owners expiration dates,cyberark-cert-mgr-2025;cyberark-ssh-mgr-2025,Certificate discovery + orphaned-cert detection; SSH Manager handles SSH key sprawl cleanup
venafi,Venafi / CyberArk Machine Identity Security,UC-N-001,UC-N,NATIVE,3,https://www.cyberark.com/products/certificate-manager/,Certificate Manager provides certificate inventory dashboards covering location owner expiry and compliance status,cyberark-cert-mgr-2025,Real-time cert-sprawl KPI dashboard native to platform
venafi,Venafi / CyberArk Machine Identity Security,UC-N-002,UC-N,NATIVE,3,https://www.cyberark.com/products/certificate-manager/,Find TLS/SSL certificates being used and their location owners expiration dates,cyberark-cert-mgr-2025;cyberark-ssh-mgr-2025,Certificate Manager + SSH Manager map ownership and trusted relationships
venafi,Venafi / CyberArk Machine Identity Security,UC-N-003,UC-N,NATIVE,3,https://www.cyberark.com/products/certificate-manager/,Certificate expiry monitoring and renewal-coverage tracking are core Certificate Manager features,cyberark-cert-mgr-2025,Rotation-coverage and freshness KPIs native; 47-day lifespan automation emphasis
venafi,Venafi / CyberArk Machine Identity Security,UC-N-004,UC-N,ADD-ON,2,https://www.cyberark.com/products/certificate-manager/,Certificate Manager reporting and SSH audit logs support regulator evidence packs,cyberark-cert-mgr-2025;cyberark-ssh-mgr-2025,No packaged APRA-specific audit report; reporting APIs available for custom evidence packs
venafi,Venafi / CyberArk Machine Identity Security,UC-N-005,UC-N,ADD-ON,2,https://www.cyberark.com/trust/compliance/,CyberArk products and ISMS undergo rigorous review including SOC 2 Type 2 and ISO 27001,cyberark-compliance-2025,Certificate and code-signing governance maps to E8 Application Control; no packaged Essential 8 scorecard
venafi,Venafi / CyberArk Machine Identity Security,UC-N-006,UC-N,ADD-ON,2,https://www.cyberark.com/products/code-sign-manager/,Avoid shift left attacks with secure code signing operations,cyberark-code-sign-mgr-2025,Code Sign Manager underpins software supply-chain assurance; supply-chain risk scoring not a standalone feature
venafi,Venafi / CyberArk Machine Identity Security,UC-N-007,UC-N,ADD-ON,2,https://www.cyberark.com/products/certificate-manager/,Certificate Manager Self-Hosted can be deployed in AU-hosted infrastructure,cyberark-cert-mgr-2025,Self-hosted enables AU data sovereignty; SaaS AU region not confirmed in public docs
venafi,Venafi / CyberArk Machine Identity Security,UC-N-008,UC-N,GAP,0,https://www.cyberark.com/products/machine-identity-security/,Developer training metrics not in MIS scope,cyberark-mis-overview-2025,
venafi,Venafi / CyberArk Machine Identity Security,UC-N-009,UC-N,ADD-ON,2,https://www.cyberark.com/products/certificate-manager/,Non-compliant certificate alerting and policy exception handling native to Certificate Manager,cyberark-cert-mgr-2025,Exception alerting native; formal risk-acceptance workflow not documented
venafi,Venafi / CyberArk Machine Identity Security,UC-N-010,UC-N,ADD-ON,2,https://www.cyberark.com/products/code-sign-manager/,Work the way your developers already do; flexible deployment SaaS or self-hosted,cyberark-code-sign-mgr-2025,Code Sign Manager supports quorum-based signing approvals for HSM-backed keys; break-glass not documented for Certificate Manager
venafi,Venafi / CyberArk Machine Identity Security,UC-N-011,UC-N,ADD-ON,2,https://www.cyberark.com/products/certificate-manager/,Certificate usage audit logs and SSH key usage logs support identity-driven RCA,cyberark-cert-mgr-2025;cyberark-ssh-mgr-2025,Audit logs available; no dedicated incident-response workflow product
venafi,Venafi / CyberArk Machine Identity Security,UC-N-012,UC-N,ADD-ON,2,https://www.cyberark.com/products/code-sign-manager/,Avoid shift left attacks with secure code signing operations providing signing key governance,cyberark-code-sign-mgr-2025,Code Sign Manager enables SLSA attestation; SLSA-specific provenance reporting not explicitly documented
venafi,Venafi / CyberArk Machine Identity Security,UC-N-013,UC-N,ADD-ON,2,https://www.cyberark.com/products/certificate-manager/,Certificate Manager enforces policy-based algorithm selection enabling crypto-agility,cyberark-cert-mgr-2025,Algorithm enforcement supports PQC readiness reporting; PQC dashboard not confirmed publicly
venafi,Venafi / CyberArk Machine Identity Security,UC-N-014,UC-N,GAP,0,https://www.cyberark.com/products/machine-identity-security/,Vendor evaluation tooling not in MIS scope,cyberark-mis-overview-2025,
venafi,Venafi / CyberArk Machine Identity Security,UC-N-015,UC-N,GAP,0,https://www.cyberark.com/products/machine-identity-security/,Stakeholder communications tooling not in MIS scope,cyberark-mis-overview-2025,
venafi,Venafi / CyberArk Machine Identity Security,UC-N-016,UC-N,NATIVE,3,https://www.cyberark.com/products/zero-touch-pki/,Zero Touch PKI and Certificate Manager provide fleet-scale device cert posture monitoring,cyberark-zero-touch-pki-2025,Discovery / monitoring / expiry alerting for IoT/OT/branch-device fleets
venafi,Venafi / CyberArk Machine Identity Security,UC-N-017,UC-N,GAP,0,https://www.cyberark.com/products/machine-identity-security/,Telemetry secret-leak detection not in MIS scope,cyberark-mis-overview-2025,
venafi,Venafi / CyberArk Machine Identity Security,UC-N-018,UC-N,GAP,0,https://www.cyberark.com/products/machine-identity-security/,TEE attestation not in MIS scope,cyberark-mis-overview-2025,
venafi,Venafi / CyberArk Machine Identity Security,UC-N-019,UC-N,GAP,0,https://www.cyberark.com/products/machine-identity-security/,AI agent governance not in MIS scope,cyberark-mis-overview-2025,
venafi,Venafi / CyberArk Machine Identity Security,UC-N-020,UC-N,GAP,0,https://www.cyberark.com/products/machine-identity-security/,Mainframe posture reporting not in MIS scope,cyberark-mis-overview-2025,
keyfactor,Keyfactor,NHI-001,NHI,GAP,0,https://www.keyfactor.com/products/command/,,keyfactor-command-2024,PKI/cert platform; no cloud IAM role/SA management
keyfactor,Keyfactor,NHI-002,NHI,ADD-ON,2,https://www.keyfactor.com/integrations/,EJBCA and Command listed alongside cert-manager integration,keyfactor-integrations-2024,EJBCA ACME + cert-manager issues TLS certs to K8s workloads; direct SA token mgmt out of scope
keyfactor,Keyfactor,NHI-003,NHI,ADD-ON,2,https://www.keyfactor.com/products/signserver-enterprise/,Easily integrate signing processes with your CI/CD tools,keyfactor-signserver-2024,SignServer CI/CD code signing + Command cert renewal in pipelines; static secrets out of scope
keyfactor,Keyfactor,NHI-004,NHI,GAP,0,https://www.keyfactor.com/products/command/,,keyfactor-command-2024,No container registry credential management
keyfactor,Keyfactor,NHI-005,NHI,GAP,0,https://www.keyfactor.com/products/command/,,keyfactor-command-2024,No dynamic database credential engine
keyfactor,Keyfactor,NHI-006,NHI,NATIVE,4,https://www.keyfactor.com/products/command/,discovers protects and automates every certificate everywhere,keyfactor-command-2024,Core platform: TLS + mTLS cert issuance lifecycle automation at enterprise scale
keyfactor,Keyfactor,NHI-007,NHI,GAP,0,https://www.keyfactor.com/products/command/,,keyfactor-command-2024,Outside PKI/cert scope
keyfactor,Keyfactor,NHI-008,NHI,GAP,0,https://www.keyfactor.com/products/command/,,keyfactor-command-2024,No git credential management
keyfactor,Keyfactor,NHI-009,NHI,ADD-ON,2,https://www.keyfactor.com/integrations/,Ansible and Terraform listed as Command + EJBCA integrations,keyfactor-integrations-2024,Ansible/Terraform integrations issue certs at apply-time; generic secret injection not in scope
keyfactor,Keyfactor,NHI-010,NHI,ADD-ON,2,https://www.keyfactor.com/products/ejbca-enterprise/,Integrate with any application or use case via support for multiple formats protocols and algorithms,keyfactor-ejbca-2024,Cert-based auth issuable to monitoring agents via EJBCA SCEP/ACME; Command tracks lifecycle
keyfactor,Keyfactor,NHI-011,NHI,ADD-ON,2,https://www.keyfactor.com/products/ejbca-enterprise/,,keyfactor-ejbca-2024,TLS/mTLS cert issuance to message broker clients; no dynamic broker credential engine
keyfactor,Keyfactor,NHI-012,NHI,ADD-ON,2,https://docs.keyfactor.com/ejbca/latest/ejbca-introduction,support for all common enrollment protocols including ACME EST CMP SCEP and Microsoft Auto-enrollment,ejbca-docs-intro-2024,EJBCA Microsoft Autoenrollment; Command discovers ADCS certs. gMSA provisioning not native
keyfactor,Keyfactor,NHI-013,NHI,NATIVE,3,https://www.keyfactor.com/integrations/,Akamai Technologies Command EJBCA SignServer,keyfactor-integrations-2024,TLS/mTLS cert lifecycle for API gateways; Akamai + F5 + Nginx integrations documented
keyfactor,Keyfactor,NHI-014,NHI,GAP,0,https://www.keyfactor.com/products/command/,,keyfactor-command-2024,No RPA bot credential management
keyfactor,Keyfactor,NHI-015,NHI,NATIVE,4,https://www.keyfactor.com/products/signserver-enterprise/,centrally generate and store signature keys,keyfactor-signserver-2024,SignServer Enterprise: centralised server-side code signing with HSM key custody + audit logs
keyfactor,Keyfactor,NHI-016,NHI,ADD-ON,2,https://www.keyfactor.com/products/signserver-enterprise/,Easily integrate signing processes with your CI/CD tools,keyfactor-signserver-2024,SignServer signs build artifacts in CI/CD; SLSA attestation metadata not natively generated
keyfactor,Keyfactor,NHI-017,NHI,ADD-ON,2,https://www.keyfactor.com/products/ejbca-enterprise/,Automate certificate enrollment via ACME SCEP EST CMP,keyfactor-ejbca-2024,EJBCA external CA for Istio/Consul Connect via ACME/REST; no native mesh control-plane agent
keyfactor,Keyfactor,NHI-018,NHI,GAP,0,https://www.keyfactor.com/products/command/,,keyfactor-command-2024,No TEE/confidential compute attestation capability
keyfactor,Keyfactor,NHI-019,NHI,GAP,0,https://www.keyfactor.com/products/command/,,keyfactor-command-2024,No AI agent identity management
keyfactor,Keyfactor,NHI-020,NHI,GAP,0,https://www.keyfactor.com/products/command/,,keyfactor-command-2024,No model registry signing capability documented
keyfactor,Keyfactor,NHI-021,NHI,NATIVE,4,https://www.keyfactor.com/products/ejbca-enterprise/,Integrate with any application or use case including IoT and DevOps tools,keyfactor-ejbca-2024,EJBCA leading IoT identity platform; EST SCEP CMP for device enrollment at millions-of-devices scale
keyfactor,Keyfactor,NHI-022,NHI,GAP,0,https://www.keyfactor.com/products/command/,,keyfactor-command-2024,No mainframe cert management stated; requires custom integration
keyfactor,Keyfactor,NHI-023,NHI,GAP,0,https://www.keyfactor.com/products/command/,,keyfactor-command-2024,Not a KMS/TDE key management platform
keyfactor,Keyfactor,NHI-024,NHI,ADD-ON,3,https://www.keyfactor.com/products/ejbca-enterprise/,Securely generate and store signing keys by leveraging your on-premises or cloud HSM,keyfactor-ejbca-2024;keyfactor-signserver-2024,EJBCA PKCS#11 HSM for CA keys; SignServer cloud + on-prem HSM; quorum break-glass not native
keyfactor,Keyfactor,NHI-025,NHI,NATIVE,4,https://docs.keyfactor.com/ejbca/latest/ejbca-introduction,EJBCA provides full capabilities for issuing certificates,ejbca-docs-intro-2024,EJBCA full CA admin/RA/audit roles; Command RBAC governs enrollment and management
keyfactor,Keyfactor,NHI-026,NHI,GAP,0,https://www.keyfactor.com/products/command/,,keyfactor-command-2024,No backup agent credential management
keyfactor,Keyfactor,NHI-027,NHI,GAP,0,https://www.keyfactor.com/products/command/,,keyfactor-command-2024,OAuth/OIDC token delegation outside PKI platform scope
keyfactor,Keyfactor,NHI-028,NHI,NATIVE,3,https://www.keyfactor.com/solutions/financial-services/,Demonstrate compliance without delay,keyfactor-finserv-2024,EJBCA issues mTLS client certs for FAPI 2.0/Open Banking; financial services track record
keyfactor,Keyfactor,NHI-029,NHI,GAP,0,https://www.keyfactor.com/products/command/,,keyfactor-command-2024,PAM/shared account management not in scope
keyfactor,Keyfactor,NHI-030,NHI,GAP,0,https://www.keyfactor.com/products/command/,,keyfactor-command-2024,No OAuth app governance capability
keyfactor,Keyfactor,NHI-031,NHI,ADD-ON,2,https://www.keyfactor.com/products/ejbca-enterprise/,,keyfactor-ejbca-2024,EJBCA can issue TLS client certs for webhook callers; no dedicated webhook signing product
keyfactor,Keyfactor,NHI-032,NHI,NATIVE,3,https://www.keyfactor.com/products/ejbca-enterprise/,Automate certificate enrollment via ACME SCEP EST CMP,keyfactor-ejbca-2024,EJBCA SCEP standard for network device cert enrollment (Cisco/Juniper); Command lifecycle mgmt
keyfactor,Keyfactor,NHI-033,NHI,ADD-ON,1,https://www.keyfactor.com/products/ejbca-enterprise/,,keyfactor-ejbca-2024,EJBCA SCEP/EST can issue certs to branch peripherals; no dedicated peripheral management
keyfactor,Keyfactor,NHI-034,NHI,NATIVE,4,https://docs.keyfactor.com/ejbca/latest/issue-composite-certificates,Learn how to configure EJBCA to issue certificates using composite keys combining classical and quantum-safe,ejbca-pqc-guide-2024,EJBCA composite cert issuance (ML-DSA + RSA/ECDSA/EdDSA) via Bouncy Castle; PQC Lab Test Drive GA
keyfactor,Keyfactor,NHI-035,NHI,GAP,0,https://www.keyfactor.com/products/command/,,keyfactor-command-2024,Not a general-purpose secrets vault; no broker identity management
keyfactor,Keyfactor,NHI-036,NHI,ADD-ON,2,https://www.keyfactor.com/products/ejbca-enterprise/,Automate certificate enrollment via ACME SCEP EST CMP,keyfactor-ejbca-2024,EJBCA can issue X.509 SVIDs (SPIFFE-compatible) via ACME/REST; no native SPIRE server/agent
keyfactor,Keyfactor,NHI-037,NHI,NATIVE,3,https://www.keyfactor.com/products/command/,discovers protects and automates every certificate everywhere,keyfactor-command-2024,Command continuous discovery finds unknown/orphaned certs; expiry tracking + policy enforcement
keyfactor,Keyfactor,UC-F-001,UC-F,GAP,0,https://www.keyfactor.com/products/command/,,keyfactor-command-2024,No secret sprawl detection in repos
keyfactor,Keyfactor,UC-F-002,UC-F,GAP,0,https://www.keyfactor.com/products/command/,,keyfactor-command-2024,No git-history scanning capability
keyfactor,Keyfactor,UC-F-003,UC-F,GAP,0,https://www.keyfactor.com/products/command/,,keyfactor-command-2024,Cloud credential brokering not in scope
keyfactor,Keyfactor,UC-F-004,UC-F,ADD-ON,2,https://www.keyfactor.com/products/ejbca-enterprise/,Automate certificate enrollment via ACME SCEP EST CMP,keyfactor-ejbca-2024,EJBCA issues X.509 SVIDs; no SPIRE server/agent integration
keyfactor,Keyfactor,UC-F-005,UC-F,GAP,0,https://www.keyfactor.com/products/command/,,keyfactor-command-2024,No dynamic database credential engine
keyfactor,Keyfactor,UC-F-006,UC-F,GAP,0,https://www.keyfactor.com/products/command/,,keyfactor-command-2024,Command rotates certs; generic static secret rotation not in scope
keyfactor,Keyfactor,UC-F-007,UC-F,NATIVE,4,https://www.keyfactor.com/products/command/,discovers protects and automates every certificate everywhere,keyfactor-command-2024,Command immediate cert revocation + CRL/OCSP propagation via EJBCA
keyfactor,Keyfactor,UC-F-008,UC-F,ADD-ON,2,https://www.keyfactor.com/integrations/,EJBCA listed alongside cert-manager Kubernetes integration,keyfactor-integrations-2024,cert-manager/ACME issues TLS certs to K8s pods; non-cert secret injection not in scope
keyfactor,Keyfactor,UC-F-009,UC-F,GAP,0,https://www.keyfactor.com/products/command/,,keyfactor-command-2024,Registry credential management not in scope
keyfactor,Keyfactor,UC-F-010,UC-F,ADD-ON,2,https://www.keyfactor.com/integrations/,Ansible and Terraform listed as Command + EJBCA integrations,keyfactor-integrations-2024,Ansible/Terraform integrations issue certs at apply-time; general secrets injection not in scope
keyfactor,Keyfactor,UC-F-011,UC-F,ADD-ON,2,https://www.keyfactor.com/products/command/,Ensure private keys are generated and stored securely with integrations to popular HSMs and key vaults,keyfactor-command-2024,Cert-based auth for observability agents; Command tracks and rotates
keyfactor,Keyfactor,UC-F-012,UC-F,ADD-ON,2,https://www.keyfactor.com/products/ejbca-enterprise/,,keyfactor-ejbca-2024,mTLS cert issuance for broker clients; no dynamic broker credential engine
keyfactor,Keyfactor,UC-F-013,UC-F,ADD-ON,2,https://docs.keyfactor.com/ejbca/latest/ejbca-introduction,support for all common enrollment protocols including Microsoft Auto-enrollment,ejbca-docs-intro-2024,EJBCA Microsoft Autoenrollment; Command discovers ADCS certs. gMSA provisioning not native
keyfactor,Keyfactor,UC-F-014,UC-F,NATIVE,3,https://www.keyfactor.com/integrations/,Akamai Technologies Command EJBCA SignServer,keyfactor-integrations-2024,Command/EJBCA automates TLS/mTLS cert lifecycle for API gateways; Akamai integration documented
keyfactor,Keyfactor,UC-F-015,UC-F,GAP,0,https://www.keyfactor.com/products/command/,,keyfactor-command-2024,RPA credential management not in scope
keyfactor,Keyfactor,UC-F-016,UC-F,NATIVE,4,https://www.keyfactor.com/products/signserver-enterprise/,Easily integrate signing processes with your CI/CD tools,keyfactor-signserver-2024,SignServer server-side code signing with HSM key custody integrated with CI/CD via API
keyfactor,Keyfactor,UC-F-017,UC-F,GAP,0,https://www.keyfactor.com/products/command/,,keyfactor-command-2024,No TEE/confidential compute attestation
keyfactor,Keyfactor,UC-F-018,UC-F,GAP,0,https://www.keyfactor.com/products/command/,,keyfactor-command-2024,No AI agent credential management
keyfactor,Keyfactor,UC-F-019,UC-F,NATIVE,4,https://www.keyfactor.com/products/ejbca-enterprise/,Integrate with any application or use case including IoT and DevOps tools,keyfactor-ejbca-2024,EJBCA EST/SCEP/CMP for IoT device enrollment at scale; industry-leading for connected devices
keyfactor,Keyfactor,UC-F-020,UC-F,GAP,0,https://www.keyfactor.com/products/command/,,keyfactor-command-2024,No mainframe credential management
keyfactor,Keyfactor,UC-F-021,UC-F,GAP,0,https://www.keyfactor.com/products/command/,,keyfactor-command-2024,Not in scope
keyfactor,Keyfactor,UC-F-022,UC-F,ADD-ON,2,https://www.keyfactor.com/products/ejbca-enterprise/,,keyfactor-ejbca-2024,TLS client certs for webhook callers via EJBCA; no dedicated webhook signing product
keyfactor,Keyfactor,UC-F-023,UC-F,NATIVE,3,https://www.keyfactor.com/products/ejbca-enterprise/,Automate certificate enrollment via ACME SCEP EST CMP,keyfactor-ejbca-2024,EJBCA SCEP standard for network device cert enrollment (Cisco/Juniper); Command lifecycle mgmt
keyfactor,Keyfactor,UC-F-024,UC-F,NATIVE,3,https://www.keyfactor.com/solutions/financial-services/,Demonstrate compliance without delay,keyfactor-finserv-2024,EJBCA issues mTLS client certs for FAPI/Open Banking; financial services track record
keyfactor,Keyfactor,UC-F-025,UC-F,GAP,0,https://www.keyfactor.com/products/command/,,keyfactor-command-2024,OAuth app governance not in scope
keyfactor,Keyfactor,UC-F-026,UC-F,GAP,0,https://www.keyfactor.com/products/command/,,keyfactor-command-2024,Not a secrets vault platform
keyfactor,Keyfactor,UC-F-027,UC-F,NATIVE,3,https://www.keyfactor.com/products/command/,discovers protects and automates every certificate everywhere,keyfactor-command-2024,Command continuous discovery identifies unknown/expired certs for remediation
keyfactor,Keyfactor,UC-N-001,UC-N,ADD-ON,2,https://www.keyfactor.com/products/command/,Ensure continuous compliance for every certificate,keyfactor-command-2024,Command cert inventory dashboards; non-cert secret sprawl not covered
keyfactor,Keyfactor,UC-N-002,UC-N,NATIVE,3,https://www.keyfactor.com/products/command/,Define user-based access controls and policies for certificate services administration enrollment and management,keyfactor-command-2024,Command tracks cert owners metadata expiry across enterprise
keyfactor,Keyfactor,UC-N-003,UC-N,NATIVE,3,https://www.keyfactor.com/products/command/,Simplify internal and external audits with complete logging of all certificate and configuration changes,keyfactor-command-2024,Command expiry tracking renewal coverage metrics compliance reporting
keyfactor,Keyfactor,UC-N-004,UC-N,NATIVE,3,https://www.keyfactor.com/products/command/,Simplify internal and external audits with complete logging of all certificate and configuration changes,keyfactor-command-2024,Complete audit logs of cert/config changes; RBAC governance; compliance reports
keyfactor,Keyfactor,UC-N-005,UC-N,ADD-ON,2,https://www.keyfactor.com/solutions/financial-services/,,keyfactor-finserv-2024,PKI/cert posture contributes to ZT but does not produce full E8 scorecard
keyfactor,Keyfactor,UC-N-006,UC-N,GAP,0,https://www.keyfactor.com/products/command/,,keyfactor-command-2024,No vendor risk attestation workflow
keyfactor,Keyfactor,UC-N-007,UC-N,ADD-ON,1,https://www.keyfactor.com/products/ejbca-enterprise/,Deploy your PKI as a turnkey software appliance hardware appliance in a container in the cloud or in a hybrid model,keyfactor-ejbca-2024,Self-hosted deployment possible; no AU sovereign cloud region confirmed publicly
keyfactor,Keyfactor,UC-N-008,UC-N,GAP,0,https://www.keyfactor.com/products/command/,,keyfactor-command-2024,Not in scope
keyfactor,Keyfactor,UC-N-009,UC-N,ADD-ON,2,https://www.keyfactor.com/products/command/,,keyfactor-command-2024,Command policy exceptions trackable; dedicated risk register not native
keyfactor,Keyfactor,UC-N-010,UC-N,ADD-ON,2,https://www.keyfactor.com/products/ejbca-enterprise/,,keyfactor-ejbca-2024,EJBCA HSM key ceremonies; RBAC break-glass accounts manageable; no native quorum workflow
keyfactor,Keyfactor,UC-N-011,UC-N,ADD-ON,2,https://www.keyfactor.com/products/command/,Simplify internal and external audits with complete logging,keyfactor-command-2024,Command audit logs support RCA; dedicated incident reporting module not native
keyfactor,Keyfactor,UC-N-012,UC-N,ADD-ON,2,https://www.keyfactor.com/products/signserver-enterprise/,Easily integrate signing processes with your CI/CD tools,keyfactor-signserver-2024,SignServer signs artifacts; SLSA attestation records not natively generated
keyfactor,Keyfactor,UC-N-013,UC-N,NATIVE,4,https://docs.keyfactor.com/ejbca/latest/issue-composite-certificates,configure EJBCA to issue certificates using composite keys combining classical and quantum-safe algorithm,ejbca-pqc-guide-2024;keyfactor-crypto-agility-2024,EJBCA composite cert (ML-DSA + classical); Bouncy Castle PQC; PQC Lab; State of Quantum Readiness report
keyfactor,Keyfactor,UC-N-014,UC-N,GAP,0,https://www.keyfactor.com/products/command/,,keyfactor-command-2024,No vendor matrix tooling
keyfactor,Keyfactor,UC-N-015,UC-N,GAP,0,https://www.keyfactor.com/products/command/,,keyfactor-command-2024,Not in scope
keyfactor,Keyfactor,UC-N-016,UC-N,NATIVE,3,https://www.keyfactor.com/products/ejbca-enterprise/,Integrate with any application or use case including IoT and DevOps tools,keyfactor-ejbca-2024;keyfactor-command-2024,Command tracks device cert posture across fleet; EJBCA enrollment protocols
keyfactor,Keyfactor,UC-N-017,UC-N,GAP,0,https://www.keyfactor.com/products/command/,,keyfactor-command-2024,No telemetry secret scanning
keyfactor,Keyfactor,UC-N-018,UC-N,GAP,0,https://www.keyfactor.com/products/command/,,keyfactor-command-2024,No TEE attestation posture reporting
keyfactor,Keyfactor,UC-N-019,UC-N,GAP,0,https://www.keyfactor.com/products/command/,,keyfactor-command-2024,Not in scope
keyfactor,Keyfactor,UC-N-020,UC-N,GAP,0,https://www.keyfactor.com/products/command/,,keyfactor-command-2024,Not in scope
astrix-security,Astrix Security,NHI-001,NHI,NATIVE,4,https://astrix.security/product/discover-non-human-identities/,"Automatically discover every service account, token, secret and AI Agent across SaaS, cloud, on-prem and secret managers",astrix-nhi-discover-2026,AWS/Azure/GCP IAM roles discovered and risk-scored; managed identities in scope
astrix-security,Astrix Security,NHI-002,NHI,NATIVE,3,https://astrix.security/product/,"Service accounts and machine credentials across Kubernetes",astrix-nhi-platform-2026,K8s listed as connector; projected SA tokens discoverable; no CSI driver
astrix-security,Astrix Security,NHI-003,NHI,NATIVE,3,https://astrix.security/product/discover-non-human-identities/,"correlates data across cloud, SaaS, on-prem, databases, Vaults, CI/CD, and AI platforms",astrix-nhi-discover-2026,"GitHub PATs, secrets, OAuth apps in CI scope; no OIDC token issuance"
astrix-security,Astrix Security,NHI-004,NHI,ADD-ON,2,https://astrix.security/product/,Secrets across vault systems and cloud registry service accounts,astrix-nhi-platform-2026,Image-pull creds discoverable via cloud-registry service-account inventory; not brokered
astrix-security,Astrix Security,NHI-005,NHI,NATIVE,3,https://astrix.security/product/discover-non-human-identities/,"Automatically discover every service account, token, secret and AI Agent across SaaS, cloud",astrix-nhi-discover-2026,Snowflake and Databricks integrations; DB service accounts inventoried
astrix-security,Astrix Security,NHI-006,NHI,GAP,0,,,,"No X.509/SPIFFE/mTLS certificate lifecycle found; purely NHI-discovery focus"
astrix-security,Astrix Security,NHI-007,NHI,NATIVE,4,https://astrix.security/use-cases/third-party-risk/,"20% of vendors behind marketplace apps are untrustworthy",astrix-third-party-risk-2026,Core differentiator: SaaS-to-SaaS OAuth apps; API keys; vendor risk scoring; stale token revocation
astrix-security,Astrix Security,NHI-008,NHI,NATIVE,4,https://astrix.security/product/discover-non-human-identities/,"OAuth apps, API keys, tokens, webhooks, service accounts, IAM roles, service principals, secrets, managed service accounts, managed identities, and storage accounts",astrix-nhi-discover-2026,GitHub PATs and deploy keys in-scope; supply-chain attack blog published
astrix-security,Astrix Security,NHI-009,NHI,ADD-ON,2,https://astrix.security/use-cases/secret-management/,Identify unvaulted secrets and move them to centralized vaults,astrix-secret-management-2026,Secrets in cloud env discovered; no explicit Terraform/Ansible agent identity path
astrix-security,Astrix Security,NHI-010,NHI,ADD-ON,2,https://astrix.security/product/,Secrets across vault systems and cloud environments,astrix-nhi-platform-2026,Observability agent API keys discoverable via cloud integration; no dedicated path
astrix-security,Astrix Security,NHI-011,NHI,ADD-ON,1,https://astrix.security/product/,Service accounts and machine credentials,astrix-nhi-platform-2026,Not explicitly documented; cloud-service-account inventory covers some cases
astrix-security,Astrix Security,NHI-012,NHI,NATIVE,3,https://astrix.security/why-astrix/,"identity providers such as Active Directory, EntraID, and Okta",astrix-why-2026,AD/Entra ID integration; managed service accounts inventoried; ownership attributed
astrix-security,Astrix Security,NHI-013,NHI,ADD-ON,2,https://astrix.security/product/discover-non-human-identities/,"OAuth apps, API keys, tokens, webhooks",astrix-nhi-discover-2026,API keys for gateways discoverable; no dedicated gateway-cert lifecycle
astrix-security,Astrix Security,NHI-014,NHI,ADD-ON,2,https://astrix.security/use-cases/lifecycle-management/,NHI decommissioning when employees leave or vendor contracts end,astrix-lifecycle-2026,RPA bot service accounts covered via AD; no named UiPath/Blue Prism integration
astrix-security,Astrix Security,NHI-015,NHI,GAP,0,,,,"No Sigstore/Authenticode/HSM code-signing coverage found"
astrix-security,Astrix Security,NHI-016,NHI,GAP,0,,,,"No SLSA/in-toto attestation coverage found"
astrix-security,Astrix Security,NHI-017,NHI,GAP,0,,,,"No SPIFFE/Istio/Linkerd mesh control-plane identity coverage found"
astrix-security,Astrix Security,NHI-018,NHI,GAP,0,,,,"No TEE attestation identity coverage found"
astrix-security,Astrix Security,NHI-019,NHI,NATIVE,4,https://astrix.security/product/ai-agent-discovery/,"Automatically discover all AI agents (custom, third-party, or shadow), MCP servers, non-human identities, and secrets across your environment",astrix-ai-agent-discovery-2026,Primary differentiator: ACP Agent Policies; four-method discovery; OpenAI/Bedrock/Vertex/Agentforce/MCP
astrix-security,Astrix Security,NHI-020,NHI,ADD-ON,2,https://astrix.security/product/ai-agent-discovery/,AI platforms: OpenAI and Databricks,astrix-ai-agent-discovery-2026,Databricks/Snowflake cover model-registry SAs; no dedicated ML-registry identity path
astrix-security,Astrix Security,NHI-021,NHI,GAP,0,,,,"No IoT/OT device identity coverage found"
astrix-security,Astrix Security,NHI-022,NHI,GAP,0,,,,"No mainframe/RACF/ACF2/IBM i coverage found"
astrix-security,Astrix Security,NHI-023,NHI,GAP,0,,,,"Key management not in scope; discovery-only platform"
astrix-security,Astrix Security,NHI-024,NHI,GAP,0,,,,"No HSM/KMS operator identity coverage found"
astrix-security,Astrix Security,NHI-025,NHI,GAP,0,,,,"No PKI/CA operator identity coverage found"
astrix-security,Astrix Security,NHI-026,NHI,ADD-ON,1,https://astrix.security/product/discover-non-human-identities/,Service accounts and machine credentials across cloud environments,astrix-nhi-discover-2026,Backup agent SAs surfaced via AD/cloud; no named Veeam/Rubrik/NetBackup integration
astrix-security,Astrix Security,NHI-027,NHI,NATIVE,3,https://astrix.security/use-cases/third-party-risk/,"continuous monitoring and discovery of third-party applications accessing your environments",astrix-third-party-risk-2026,OAuth token exchange and refresh-token governance via SaaS discovery
astrix-security,Astrix Security,NHI-028,NHI,GAP,0,,,,"No FAPI 2.0/CDR/mTLS partner-cert lifecycle coverage found"
astrix-security,Astrix Security,NHI-029,NHI,NATIVE,3,https://astrix.security/learn/customer-stories/rsac-2025-how-workday-implemented-nhi-security/,"systematic elimination of zombie credentials (forgotten, undead NHIs with dangerous permissions)",astrix-workday-2026,Ownership attribution; shared/orphan account detection; Workday case study
astrix-security,Astrix Security,NHI-030,NHI,NATIVE,4,https://astrix.security/use-cases/third-party-risk/,"90% of the apps connected to Google Workspace environments are non-marketplace apps",astrix-third-party-risk-2026,Third-party OAuth grant discovery core product; stale refresh token auto-revocation
astrix-security,Astrix Security,NHI-031,NHI,NATIVE,3,https://astrix.security/product/discover-non-human-identities/,"OAuth apps, API keys, tokens, webhooks",astrix-nhi-discover-2026,Webhooks listed as NHI type; signing-secret governance and rotation in scope
astrix-security,Astrix Security,NHI-032,NHI,GAP,0,,,,"No TACACS+/SNMP/network-device credential coverage found"
astrix-security,Astrix Security,NHI-033,NHI,GAP,0,,,,"No branch-peripheral/IoT device coverage found"
astrix-security,Astrix Security,NHI-034,NHI,GAP,0,,,,"No PQC/hybrid-cert coverage found"
astrix-security,Astrix Security,NHI-035,NHI,ADD-ON,2,https://astrix.security/use-cases/secret-management/,Monitoring for unauthorized vault activity and unusual retrievals,astrix-secret-management-2026,Vault activity monitoring and unvaulted-secret detection; no root-token/Shamir governance
astrix-security,Astrix Security,NHI-036,NHI,GAP,0,,,,"No SPIFFE/workload-broker ephemeral identity coverage found"
astrix-security,Astrix Security,NHI-037,NHI,NATIVE,4,https://astrix.security/use-cases/lifecycle-management/,"NHI decommissioning when employees leave or vendor contracts end",astrix-lifecycle-2026,Orphan/dormant NHI detection explicit use-case; zombie credential cleanup; owner attestation
astrix-security,Astrix Security,UC-F-001,UC-F,NATIVE,3,https://astrix.security/product/discover-non-human-identities/,"correlates data across cloud, SaaS, on-prem, databases, Vaults, CI/CD",astrix-nhi-discover-2026,GitHub integration; secret scanning; NHI fingerprinting across CI repos
astrix-security,Astrix Security,UC-F-002,UC-F,PARTNER,2,https://astrix.security/product/,Secrets across vault systems and cloud environments,astrix-nhi-platform-2026,Discovers exposed secrets in cloud/SaaS; historical repo git-history scanning requires GitGuardian/TruffleHog
astrix-security,Astrix Security,UC-F-003,UC-F,GAP,0,,,,"Discovers credentials; does not issue/broker OIDC tokens; JIT cloud creds not in scope"
astrix-security,Astrix Security,UC-F-004,UC-F,GAP,0,,,,"No SPIFFE/SVID issuance or workload-broker capability"
astrix-security,Astrix Security,UC-F-005,UC-F,GAP,0,,,,"Does not issue dynamic DB credentials; discovery and governance only"
astrix-security,Astrix Security,UC-F-006,UC-F,NATIVE,3,https://astrix.security/use-cases/lifecycle-management/,"policy-driven rotation, revocation, and usage monitoring across secret managers and vaults",astrix-lifecycle-2026,Automated rotation enforcement and expiration policies across vaults
astrix-security,Astrix Security,UC-F-007,UC-F,NATIVE,3,https://astrix.security/security-programs/iam-itdr/,Compromised credentials detection and out-of-scope agent actions identification,astrix-iam-itdr-2026,ADR™ threat detection; automated revocation remediation; SOAR-compatible workflows
astrix-security,Astrix Security,UC-F-008,UC-F,GAP,0,,,,"No CSI driver or Vault Agent injector capability; K8s service accounts discovered only"
astrix-security,Astrix Security,UC-F-009,UC-F,ADD-ON,1,https://astrix.security/product/discover-non-human-identities/,Service accounts and machine credentials across cloud,astrix-nhi-discover-2026,Image-pull creds discoverable via cloud-registry SA inventory; no per-workload issuance
astrix-security,Astrix Security,UC-F-010,UC-F,GAP,0,,,,"No Terraform/Ansible dynamic secrets provider; IaC secrets discoverable but not injected"
astrix-security,Astrix Security,UC-F-011,UC-F,ADD-ON,2,https://astrix.security/use-cases/secret-management/,Automate secret rotation and enforce expiration policies across all vaults,astrix-secret-management-2026,Observability agent API keys rotation-enforceable via vault policy; not scope-restricted natively
astrix-security,Astrix Security,UC-F-012,UC-F,ADD-ON,1,https://astrix.security/product/discover-non-human-identities/,Service accounts and machine credentials across cloud environments,astrix-nhi-discover-2026,Cloud-IAM SAs for Kafka/Pub-Sub discoverable; no direct message-broker identity path
astrix-security,Astrix Security,UC-F-013,UC-F,ADD-ON,2,https://astrix.security/why-astrix/,"identity providers such as Active Directory, EntraID",astrix-why-2026,AD/Entra ID surfaces AD service accounts; no gMSA provisioning; ownership attributed
astrix-security,Astrix Security,UC-F-014,UC-F,ADD-ON,2,https://astrix.security/product/discover-non-human-identities/,"OAuth apps, API keys, tokens, webhooks",astrix-nhi-discover-2026,OAuth creds/API keys for gateways discoverable; no gateway-cert lifecycle
astrix-security,Astrix Security,UC-F-015,UC-F,ADD-ON,2,https://astrix.security/use-cases/lifecycle-management/,NHI decommissioning when employees leave,astrix-lifecycle-2026,RPA bot SAs surfaced via AD; ownership attributed; no named RPA orchestrator integration
astrix-security,Astrix Security,UC-F-016,UC-F,GAP,0,,,,"No Sigstore/code-signing/HSM artifact-signing capability"
astrix-security,Astrix Security,UC-F-017,UC-F,GAP,0,,,,"No TEE attestation-gated secret release capability"
astrix-security,Astrix Security,UC-F-018,UC-F,NATIVE,4,https://astrix.security/product/ai-agent-discovery/,"Automatically discover all AI agents (custom, third-party, or shadow), MCP servers",astrix-ai-agent-discovery-2026,ACP + Agent Policies: per-tool/per-session scoped tokens; JIT access; allow/flag/block rules
astrix-security,Astrix Security,UC-F-019,UC-F,GAP,0,,,,"No IoT device enrolment or DPS/EST/SCEP capability"
astrix-security,Astrix Security,UC-F-020,UC-F,GAP,0,,,,"No mainframe/RACF credential rotation coverage"
astrix-security,Astrix Security,UC-F-021,UC-F,ADD-ON,1,https://astrix.security/product/discover-non-human-identities/,Service accounts and machine credentials across cloud,astrix-nhi-discover-2026,Backup SAs surfaced via AD; remediation possible but no native backup-agent integration
astrix-security,Astrix Security,UC-F-022,UC-F,NATIVE,3,https://astrix.security/product/discover-non-human-identities/,"OAuth apps, API keys, tokens, webhooks",astrix-nhi-discover-2026,Webhooks inventoried; signing-secret governance and rotation in scope
astrix-security,Astrix Security,UC-F-023,UC-F,GAP,0,,,,"No TACACS+/RADIUS/SNMP network-device credential coverage"
astrix-security,Astrix Security,UC-F-024,UC-F,GAP,0,,,,"No FAPI 2.0/CDR/mTLS client-cert lifecycle coverage"
astrix-security,Astrix Security,UC-F-025,UC-F,NATIVE,4,https://astrix.security/use-cases/third-party-risk/,"continuous monitoring and discovery of third-party applications",astrix-third-party-risk-2026,Tenant-wide OAuth inventory; stale-token auto-revocation; vendor risk scoring; M365/GWS/Slack/SF covered
astrix-security,Astrix Security,UC-F-026,UC-F,ADD-ON,2,https://astrix.security/use-cases/secret-management/,Monitoring for unauthorized vault activity and unusual retrievals,astrix-secret-management-2026,Vault activity monitoring; unvaulted-secret detection; no root-token/Shamir/replication governance
astrix-security,Astrix Security,UC-F-027,UC-F,NATIVE,4,https://astrix.security/use-cases/lifecycle-management/,"NHI decommissioning when employees leave or vendor contracts end",astrix-lifecycle-2026,Dormancy detection; owner attestation; auto-revocation of unused NHIs; activity-based thresholds
astrix-security,Astrix Security,UC-N-001,UC-N,NATIVE,4,https://astrix.security/product/,"single dashboard: NHI count, risk posture, trend lines",astrix-nhi-platform-2026,Single dashboard with NHI count; risk posture; trend lines; per-team drill-down
astrix-security,Astrix Security,UC-N-002,UC-N,NATIVE,4,https://astrix.security/use-cases/lifecycle-management/,"Continuous visibility through discovery and lifecycle tracking of service accounts, secrets, OAuth apps",astrix-lifecycle-2026,Continuous NHI inventory with human-owner attribution and automated attestation workflows
astrix-security,Astrix Security,UC-N-003,UC-N,NATIVE,3,https://astrix.security/use-cases/lifecycle-management/,"lifecycle status, expiration dates, and usage trends",astrix-lifecycle-2026,Expiration dates; rotation status; usage trends reported per NHI bucket
astrix-security,Astrix Security,UC-N-004,UC-N,ADD-ON,2,https://astrix.security/use-cases/lifecycle-management/,"seamless integration with ITSM, SIEM, GRC and ticketing platforms",astrix-lifecycle-2026,GRC integration enables evidence export; no APRA CPS 234-specific pack pre-built
astrix-security,Astrix Security,UC-N-005,UC-N,ADD-ON,2,https://astrix.security/product/,Identify and remediate NHIs with excessive privileges and vulnerable configurations,astrix-nhi-platform-2026,Posture metrics available; no pre-built E8 or NIST SP 800-207 ZT scorecard found
astrix-security,Astrix Security,UC-N-006,UC-N,NATIVE,4,https://astrix.security/use-cases/third-party-risk/,"real-time vendor reputation analysis rather than point-in-time assessments",astrix-third-party-risk-2026,Third-party risk scoring; vendor reputation analysis; supply-chain breach tracking (CircleCI/Okta/Snowflake etc)
astrix-security,Astrix Security,UC-N-007,UC-N,GAP,0,,,,"SaaS-only; no AU data-residency or in-region deployment option documented; APRA risk"
astrix-security,Astrix Security,UC-N-008,UC-N,GAP,0,,,,"No training-management or LMS capability"
astrix-security,Astrix Security,UC-N-009,UC-N,ADD-ON,2,https://astrix.security/use-cases/lifecycle-management/,"seamless integration with ITSM, SIEM, GRC and ticketing platforms",astrix-lifecycle-2026,GRC integration enables exception tracking; no native exception register in product
astrix-security,Astrix Security,UC-N-010,UC-N,GAP,0,,,,"No HSM/KMS quorum or break-glass identity governance capability"
astrix-security,Astrix Security,UC-N-011,UC-N,NATIVE,3,https://astrix.security/security-programs/iam-itdr/,Root cause analysis support to accelerate mitigation timelines,astrix-iam-itdr-2026,ADR™ incident detection and RCA; SIEM integration for export; NHI attribution in incident data
astrix-security,Astrix Security,UC-N-012,UC-N,GAP,0,,,,"No SLSA/signed-artifact provenance coverage"
astrix-security,Astrix Security,UC-N-013,UC-N,GAP,0,,,,"No crypto-inventory or PQC readiness reporting capability"
astrix-security,Astrix Security,UC-N-014,UC-N,ADD-ON,2,https://astrix.security/product/,Real-time inventory of all AI agents and NHIs with risk context,astrix-nhi-platform-2026,NHI inventory data can feed vendor matrix; no dedicated matrix-maintenance workflow
astrix-security,Astrix Security,UC-N-015,UC-N,GAP,0,,,,"No stakeholder comms or training workflow capability"
astrix-security,Astrix Security,UC-N-016,UC-N,GAP,0,,,,"No IoT/OT/branch fleet posture reporting"
astrix-security,Astrix Security,UC-N-017,UC-N,NATIVE,3,https://astrix.security/use-cases/secret-management/,"exposed secrets across Cloud and SaaS environments",astrix-secret-management-2026,Secrets exposed in SaaS/cloud detected; vault hygiene monitoring; unusual-retrieval anomaly detection
astrix-security,Astrix Security,UC-N-018,UC-N,GAP,0,,,,"No TEE attestation coverage"
astrix-security,Astrix Security,UC-N-019,UC-N,NATIVE,4,https://astrix.security/product/ai-agent-discovery/,"detecting anomalous access patterns, unauthorized actions, and credential misuse as they happen",astrix-ai-agent-discovery-2026,Per-agent credential issuance volume; anomalous tool-call detection; Agent Policies runtime enforcement
astrix-security,Astrix Security,UC-N-020,UC-N,GAP,0,,,,"No mainframe/RPA legacy posture reporting"
entro-security,Entro Security,NHI-001,NHI,NATIVE,4,https://entro.security/platform-non-human-identities/,"Discovery and inventory of cloud IAM NHIs across AWS Azure GCP with lineage and posture scoring.",entro-security-nhi-platform-2025,Cloud IAM service accounts and roles are core discovery targets
entro-security,Entro Security,NHI-002,NHI,NATIVE,3,https://entro.security/integrations/,"K8s Secrets vault integration listed; workload NHI inventory supported.",entro-security-integrations-2025,K8s ServiceAccount discovery via K8s Secrets integration
entro-security,Entro Security,NHI-003,NHI,NATIVE,4,https://entro.security/integrations/,"CI/CD integrations: GitHub Actions, Jenkins, CircleCI, Azure DevOps, TeamCity, Drone CI, Octopus, Travis CI.",entro-security-integrations-2025,Broadest CI/CD coverage of any NHI-discovery vendor profiled
entro-security,Entro Security,NHI-004,NHI,NATIVE,2,https://entro.security/integrations/,"Docker Hub integration; K8s Secrets integration covers imagePullSecret discovery.",entro-security-integrations-2025,Container registry credential discovery; no per-workload issuance
entro-security,Entro Security,NHI-005,NHI,NATIVE,3,https://entro.security/platform-secrets/,"Snowflake and MongoDB integrations; DB credentials discovered via secrets scanning.",entro-security-secrets-platform-2025,Discovery only; dynamic DB credential issuance requires upstream vault
entro-security,Entro Security,NHI-006,NHI,PARTNER,1,https://entro.security/integrations/,"Certificate NHI governance not a stated product focus; PKI lifecycle out of scope.",entro-security-integrations-2025,Certificate/mTLS identity requires Venafi or Keyfactor as primary tool
entro-security,Entro Security,NHI-007,NHI,NATIVE,4,https://entro.security/platform-non-human-identities/,"SaaS integrations (Salesforce, ServiceNow, Workday, Slack, Teams) cover third-party API key inventory.",entro-security-nhi-platform-2025,OAuth app and API key discovery across enterprise SaaS estate
entro-security,Entro Security,NHI-008,NHI,NATIVE,4,https://entro.security/platform-secrets/,"GitHub, GitLab, Bitbucket repos scanned; PAT and SSH key discovery with ownership attribution.",entro-security-secrets-platform-2025,Historical and continuous repo scanning; ContextIQ triage
entro-security,Entro Security,NHI-009,NHI,NATIVE,3,https://entro.security/platform-secrets/,"Terraform, Kubernetes IaC scanning; secret-in-state-file and serverless-function detection.",entro-security-secrets-platform-2025,IaC config scanning; no dynamic inject capability
entro-security,Entro Security,NHI-010,NHI,NATIVE,3,https://entro.security/integrations/,"Datadog, Splunk, Elastic integrations; observability agent credential discovery.",entro-security-integrations-2025,Agent credential inventory; posture scoring available
entro-security,Entro Security,NHI-011,NHI,ADD-ON,2,https://entro.security/integrations/,"Indirect coverage via cloud IAM (AWS SQS/SNS, Azure Service Bus) secret discovery.",entro-security-integrations-2025,No explicit message-broker NHI posture module
entro-security,Entro Security,NHI-012,NHI,NATIVE,3,https://entro.security/integrations/,"Active Directory, Hybrid Azure AD, Microsoft Entra ID integrations; svc_ account inventory.",entro-security-integrations-2025,AD service account discovery and ownership attribution
entro-security,Entro Security,NHI-013,NHI,ADD-ON,1,https://entro.security/integrations/,"API gateway identities not explicitly listed; partial via cloud IAM discovery.",entro-security-integrations-2025,No explicit API gateway upstream identity posture tooling
entro-security,Entro Security,NHI-014,NHI,ADD-ON,2,https://entro.security/platform-non-human-identities/,"RPA bot coverage via AD service account inventory and SaaS OAuth app discovery.",entro-security-nhi-platform-2025,No dedicated RPA orchestrator (UiPath/Blue Prism) integration
entro-security,Entro Security,NHI-015,NHI,GAP,0,https://entro.security/,No code-signing or certificate lifecycle capability documented publicly.,entro-security-homepage-2025,Sigstore/Fulcio/Authenticode out of scope
entro-security,Entro Security,NHI-016,NHI,GAP,0,https://entro.security/,SLSA/in-toto provenance identity not in product scope.,entro-security-homepage-2025,Build provenance attestation out of scope
entro-security,Entro Security,NHI-017,NHI,GAP,0,https://entro.security/,Service mesh control-plane identity (Istiod/Linkerd/Consul CA) not covered.,entro-security-homepage-2025,No SPIFFE/SPIRE integration; mesh CA identities out of scope
entro-security,Entro Security,NHI-018,NHI,GAP,0,https://entro.security/,TEE attestation identities (Nitro/SEV-SNP/TDX) not in product scope.,entro-security-homepage-2025,Confidential-computing attestation out of scope
entro-security,Entro Security,NHI-019,NHI,NATIVE,4,https://entro.security/platform-ai-agents/,"Dedicated AI agent pillar: discovery, lineage, NHIDR monitoring, MCP server integration, OpenAI/Claude.",entro-security-ai-agents-2025,Market-leading AI agent NHI coverage; shadow agent discovery
entro-security,Entro Security,NHI-020,NHI,ADD-ON,1,https://entro.security/integrations/,Partial coverage via SaaS/cloud credential scanning; model registry identity not explicitly listed.,entro-security-integrations-2025,MLflow/SageMaker/HuggingFace registries not listed as integrations
entro-security,Entro Security,NHI-021,NHI,GAP,0,https://entro.security/,IoT/OT device identities not in product scope; no DPS/EST/SCEP support.,entro-security-homepage-2025,ATM/branch/IoT identities out of scope
entro-security,Entro Security,NHI-022,NHI,GAP,0,https://entro.security/,RACF/ACF2/Top Secret/IBM-i identities not listed; no mainframe vault integration.,entro-security-homepage-2025,Core banking mainframe NHI out of scope — material XYZ gap
entro-security,Entro Security,NHI-023,NHI,ADD-ON,1,https://entro.security/platform-secrets/,"Snowflake/MongoDB DB credential discovery; TDE master key governance not in scope.",entro-security-secrets-platform-2025,DB encryption key identity requires dedicated KMS tooling
entro-security,Entro Security,NHI-024,NHI,GAP,0,https://entro.security/,HSM/KMS operator break-glass identities not discovered; no HSM integration.,entro-security-homepage-2025,Quorum-operator identities require PAM or HSM-native tools
entro-security,Entro Security,NHI-025,NHI,GAP,0,https://entro.security/,CA operator identities (ADCS/EJBCA/Venafi TPP) out of scope.,entro-security-homepage-2025,PKI operator governance requires Venafi or Keyfactor
entro-security,Entro Security,NHI-026,NHI,ADD-ON,1,https://entro.security/integrations/,Backup agent AD accounts covered via AD integration; no dedicated backup-agent NHI module.,entro-security-integrations-2025,NetBackup/Commvault/Veeam agent identity not explicitly listed
entro-security,Entro Security,NHI-027,NHI,NATIVE,3,https://entro.security/platform-non-human-identities/,"OAuth/OIDC confidential-client secrets discovered in vaults and repos; OBO token lineage supported.",entro-security-nhi-platform-2025,BFF/OBO identity coverage via vault + repo scanning
entro-security,Entro Security,NHI-028,NHI,ADD-ON,1,https://entro.security/integrations/,Partial via SaaS OAuth app inventory; mTLS/FAPI client certs not a primary focus.,entro-security-integrations-2025,Open Banking FAPI 2.0 cert lifecycle requires Venafi/Keyfactor
entro-security,Entro Security,NHI-029,NHI,NATIVE,3,https://entro.security/platform-non-human-identities/,"AD service account discovery; ownership attribution identifies shared accounts vs. dedicated NHIs.",entro-security-nhi-platform-2025,Shared functional ID detection via ownership-attribution AI
entro-security,Entro Security,NHI-030,NHI,NATIVE,4,https://entro.security/platform-non-human-identities/,"OAuth app inventory across M365, Google Workspace, Salesforce, Slack, GitHub Apps; risk-scored.",entro-security-nhi-platform-2025,Core NHI use case; 90% NHIs found to have excessive permissions
entro-security,Entro Security,NHI-031,NHI,NATIVE,3,https://entro.security/platform-secrets/,"Webhook signing secrets discovered via SaaS integrations (Slack, Jira) and repo scanning.",entro-security-secrets-platform-2025,Inbound webhook identity secrets in scope
entro-security,Entro Security,NHI-032,NHI,GAP,0,https://entro.security/,Network device credentials (TACACS+/SNMP/SSH) not in product scope.,entro-security-homepage-2025,NetOps device identity requires Akeyless or CyberArk
entro-security,Entro Security,NHI-033,NHI,GAP,0,https://entro.security/,Branch peripheral credentials out of scope.,entro-security-homepage-2025,ATM/printer/kiosk default-cred governance out of scope
entro-security,Entro Security,NHI-034,NHI,GAP,0,https://entro.security/,PQC hybrid-PKI identity governance not in product roadmap.,entro-security-homepage-2025,Post-quantum readiness out of scope
entro-security,Entro Security,NHI-035,NHI,ADD-ON,2,https://entro.security/platform-secrets/,"Vault posture monitoring: fetching anomalies, privilege creep detection in vaults.",entro-security-secrets-platform-2025,Vault-internal identity governance partial; root/replication tokens not directly covered
entro-security,Entro Security,NHI-036,NHI,GAP,0,https://entro.security/,SPIFFE SVID / Aembit / Clutch workload attestation broker identities not integrated.,entro-security-homepage-2025,Ephemeral workload identity out of scope
entro-security,Entro Security,NHI-037,NHI,NATIVE,4,https://entro.security/platform-non-human-identities/,"Core use case: idle/stale NHI detection, dormancy analysis, automated removal, owner attestation.",entro-security-nhi-platform-2025,Claims 90% reduction in sensitive secrets exposure via proactive flagging
entro-security,Entro Security,UC-F-001,UC-F,NATIVE,4,https://entro.security/platform-secrets/,"Repo scanning (GitHub/GitLab/Bitbucket) + ContextIQ auto-triage; PR-integrated remediation workflows.",entro-security-secrets-platform-2025,Pre-commit and continuous scanning; 1200+ secret types
entro-security,Entro Security,UC-F-002,UC-F,NATIVE,4,https://entro.security/platform-secrets/,"Historical and continuous repo sweep; ownership attribution per secret type; NHI bucket tagging.",entro-security-secrets-platform-2025,Full history sweep supported; tracks remediation to closure
entro-security,Entro Security,UC-F-003,UC-F,GAP,0,https://entro.security/,Entro does not issue credentials; no OIDC token broker capability.,entro-security-homepage-2025,Requires upstream vault (HashiCorp/AWS/Azure) for JIT issuance
entro-security,Entro Security,UC-F-004,UC-F,GAP,0,https://entro.security/,No SPIFFE/SPIRE workload identity issuance or SVID broker.,entro-security-homepage-2025,Workload attestation out of scope
entro-security,Entro Security,UC-F-005,UC-F,GAP,0,https://entro.security/,No dynamic credential issuance; discovery-only for DB secrets.,entro-security-homepage-2025,Dynamic DB creds require HashiCorp Vault or CyberArk Conjur
entro-security,Entro Security,UC-F-006,UC-F,ADD-ON,2,https://entro.security/platform-non-human-identities/,"Policy enforcement; vaulting enforcement; active rotation trigger for at-risk secrets via upstream vault API.",entro-security-nhi-platform-2025,Orchestrates rotation into upstream vaults; does not rotate directly
entro-security,Entro Security,UC-F-007,UC-F,ADD-ON,2,https://entro.security/platform-non-human-identities/,"NHIDR triggers automated remediation; revocation executed via upstream vault and SaaS APIs.",entro-security-nhi-platform-2025,80% faster remediation claim; SOAR integration via Torq/Tines
entro-security,Entro Security,UC-F-008,UC-F,ADD-ON,2,https://entro.security/integrations/,"K8s Secrets integration detects plaintext K8s secret objects; remediation guidance provided.",entro-security-integrations-2025,No CSI driver deployment; detection and guidance only
entro-security,Entro Security,UC-F-009,UC-F,ADD-ON,1,https://entro.security/integrations/,"Docker Hub integration; image-pull credential discovery; no per-workload short-lived token issuance.",entro-security-integrations-2025,Discovery only; rotation requires ECR/ACR/GAR native tooling
entro-security,Entro Security,UC-F-010,UC-F,ADD-ON,2,https://entro.security/platform-secrets/,"Terraform state file and IaC config scanning; secret-in-IaC detection and ownership attribution.",entro-security-secrets-platform-2025,No dynamic provider injection; detection and alert only
entro-security,Entro Security,UC-F-011,UC-F,ADD-ON,2,https://entro.security/integrations/,"Datadog/Splunk/Elastic agent credential discovery and posture; rotation via upstream vault.",entro-security-integrations-2025,Observability agent key inventory and rotation guidance
entro-security,Entro Security,UC-F-012,UC-F,ADD-ON,1,https://entro.security/integrations/,Partial: cloud broker (AWS SQS/SNS) credential discovery; no explicit mTLS/SASL posture tooling.,entro-security-integrations-2025,Message broker NHI hardening not a primary product use case
entro-security,Entro Security,UC-F-013,UC-F,ADD-ON,2,https://entro.security/integrations/,"AD/Hybrid Azure AD/Entra ID integration; svc_ account inventory supports gMSA migration planning.",entro-security-integrations-2025,Inventory for gMSA migration; execution via AD/Microsoft tooling
entro-security,Entro Security,UC-F-014,UC-F,GAP,0,https://entro.security/,API gateway upstream identity not explicitly covered in product scope.,entro-security-homepage-2025,Apigee/Kong/AWS APIGW identity management out of scope
entro-security,Entro Security,UC-F-015,UC-F,ADD-ON,2,https://entro.security/platform-non-human-identities/,"AD service account + SaaS OAuth discovery covers RPA bot identity inventory and posture.",entro-security-nhi-platform-2025,No UiPath/Blue Prism orchestrator vault integration
entro-security,Entro Security,UC-F-016,UC-F,GAP,0,https://entro.security/,Code-signing and Sigstore/Fulcio identity out of scope.,entro-security-homepage-2025,Keyless signing requires Sigstore or HSM-native tooling
entro-security,Entro Security,UC-F-017,UC-F,GAP,0,https://entro.security/,Confidential-computing TEE attestation gating not in product scope.,entro-security-homepage-2025,TEE attestation requires Nitro/Azure MAA native tools
entro-security,Entro Security,UC-F-018,UC-F,NATIVE,3,https://entro.security/platform-ai-agents/,"AI agent platform pillar: discovery, NHI mapping, NHIDR credential-use monitoring, MCP integration.",entro-security-ai-agents-2025,No native per-session credential broker; delegates to upstream vault
entro-security,Entro Security,UC-F-019,UC-F,GAP,0,https://entro.security/,IoT/OT/branch-device identity enrolment (DPS/EST/SCEP) not in scope.,entro-security-homepage-2025,ATM/IoT fleet identity requires Azure IoT Hub or AWS IoT Core
entro-security,Entro Security,UC-F-020,UC-F,GAP,0,https://entro.security/,No mainframe (RACF/ACF2/ICSF) integration or rotation pipeline.,entro-security-homepage-2025,Core banking mainframe NHI rotation out of scope — critical XYZ gap
entro-security,Entro Security,UC-F-021,UC-F,ADD-ON,1,https://entro.security/integrations/,AD-based backup agent account inventory; no dedicated backup-tier vaulting or de-privilege module.,entro-security-integrations-2025,Veeam/NetBackup/Commvault agent AD accounts covered indirectly
entro-security,Entro Security,UC-F-022,UC-F,NATIVE,3,https://entro.security/platform-secrets/,"Webhook signing secrets discovered and posture-managed via repo and SaaS scanning.",entro-security-secrets-platform-2025,Covers Stripe/GitHub/Twilio webhook secrets in code and SaaS
entro-security,Entro Security,UC-F-023,UC-F,GAP,0,https://entro.security/,TACACS+/SNMP/SSH network device credential management not in scope.,entro-security-homepage-2025,Network device modernisation requires CyberArk/Akeyless
entro-security,Entro Security,UC-F-024,UC-F,GAP,0,https://entro.security/,mTLS/FAPI 2.0 client certificate lifecycle management not in scope.,entro-security-homepage-2025,Open Banking/CDR cert lifecycle requires Venafi or Keyfactor
entro-security,Entro Security,UC-F-025,UC-F,NATIVE,4,https://entro.security/platform-non-human-identities/,"OAuth app inventory across M365/Google Workspace/Salesforce/Slack/GitHub; risk scoring; revocation triggers.",entro-security-nhi-platform-2025,Core NHI discovery use case; stale refresh token detection
entro-security,Entro Security,UC-F-026,UC-F,ADD-ON,2,https://entro.security/platform-secrets/,"Vault posture monitoring: fetching anomaly detection, privilege creep; does not govern root tokens directly.",entro-security-secrets-platform-2025,Vault-internal identity hardening partial; root token governance out of scope
entro-security,Entro Security,UC-F-027,UC-F,NATIVE,4,https://entro.security/platform-non-human-identities/,"Core product: idle NHI detection, activity-based dormancy, owner-attestation, automated removal triggers.",entro-security-nhi-platform-2025,Claims 90% reduction in sensitive secrets exposure via proactive flagging
entro-security,Entro Security,UC-N-001,UC-N,NATIVE,4,https://entro.security/,Centralised NHI + secrets inventory dashboard with findings by team/repo/NHI type and trend tracking.,entro-security-homepage-2025,Real-time KPI dashboard; freshness tracking per NHI bucket
entro-security,Entro Security,UC-N-002,UC-N,NATIVE,4,https://entro.security/platform-non-human-identities/,"Complete NHI inventory with human-owner attribution; annual re-attestation workflow; export capability.",entro-security-nhi-platform-2025,Owner-attested NHI inventory is core platform value proposition
entro-security,Entro Security,UC-N-003,UC-N,NATIVE,3,https://entro.security/platform-non-human-identities/,"Rotation coverage metrics, freshness tracking per NHI bucket, posture scoring per identity.",entro-security-nhi-platform-2025,KPI export; rotation freshness tracked per identity class
entro-security,Entro Security,UC-N-004,UC-N,ADD-ON,2,https://entro.security/financial-services/,"Posture compliance reporting for SOC2, ISO27001, PCI, HIPAA; no APRA CPS 234 evidence pack.",entro-security-financial-svcs-2025,No APRA-specific compliance pack; AU regulatory alignment gap
entro-security,Entro Security,UC-N-005,UC-N,ADD-ON,1,https://entro.security/,No Essential 8 / NIST ZT pillar scorecard template; general posture compliance mapping only.,entro-security-homepage-2025,E8 maturity scorecard not a named product capability
entro-security,Entro Security,UC-N-006,UC-N,NATIVE,3,https://entro.security/platform-non-human-identities/,"SaaS integration risk scoring; OAuth-app inventory; supply-chain credential exposure mapping.",entro-security-nhi-platform-2025,Vendor/SaaS supply-chain NHI governance is a core use case
entro-security,Entro Security,UC-N-007,UC-N,GAP,0,https://entro.security/financial-services/,"SaaS-only; no AU SaaS region; no IRAP; APRA CPS 230 data-residency requirements unmet.",entro-security-financial-svcs-2025,Blocking compliance gap for APRA-regulated XYZ deployment
entro-security,Entro Security,UC-N-008,UC-N,GAP,0,https://entro.security/,No training platform or secure-coding adoption KPI tooling.,entro-security-homepage-2025,Training out of product scope
entro-security,Entro Security,UC-N-009,UC-N,ADD-ON,2,https://entro.security/platform-non-human-identities/,"Risk prioritisation and posture exception surfacing; no dedicated GRC exception register module.",entro-security-nhi-platform-2025,Exception register requires Jira/ServiceNow integration as workflow
entro-security,Entro Security,UC-N-010,UC-N,GAP,0,https://entro.security/,HSM/CA/KMS quorum-operator identities not in scope; break-glass identity governance out of scope.,entro-security-homepage-2025,HSM operator governance requires dedicated PAM or HSM tools
entro-security,Entro Security,UC-N-011,UC-N,ADD-ON,2,https://entro.security/platform-non-human-identities/,"NHIDR logs and anomaly events support post-incident RCA; no MITRE ATT&CK T1552 mapping module.",entro-security-nhi-platform-2025,RCA support via NHIDR events; NHI attribution available
entro-security,Entro Security,UC-N-012,UC-N,GAP,0,https://entro.security/,SLSA/in-toto provenance assurance not in scope.,entro-security-homepage-2025,Supply-chain provenance reporting out of scope
entro-security,Entro Security,UC-N-013,UC-N,GAP,0,https://entro.security/,PQC/crypto-agility not in product roadmap; no crypto-inventory capability.,entro-security-homepage-2025,PQC migration reporting out of scope
entro-security,Entro Security,UC-N-014,UC-N,ADD-ON,2,https://entro.security/platform-non-human-identities/,"NHI posture metrics and inventory exportable; no dedicated vendor-matrix maintenance tooling.",entro-security-nhi-platform-2025,API export supports matrix population workflows
entro-security,Entro Security,UC-N-015,UC-N,GAP,0,https://entro.security/,Communications and stakeholder cadence tooling out of product scope.,entro-security-homepage-2025,Governance comms out of scope
entro-security,Entro Security,UC-N-016,UC-N,GAP,0,https://entro.security/,IoT/OT/branch-fleet posture reporting not in scope.,entro-security-homepage-2025,ATM/branch peripheral fleet out of scope
entro-security,Entro Security,UC-N-017,UC-N,NATIVE,3,https://entro.security/integrations/,"Detects secrets in logs/telemetry; Datadog/Splunk/Elastic integrations surface agent secrets in pipelines.",entro-security-integrations-2025,Observability secret-leak governance is in-scope use case
entro-security,Entro Security,UC-N-018,UC-N,GAP,0,https://entro.security/,TEE attestation assurance out of scope.,entro-security-homepage-2025,Confidential-computing attestation out of scope
entro-security,Entro Security,UC-N-019,UC-N,NATIVE,3,https://entro.security/platform-ai-agents/,"AI agent NHI inventory; per-tool credential issuance volume tracking; NHIDR anomalous credential-request alerting.",entro-security-ai-agents-2025,AI agent KPI suite; shadow agent discovery; SOC alerting
entro-security,Entro Security,UC-N-020,UC-N,GAP,0,https://entro.security/,No mainframe/legacy (RACF/RPA) posture visibility.,entro-security-homepage-2025,Mainframe legacy NHI reporting out of scope — material XYZ gap
oasis-security,Oasis Security,NHI-001,NHI,NATIVE,4,https://www.oasis.security/product,Auto-discovers all Non-Human Identities across AWS IAM roles managed identities and GCP service accounts,oasis-product-2025,Cloud IAM principals are core discovery targets; agentless connectors GA
oasis-security,Oasis Security,NHI-002,NHI,ADD-ON,2,https://www.oasis.security/glossary/workload-identity,Workload identities are integrated into CI/CD pipelines to ensure only verified build jobs access sensitive secrets,oasis-glossary-2025,K8s ServiceAccount discovery via cloud IAM / Entra; no dedicated K8s connector confirmed
oasis-security,Oasis Security,NHI-003,NHI,NATIVE,3,https://www.oasis.security/blog/enhancing-github-security-with-oasis,GitHub integration detects PATs SSH keys deploy keys and OIDC-federated pipeline identities,oasis-github-2025,GitHub connector GA; OIDC-federated CI/CD identities discovered and lifecycle-managed
oasis-security,Oasis Security,NHI-004,NHI,ADD-ON,2,https://www.oasis.security/product,Discovers NHIs across IaaS SaaS PaaS and on-prem including container and image-pull credentials via cloud IAM,oasis-product-2025,Covered via ECR/ACR/GAR IAM discovery; no dedicated pull-secret connector published
oasis-security,Oasis Security,NHI-005,NHI,NATIVE,3,https://www.oasis.security/blog/new-oasis-integration-for-databricks-secures-access-to-data-and-ai,Oasis integration for Databricks secures access to data and AI via NHI lifecycle management,oasis-databricks-2025,AWS RDS users Snowflake Databricks service accounts in scope; rotation orchestrated via vault connectors
oasis-security,Oasis Security,NHI-006,NHI,PARTNER,1,https://www.oasis.security/resources/the-collaborative-approach-of-secret-managers-and-oasis,Where vaults know what's stored Oasis knows who owns it who uses it and what it can access,oasis-vault-collab-2025,Certificate lifecycle management not native; certs surfaced contextually via vault integration metadata
oasis-security,Oasis Security,NHI-007,NHI,NATIVE,4,https://www.oasis.security/product,Discovers NHIs across SaaS platforms including Salesforce GitHub OpenAI Microsoft Copilot and Glean,oasis-product-2025,API keys and OAuth tokens across major SaaS platforms are core discovery targets; scope-inflation detection
oasis-security,Oasis Security,NHI-008,NHI,NATIVE,3,https://www.oasis.security/blog/enhancing-github-security-with-oasis,Oasis GitHub integration detects PATs SSH keys deploy keys and scope-inflation in git platform credentials,oasis-github-2025,Git credential discovery GA; fine-grained PAT and deploy key lifecycle management supported
oasis-security,Oasis Security,NHI-009,NHI,ADD-ON,2,https://www.oasis.security/blog/introducing-oasis-nhi-provisioning-transforming-nhi-security-from-day-1,Supports request and approval workflows via Terraform ServiceNow or Generic API triggers for IaC-based provisioning,oasis-provisioning-2025,IaC agent NHIs discovered via cloud IAM; Terraform provisioning workflows supported
oasis-security,Oasis Security,NHI-010,NHI,ADD-ON,2,https://www.oasis.security/product,Discovers NHIs across IaaS SaaS PaaS and on-prem environments including monitoring agents,oasis-product-2025,[INDUSTRY-CONSENSUS] Monitoring agent API keys surfaced via SaaS discovery; Datadog Splunk not explicitly confirmed
oasis-security,Oasis Security,NHI-011,NHI,GAP,0,https://www.oasis.security/product,No Kafka RabbitMQ or Azure Service Bus connector found in public documentation,oasis-product-2025,Message broker client identities not in scope
oasis-security,Oasis Security,NHI-012,NHI,NATIVE,3,https://www.oasis.security/blog/oasis-security-integration-with-microsoft-active-directory,Oasis identifies service and system accounts within Active Directory including synced and unsynced non-human identities,oasis-ad-2024,GA December 2024; agentless (Entra-synced) and agent-based (on-prem) integration options
oasis-security,Oasis Security,NHI-013,NHI,ADD-ON,1,https://www.oasis.security/product,Discovers NHIs across cloud IAM and SaaS including API gateway upstream identities via IAM connectors,oasis-product-2025,API-gateway identities covered via cloud IAM discovery; no dedicated API-GW connector confirmed
oasis-security,Oasis Security,NHI-014,NHI,ADD-ON,2,https://www.oasis.security/non-human-identity-management-glossary-identity-tyeps-oasis-security,RPA credentials and bot identities are listed NHI types discovered via AD and SaaS connectors,oasis-glossary-2025,RPA in NHI glossary; discovered via AD and SaaS; no UiPath/Blue Prism direct connector found
oasis-security,Oasis Security,NHI-015,NHI,GAP,0,https://www.oasis.security/product,No code-signing identity management capability found in product documentation,oasis-product-2025,PKI/signing lifecycle not in scope for NHI discovery tier
oasis-security,Oasis Security,NHI-016,NHI,GAP,0,https://www.oasis.security/product,No SLSA or build-provenance attestation identity management capability found,oasis-product-2025,Supply-chain attestation out of scope
oasis-security,Oasis Security,NHI-017,NHI,GAP,0,https://www.oasis.security/product,No service mesh control-plane identity connector found in public documentation,oasis-product-2025,SPIFFE/SPIRE and mesh CA identities not discoverable by Oasis
oasis-security,Oasis Security,NHI-018,NHI,GAP,0,https://www.oasis.security/product,No confidential-computing or TEE attestation identity capability found,oasis-product-2025,TEE attestation identities not in scope
oasis-security,Oasis Security,NHI-019,NHI,NATIVE,4,https://www.oasis.security/agentic-access-management,Issues ephemeral per-session identities eliminating standing privileges and minimizing blast radius,oasis-aam-2025,AAM™ GA November 2025; per-session ephemeral identity intent-based access full audit chain; Claude OpenAI Cursor integrations confirmed
oasis-security,Oasis Security,NHI-020,NHI,ADD-ON,1,https://www.oasis.security/product,Discovers SaaS NHIs including AI platform integrations; model registry identity coverage partial,oasis-product-2025,[INDUSTRY-CONSENSUS] OpenAI integration listed; Hugging Face model registry not confirmed
oasis-security,Oasis Security,NHI-021,NHI,GAP,0,https://www.oasis.security/non-human-identity-management-glossary-identity-tyeps-oasis-security,Device identity defined in glossary but no IoT/OT connector or enrolment lifecycle management found,oasis-glossary-2025,Device identity in glossary only; no AWS IoT / Azure IoT DPS connector
oasis-security,Oasis Security,NHI-022,NHI,GAP,0,https://www.oasis.security/product,No RACF ACF2 or z/OS mainframe identity connector found in public documentation,oasis-product-2025,Mainframe out of scope; critical gap for XYZ core-banking NHIs
oasis-security,Oasis Security,NHI-023,NHI,GAP,0,https://www.oasis.security/non-human-identity-management-glossary-identity-tyeps-oasis-security,KMS keys listed in glossary as metadata only; TDE master key lifecycle management not a platform capability,oasis-glossary-2025,Crypto-key lifecycle management not in scope beyond metadata visibility
oasis-security,Oasis Security,NHI-024,NHI,ADD-ON,2,https://www.oasis.security/non-human-identity-management-glossary-identity-tyeps-oasis-security,Break-glass accounts supported across AWS Azure GCP and Okta with discovery and monitoring capabilities,oasis-glossary-2025,Break-glass account discovery GA; HSM/CA quorum-operator governance not addressed
oasis-security,Oasis Security,NHI-025,NHI,GAP,0,https://www.oasis.security/product,No CA operator or PKI role identity management capability found in product documentation,oasis-product-2025,PKI/CA operator identities not in scope
oasis-security,Oasis Security,NHI-026,NHI,ADD-ON,1,https://www.oasis.security/blog/oasis-security-integration-with-microsoft-active-directory,Backup service accounts discoverable via AD integration; identifies privileged accounts stale credentials and unrotated secrets,oasis-ad-2024,AD-connected backup service accounts discoverable; no Veeam/Rubrik/Commvault direct connector
oasis-security,Oasis Security,NHI-027,NHI,ADD-ON,2,https://www.oasis.security/product,Discovers OAuth tokens and confidential-client credentials across SaaS and cloud platforms,oasis-product-2025,OAuth refresh tokens and confidential-client credentials discovered via SaaS connectors; OBO flow identity coverage partial
oasis-security,Oasis Security,NHI-028,NHI,GAP,0,https://www.oasis.security/product,No FAPI 2.0 CDR Open Banking client identity management capability found,oasis-product-2025,CDR/FAPI 2.0 partner mTLS identities not addressed; critical gap for XYZ Open Banking
oasis-security,Oasis Security,NHI-029,NHI,NATIVE,3,https://www.oasis.security/blog/oasis-security-integration-with-microsoft-active-directory,Oasis distinguishes which accounts are actual non-human service accounts including stale and shared accounts in AD,oasis-ad-2024,Human vs NHI account classification; shared functional ID detection is a key AD integration use-case
oasis-security,Oasis Security,NHI-030,NHI,NATIVE,3,https://www.oasis.security/product,Discovers OAuth apps across M365 Google Workspace Salesforce Slack and GitHub with scope and risk analysis,oasis-product-2025,Shadow-integration discovery and governance across major SaaS tenants is a core platform capability
oasis-security,Oasis Security,NHI-031,NHI,NATIVE,2,https://www.oasis.security/non-human-identity-management-glossary-identity-tyeps-oasis-security,Webhooks listed as a discoverable NHI type across SaaS platforms,oasis-glossary-2025,Webhook discovery via SaaS connectors; enforcement of HMAC verification not native
oasis-security,Oasis Security,NHI-032,NHI,GAP,0,https://www.oasis.security/product,No network device TACACS or SNMP identity connector found in public documentation,oasis-product-2025,Network/infrastructure device credentials not in scope
oasis-security,Oasis Security,NHI-033,NHI,GAP,0,https://www.oasis.security/product,No branch-peripheral or printer-fleet identity management capability found,oasis-product-2025,Branch-peripheral identities out of scope
oasis-security,Oasis Security,NHI-034,NHI,GAP,0,https://www.oasis.security/product,No post-quantum or hybrid-PKI rotation identity capability found in product documentation,oasis-product-2025,PQC/hybrid-PKI out of scope for NHI discovery tier
oasis-security,Oasis Security,NHI-035,NHI,PARTNER,2,https://www.oasis.security/resources/the-collaborative-approach-of-secret-managers-and-oasis,Oasis connects to leading vaults including HashiCorp Vault AWS Secrets Manager and Azure Key Vault as connectors,oasis-vault-collab-2025,Vault-internal identity governance (root tokens replication tokens) not in scope; metadata read only
oasis-security,Oasis Security,NHI-036,NHI,PARTNER,1,https://www.oasis.security/glossary/spiffe-verifiable-identity-document,SPIFFE Verifiable Identity Document defined in Oasis glossary; OIDC-federated identities discoverable,oasis-glossary-2025,SPIFFE SVIDs and Aembit workload tokens not natively issued or managed; OIDC discovery only
oasis-security,Oasis Security,NHI-037,NHI,NATIVE,4,https://www.oasis.security/solutions/governance,Identifies unused identities for decommissioning decisions via stale identity detection and attestation workflows,oasis-governance-2025,Orphan/dormant NHI detection and cleanup via AI-powered owner attribution and recertification campaigns is flagship capability
oasis-security,Oasis Security,UC-F-001,UC-F,ADD-ON,2,https://www.oasis.security/blog/enhancing-github-security-with-oasis,GitHub integration detects PATs SSH keys and exposed credentials in repositories,oasis-github-2025,NHI credential exposure detection in repos; dedicated secrets-scanner (pre-commit hooks push-protection) not native
oasis-security,Oasis Security,UC-F-002,UC-F,ADD-ON,1,https://www.oasis.security/product,Discovery platform surfaces exposed credentials across cloud SaaS and on-prem systems,oasis-product-2025,Historical repo scanning out of scope; Oasis surfaces exposed credentials not repo-history patterns
oasis-security,Oasis Security,UC-F-003,UC-F,PARTNER,2,https://www.oasis.security/blog/introducing-oasis-nhi-provisioning-transforming-nhi-security-from-day-1,Supports federated identities using trust relationships and OIDC protocols across cloud providers,oasis-provisioning-2025,OIDC-federated provisioning orchestrated; JIT STS credential issuance is via cloud IAM not Oasis
oasis-security,Oasis Security,UC-F-004,UC-F,GAP,0,https://www.oasis.security/product,No SPIFFE SPIRE or workload SVID issuance capability found in product documentation,oasis-product-2025,SPIFFE/SPIRE deployment not a platform capability; PARTNER at glossary-definition level only
oasis-security,Oasis Security,UC-F-005,UC-F,GAP,0,https://www.oasis.security/resources/the-collaborative-approach-of-secret-managers-and-oasis,Oasis orchestrates rotation; dynamic credential issuance is the role of connected vault platforms,oasis-vault-collab-2025,Dynamic DB credential leases not issued by Oasis; Oasis orchestrates rotation against existing vaults
oasis-security,Oasis Security,UC-F-006,UC-F,NATIVE,3,https://www.oasis.security/blog/introducing-oasis-nhi-provisioning-transforming-nhi-security-from-day-1,Policies established during provisioning cover vaulting secret rotation ownership and deprovisioning from day one,oasis-provisioning-2025,Rotation orchestration (schedule + incident-triggered) via HashiCorp Vault AWS SM Azure KV GCP SM connectors; GA
oasis-security,Oasis Security,UC-F-007,UC-F,NATIVE,3,https://www.prnewswire.com/news-releases/oasis-security-launches-oasis-scout-the-first-itdr-solution-for-non-human-identities-with-authprint-technology-302362762.html,Oasis Scout continuously monitors environment to identify leaked credentials unauthorized access and account takeover,oasis-scout-2025,ITDR-triggered revocation workflows; SOAR playbook integration not explicitly documented
oasis-security,Oasis Security,UC-F-008,UC-F,GAP,0,https://www.oasis.security/product,No CSI driver or Vault agent injector deployment capability for Kubernetes plaintext-secret elimination,oasis-product-2025,K8s secret consumption brokering not a platform capability
oasis-security,Oasis Security,UC-F-009,UC-F,GAP,0,https://www.oasis.security/product,Container image-pull credential issuance per workload not found in product documentation,oasis-product-2025,Pull-credential lifecycle management not in scope
oasis-security,Oasis Security,UC-F-010,UC-F,ADD-ON,2,https://www.oasis.security/blog/introducing-oasis-nhi-provisioning-transforming-nhi-security-from-day-1,Supports request and approval workflows via Terraform to provision and govern NHIs from day one,oasis-provisioning-2025,Terraform-based provisioning approval workflows exist; state-file scanning not native
oasis-security,Oasis Security,UC-F-011,UC-F,ADD-ON,2,https://www.oasis.security/product,Discovers and inventories monitoring agent API keys and ingest tokens across SaaS platforms,oasis-product-2025,Observability agent credentials inventoried; rotation orchestrated via vault connectors; agent-config secret scanning not native
oasis-security,Oasis Security,UC-F-012,UC-F,GAP,0,https://www.oasis.security/product,No Kafka RabbitMQ or Azure Service Bus message-broker connector found,oasis-product-2025,Message-broker client identity hardening not in scope
oasis-security,Oasis Security,UC-F-013,UC-F,NATIVE,3,https://www.oasis.security/blog/oasis-security-integration-with-microsoft-active-directory,Identifies and manages privileged accounts stale credentials and unrotated secrets in Active Directory,oasis-ad-2024,AD service-account lifecycle management GA; gMSA-specific migration tooling not explicitly confirmed
oasis-security,Oasis Security,UC-F-014,UC-F,GAP,0,https://www.oasis.security/product,No API-gateway cert lifecycle or upstream identity standardisation capability found,oasis-product-2025,API-gateway cert automation not in scope for NHI discovery tier
oasis-security,Oasis Security,UC-F-015,UC-F,ADD-ON,2,https://www.oasis.security/solutions/governance,Platform enables collaboration with identity owners on secret rotation risk management and decommissioning decisions,oasis-governance-2025,RPA identities discovered via AD and SaaS; vault integration orchestrates rotation; no UiPath/Blue Prism direct connector
oasis-security,Oasis Security,UC-F-016,UC-F,GAP,0,https://www.oasis.security/product,No code-signing artifact-signing or keyless signing capability found,oasis-product-2025,Code-signing lifecycle not in scope
oasis-security,Oasis Security,UC-F-017,UC-F,GAP,0,https://www.oasis.security/product,No TEE attestation or confidential-computing secret-release gate capability found,oasis-product-2025,TEE attestation patterns not in scope
oasis-security,Oasis Security,UC-F-018,UC-F,NATIVE,4,https://www.oasis.security/agentic-access-management,Issues short-lived identity scoped only to required action with automatic decommissioning after task completion,oasis-aam-2025,AAM™ GA November 2025; intent-based access deterministic policy ephemeral per-session identity; Claude OpenAI Cursor confirmed
oasis-security,Oasis Security,UC-F-019,UC-F,GAP,0,https://www.oasis.security/product,No IoT OT ATM or branch device identity enrolment capability found,oasis-product-2025,IoT/OT fleet identity enrolment not in scope
oasis-security,Oasis Security,UC-F-020,UC-F,GAP,0,https://www.oasis.security/product,No mainframe RACF or z/OS credential rotation pipeline found,oasis-product-2025,Mainframe credential management out of scope; critical gap for XYZ core banking
oasis-security,Oasis Security,UC-F-021,UC-F,ADD-ON,1,https://www.oasis.security/blog/oasis-security-integration-with-microsoft-active-directory,AD integration identifies privileged service accounts used by backup and DR agents,oasis-ad-2024,Backup agent AD service accounts discoverable; no Veeam/Rubrik direct connector; immutable-storage token governance not native
oasis-security,Oasis Security,UC-F-022,UC-F,ADD-ON,2,https://www.oasis.security/non-human-identity-management-glossary-identity-tyeps-oasis-security,Webhooks are a discoverable NHI type across SaaS platforms with lifecycle tracking,oasis-glossary-2025,Webhook discovery and inventory supported; HMAC signature enforcement not native
oasis-security,Oasis Security,UC-F-023,UC-F,GAP,0,https://www.oasis.security/product,No TACACS+ SNMP or network-device credential connector found,oasis-product-2025,Network-device credential modernisation not in scope
oasis-security,Oasis Security,UC-F-024,UC-F,GAP,0,https://www.oasis.security/product,No FAPI 2.0 CDR Open Banking mTLS partner identity management capability found,oasis-product-2025,FAPI 2.0/CDR partner client cert lifecycle not in scope; critical gap for XYZ Open Banking
oasis-security,Oasis Security,UC-F-025,UC-F,NATIVE,4,https://www.oasis.security/product,Discovers OAuth apps across M365 Google Workspace Salesforce Slack and GitHub; stale token revocation and scope analysis,oasis-product-2025,Shadow-integration discovery and governance with risk scoring and revocation is a core product use-case
oasis-security,Oasis Security,UC-F-026,UC-F,PARTNER,1,https://www.oasis.security/resources/the-collaborative-approach-of-secret-managers-and-oasis,Oasis connects to leading vaults to read metadata; vault-internal root tokens and replication tokens not governed,oasis-vault-collab-2025,Vault-internal identity hardening (root token root recovery key) not in scope for Oasis
oasis-security,Oasis Security,UC-F-027,UC-F,NATIVE,4,https://www.oasis.security/solutions/governance,Identifies unused identities for decommissioning decisions and runs recertification campaigns with identity owners,oasis-governance-2025,Stale/orphaned NHI detection ownership attestation and decommission automation are flagship capabilities
oasis-security,Oasis Security,UC-N-001,UC-N,NATIVE,3,https://www.oasis.security/blog/nhi-security-metrics-15-kpis-your-board-needs-in-2025,Built-in dashboards and risk scoring provide board-level communication with 15 NHI KPIs and trend visualisation,oasis-kpis-2025,Real-time dashboard with secret sprawl KPIs rotation-freshness orphan-reduction trends; 24h data freshness not confirmed
oasis-security,Oasis Security,UC-N-002,UC-N,NATIVE,4,https://www.oasis.security/solutions/governance,Uses AI and advanced heuristics to assign owners to each NHI and runs recertification campaigns for audit,oasis-governance-2025,Auto-discovery AI-powered owner attribution recertification campaigns GRC export; coverage completeness SLA not published
oasis-security,Oasis Security,UC-N-003,UC-N,NATIVE,3,https://www.oasis.security/blog/nhi-security-metrics-15-kpis-your-board-needs-in-2025,Tracks secrets rotation frequency stale/orphaned NHI reduction rate and policy violation rate in dashboard,oasis-kpis-2025,Rotation-coverage and freshness KPIs tracked; NHI-bucket level breakdown not explicitly confirmed
oasis-security,Oasis Security,UC-N-004,UC-N,ADD-ON,2,https://www.oasis.security/solutions/governance,Compliance dashboard presents framework-specific views to track progress on NHI controls for auditor inquiries,oasis-governance-2025,PCI DSS 4.0 SOC 2 GDPR dashboards present; APRA CPS 234 §22/28/33/35 mapping not found
oasis-security,Oasis Security,UC-N-005,UC-N,ADD-ON,1,https://www.oasis.security/blog/nhi-security-metrics-15-kpis-your-board-needs-in-2025,Five-dimension posture framework covers visibility risk governance operations and compliance dimensions,oasis-kpis-2025,Custom posture framework exists; no explicit Essential 8 or NIST SP 800-207 ZT-pillar mapping found
oasis-security,Oasis Security,UC-N-006,UC-N,NATIVE,3,https://www.oasis.security/blog/nhi-security-metrics-15-kpis-your-board-needs-in-2025,Third-party NHI exposure assessment and resource-to-identity ratio tracked in security posture dashboard,oasis-kpis-2025,Vendor/SaaS supply-chain NHI risk scoring in dashboard; refresh cadence not confirmed
oasis-security,Oasis Security,UC-N-007,UC-N,GAP,0,https://oasis.security/resources/oasis-has-achieved-iso-iec-27001-certification,SOC 2 and ISO 27001 achieved; no AU data-residency region or IRAP assessment found publicly,oasis-iso-2024,SaaS-only no declared AU/APAC region no IRAP; material blocker for APRA CPS 230/234 production adoption
oasis-security,Oasis Security,UC-N-008,UC-N,GAP,0,https://www.oasis.security/blog/nhi-certification,Oasis Security Launches First-Ever Non-Human Identity Management Certification for industry education,oasis-cert-2025,NHI certification is external industry education not an enterprise training-completion KPI tool
oasis-security,Oasis Security,UC-N-009,UC-N,ADD-ON,2,https://www.oasis.security/solutions/governance,Continuous monitoring tracks identity configurations and security health with policy violation tracking,oasis-governance-2025,Policy violation tracking and stale exception escalation partially addressed; dedicated exception-register workflow not confirmed
oasis-security,Oasis Security,UC-N-010,UC-N,ADD-ON,2,https://www.oasis.security/non-human-identity-management-glossary-identity-tyeps-oasis-security,Break-glass accounts discovered and monitored across AWS Azure GCP and Okta,oasis-glossary-2025,Break-glass account inventory and monitoring GA; quorum-operator HSM/CA governance not addressed
oasis-security,Oasis Security,UC-N-011,UC-N,NATIVE,3,https://www.prnewswire.com/news-releases/oasis-security-launches-oasis-scout-the-first-itdr-solution-for-non-human-identities-with-authprint-technology-302362762.html,AuthPrint technology matches malicious activity to known fingerprints of threat actors providing reliable anomaly detection,oasis-scout-2025,Oasis Scout + NHI Threat Center provide ITDR incident attribution and RCA support; MITRE ATT&CK sub-technique tagging not confirmed
oasis-security,Oasis Security,UC-N-012,UC-N,GAP,0,https://www.oasis.security/product,No SLSA provenance or in-toto attestation coverage reporting capability found,oasis-product-2025,Supply-chain attestation reporting not in scope
oasis-security,Oasis Security,UC-N-013,UC-N,GAP,0,https://www.oasis.security/product,No crypto-inventory PQC readiness or hybrid-cert capability reporting found,oasis-product-2025,Crypto-agility and PQC reporting not in scope for NHI discovery tier
oasis-security,Oasis Security,UC-N-014,UC-N,ADD-ON,1,https://www.oasis.security/product,Platform data exports could populate vendor evaluation matrix inputs; no automated matrix tooling found,oasis-product-2025,Matrix-maintenance tooling not native; discovery data is matrix input
oasis-security,Oasis Security,UC-N-015,UC-N,GAP,0,https://www.oasis.security/product,Stakeholder communications cadence tooling not in scope for NHI management platform,oasis-product-2025,Out of scope
oasis-security,Oasis Security,UC-N-016,UC-N,GAP,0,https://www.oasis.security/product,No IoT OT or branch-fleet posture reporting capability found,oasis-product-2025,IoT/OT fleet reporting not in scope; GAP for XYZ ATM and branch-device governance
oasis-security,Oasis Security,UC-N-017,UC-N,ADD-ON,2,https://www.oasis.security/product,NHI discovery surfaces observability agent credentials and detects stale or risky secrets in telemetry pipelines,oasis-product-2025,Agent credentials inventoried; telemetry log-scrubbing and secret-leak governance not native
oasis-security,Oasis Security,UC-N-018,UC-N,GAP,0,https://www.oasis.security/product,No TEE or confidential-computing attestation assurance capability found,oasis-product-2025,Confidential-computing attestation out of scope
oasis-security,Oasis Security,UC-N-019,UC-N,NATIVE,3,https://www.oasis.security/agentic-access-management,Captures every session intent policy identity activity and expiration with comprehensive audit trail functionality,oasis-aam-2025,AAM audit chain provides per-session agent identity tool calls policy expiration; weekly reporting KPIs referenced
oasis-security,Oasis Security,UC-N-020,UC-N,GAP,0,https://www.oasis.security/product,No mainframe or midrange posture reporting found; RPA posture limited to AD-connected accounts,oasis-product-2025,Mainframe and non-AD-connected legacy NHI reporting not in scope; gap for XYZ core-banking transparency
aembit,Aembit,NHI-001,NHI,NATIVE,4,https://docs.aembit.io/trust-and-credential-providers/,AWS STS / Azure Entra WIF / GCP WIF trust providers and credential issuance natively documented,aembit-trust-providers-2024;aembit-credential-providers-2024,Core attestation target; all major cloud IAM principals supported
aembit,Aembit,NHI-002,NHI,NATIVE,4,https://docs.aembit.io/user-guide/access-policies/trust-providers/kubernetes-service-account-trust-provider,Supports attestation of Client Workloads in a Kubernetes environment — EKS AKS GKE self-hosted,aembit-trust-providers-2024,Namespace/pod/service-account match rules; OIDC endpoint token validation
aembit,Aembit,NHI-003,NHI,NATIVE,3,https://docs.aembit.io/trust-and-credential-providers/,GitHub Actions OIDC and GitLab Job OIDC trust providers documented,aembit-trust-providers-2024,CI/CD workload attestation via OIDC; Terraform Cloud token also supported
aembit,Aembit,NHI-004,NHI,GAP,0,https://docs.aembit.io,,aembit-arch-2024,No container image-pull credential management documented
aembit,Aembit,NHI-005,NHI,NATIVE,3,https://aembit.io/case-study/snowflake-uses-aembit-to-secure-workload-access/,Aembit now handles the credentials required to access the Server Workload eliminating the need to manage them,aembit-snowflake-case-study-2024,PostgreSQL MySQL Snowflake Redis documented; JIT credential injection via Edge proxy
aembit,Aembit,NHI-006,NHI,NATIVE,3,https://docs.aembit.io/user-guide/access-policies/credential-providers/oauth-authorization-code,X.509-SVID and JWT-SVID credential providers documented as dedicated types with dynamic claims,aembit-credential-providers-2024,mTLS identity via X.509-SVID issuance; integrates with SPIRE-based deployments
aembit,Aembit,NHI-007,NHI,NATIVE,3,https://docs.aembit.io/user-guide/access-policies/credential-providers/oauth-authorization-code,OAuth 2.0 client credentials and Authorization Code credential providers; Atlassian GitLab Slack Google Workspace PagerDuty,aembit-credential-providers-2024,SaaS API key and OAuth client brokering; static API key replaced by JIT issuance
aembit,Aembit,NHI-008,NHI,ADD-ON,2,https://docs.aembit.io/user-guide/access-policies/credential-providers/oauth-authorization-code,GitLab account managed credential provider available,aembit-credential-providers-2024,GitLab managed only; GitHub PAT management not documented; SSH key management out of scope
aembit,Aembit,NHI-009,NHI,NATIVE,3,https://docs.aembit.io/trust-and-credential-providers/,Terraform Cloud Identity Token trust provider; Terraform provider for policy-as-code available,aembit-trust-providers-2024,IaC apply-time credential injection; Ansible/Pulumi not specifically documented
aembit,Aembit,NHI-010,NHI,GAP,0,https://docs.aembit.io,,aembit-arch-2024,No observability-agent-specific credential rotation; API key type available generically
aembit,Aembit,NHI-011,NHI,GAP,1,https://docs.aembit.io,,aembit-arch-2024,No Kafka/RabbitMQ/Service Bus integration documented; generic HTTP possible
aembit,Aembit,NHI-012,NHI,ADD-ON,2,https://aembit.io/blog/introducing-comprehensive-workload-identity-and-access-management-across-microsoft-environments/,Kerberos trust provider: cryptographically verify the identity of your Windows workloads joined to your domain,aembit-ms-environments-2025,Attests Windows/AD workloads; does not manage AD account passwords or gMSA lifecycle
aembit,Aembit,NHI-013,NHI,ADD-ON,2,https://docs.aembit.io/user-guide/access-policies/credential-providers/oauth-authorization-code,JWT and OAuth credential injection into HTTP(S) calls,aembit-credential-providers-2024,Generic JWT/OAuth upstream injection; no dedicated API-gateway connector
aembit,Aembit,NHI-014,NHI,GAP,0,https://docs.aembit.io,,aembit-arch-2024,No UiPath/Blue Prism/Automation Anywhere integration documented
aembit,Aembit,NHI-015,NHI,GAP,0,https://docs.aembit.io,,,Not in product scope
aembit,Aembit,NHI-016,NHI,GAP,0,https://docs.aembit.io,,,Not in product scope
aembit,Aembit,NHI-017,NHI,ADD-ON,2,https://aembit.io/blog/everyone-wants-spiffe-almost-no-one-can-afford-to-build-it-right/,We integrate with existing SPIRE implementations,aembit-spiffe-2025,Issues X.509-SVIDs; layers alongside SPIRE; does not manage SPIRE control-plane keys directly
aembit,Aembit,NHI-018,NHI,GAP,0,https://docs.aembit.io,,,No TEE/enclave attestation integration documented
aembit,Aembit,NHI-019,NHI,NATIVE,4,https://aembit.io/blog/aembit-iam-for-agentic-ai-is-now-generally-available/,Blended Identity gives every AI agent its own cryptographically verified identity bound to the human it represents,aembit-agentic-ai-ga-2026,MCP Identity Gateway GA April 2026; per-task token exchange; Starter/AI Teams/Enterprise pricing tiers
aembit,Aembit,NHI-020,NHI,GAP,0,https://docs.aembit.io,,,No ML model registry integration documented
aembit,Aembit,NHI-021,NHI,GAP,0,https://docs.aembit.io,,,Not in documented scope
aembit,Aembit,NHI-022,NHI,GAP,0,https://docs.aembit.io,,,No RACF/ACF2/IBM-i integration documented
aembit,Aembit,NHI-023,NHI,GAP,0,https://docs.aembit.io,,,No KMS/HSM key-management capability
aembit,Aembit,NHI-024,NHI,GAP,0,https://docs.aembit.io,,,Not in scope
aembit,Aembit,NHI-025,NHI,GAP,0,https://docs.aembit.io,,,Not in scope
aembit,Aembit,NHI-026,NHI,GAP,0,https://docs.aembit.io,,,No backup-agent integration documented
aembit,Aembit,NHI-027,NHI,NATIVE,3,https://docs.aembit.io/user-guide/access-policies/credential-providers/oauth-authorization-code,OAuth 2.0 token-exchange patterns supported; MCP User-Based Access Token for human-in-loop agent flows,aembit-credential-providers-2024,On-behalf-of token patterns supported; human+agent blended identity model
aembit,Aembit,NHI-028,NHI,ADD-ON,1,https://docs.aembit.io/user-guide/access-policies/credential-providers/oauth-authorization-code,X.509-SVID and OAuth 2.0 credential issuance available,aembit-credential-providers-2024,mTLS certs technically possible; no FAPI 2.0 / CDR-specific workflow documented
aembit,Aembit,NHI-029,NHI,GAP,0,https://docs.aembit.io,,,No shared-account detection or governance capability
aembit,Aembit,NHI-030,NHI,GAP,0,https://docs.aembit.io,,,No OAuth-app inventory or discovery capability
aembit,Aembit,NHI-031,NHI,GAP,0,https://docs.aembit.io,,,Aembit brokers outbound calls only; no inbound webhook verification
aembit,Aembit,NHI-032,NHI,GAP,0,https://docs.aembit.io,,,No TACACS+/RADIUS/SNMPv3 integration documented
aembit,Aembit,NHI-033,NHI,GAP,0,https://docs.aembit.io,,,Not in scope
aembit,Aembit,NHI-034,NHI,GAP,0,https://docs.aembit.io,,,No PQC/hybrid-cert capability documented
aembit,Aembit,NHI-035,NHI,ADD-ON,2,https://docs.aembit.io/user-guide/access-policies/credential-providers/oauth-authorization-code,Aembit can use HashiCorp Vault and AWS Secrets Manager as upstream credential sources,aembit-credential-providers-2024,Broker layer above Vault; Aembit's own service identity governance not self-managed
aembit,Aembit,NHI-036,NHI,NATIVE,4,https://docs.aembit.io,Aembit verifies workload identity through cryptographic attestation with trust providers checking workload attributes,aembit-arch-2024;aembit-spiffe-2025,Core product capability; this NHI class was named after Aembit in the taxonomy; EPHEMERAL JIT model
aembit,Aembit,NHI-037,NHI,GAP,0,https://docs.aembit.io,,,No NHI discovery orphan sweep or dormancy detection capability
aembit,Aembit,UC-F-001,UC-F,GAP,0,https://docs.aembit.io,,,No repo scanning or pre-commit secret detection
aembit,Aembit,UC-F-002,UC-F,GAP,0,https://docs.aembit.io,,,No historical secrets scanning capability
aembit,Aembit,UC-F-003,UC-F,NATIVE,4,https://docs.aembit.io/trust-and-credential-providers/,AWS STS Azure Entra WIF GCP WIF trust providers and JIT short-lived credential issuance at runtime,aembit-trust-providers-2024;aembit-credential-providers-2024,Core WIAM capability; 100% secretless JIT model; no long-lived cloud keys needed
aembit,Aembit,UC-F-004,UC-F,NATIVE,4,https://aembit.io/blog/everyone-wants-spiffe-almost-no-one-can-afford-to-build-it-right/,Aembit verifies workload identity through cryptographic attestation then issues short-lived scoped token at moment of access,aembit-spiffe-2025;aembit-arch-2024,SPIFFE JWT-SVID and X.509-SVID issuance; integrates with existing SPIRE; addresses SPIRE gaps (SaaS legacy AI)
aembit,Aembit,UC-F-005,UC-F,NATIVE,3,https://aembit.io/case-study/snowflake-uses-aembit-to-secure-workload-access/,85% of credential issuance credential rotation and auditing followup eliminated,aembit-snowflake-case-study-2024,PostgreSQL MySQL Snowflake; JIT credential injection; no long-lived DB credentials
aembit,Aembit,UC-F-006,UC-F,ADD-ON,2,https://docs.aembit.io,JIT brokering replaces rotation for managed targets; no bulk rotation for unmanaged legacy secrets,aembit-arch-2024,Replaces rotation concept for modern workloads; legacy long-tail needs separate tooling
aembit,Aembit,UC-F-007,UC-F,NATIVE,3,https://aembit.io/blog/aembit-iam-for-agentic-ai-is-now-generally-available/,Least-privilege access revoke permissions immediately when needed every AI action attributable and auditable,aembit-agentic-ai-ga-2026,Policy-based revocation; short-lived tokens expire naturally; no long-lived tokens to recall
aembit,Aembit,UC-F-008,UC-F,NATIVE,3,https://docs.aembit.io/user-guide/access-policies/trust-providers/kubernetes-service-account-trust-provider,Edge proxy injects credentials at request-time; K8s SA trust provider for pod attestation,aembit-trust-providers-2024,No plaintext secrets in K8s Secret objects or application containers
aembit,Aembit,UC-F-009,UC-F,GAP,0,https://docs.aembit.io,,,No container registry image-pull credential management
aembit,Aembit,UC-F-010,UC-F,NATIVE,3,https://docs.aembit.io/trust-and-credential-providers/,Terraform Cloud Identity Token trust provider; Terraform provider for policy-as-code deployment,aembit-trust-providers-2024,IaC credential injection at apply-time; secrets not persisted in state files
aembit,Aembit,UC-F-011,UC-F,GAP,1,https://docs.aembit.io,,,API-key credential type available but no observability-agent-specific rotation pipeline documented
aembit,Aembit,UC-F-012,UC-F,GAP,1,https://docs.aembit.io,,,No Kafka/RabbitMQ/Service Bus specific integration; generic JWT/OAuth possible
aembit,Aembit,UC-F-013,UC-F,ADD-ON,2,https://aembit.io/blog/introducing-comprehensive-workload-identity-and-access-management-across-microsoft-environments/,Kerberos trust provider cryptographically verify the identity of Windows workloads joined to your domain,aembit-ms-environments-2025,Attests AD-joined workloads; does not manage AD passwords or gMSA lifecycle
aembit,Aembit,UC-F-014,UC-F,ADD-ON,2,https://docs.aembit.io/user-guide/access-policies/credential-providers/oauth-authorization-code,JWT and OAuth credential injection into HTTP upstream calls,aembit-credential-providers-2024,Generic upstream injection; no dedicated API-gateway connector
aembit,Aembit,UC-F-015,UC-F,GAP,0,https://docs.aembit.io,,,No RPA orchestrator integration
aembit,Aembit,UC-F-016,UC-F,GAP,0,https://docs.aembit.io,,,Not in scope
aembit,Aembit,UC-F-017,UC-F,GAP,0,https://docs.aembit.io,,,No TEE attestation-gated secret release documented
aembit,Aembit,UC-F-018,UC-F,NATIVE,4,https://aembit.io/blog/aembit-iam-for-agentic-ai-is-now-generally-available/,MCP Identity Gateway authenticates agents enforces policy performs token exchange without exposing credentials to agent runtime,aembit-agentic-ai-ga-2026;aembit-agentic-ai-launch-2025,GA April 2026; Blended Identity + MCP Gateway; $300B investment firm production deployment cited
aembit,Aembit,UC-F-019,UC-F,GAP,0,https://docs.aembit.io,,,Not in scope
aembit,Aembit,UC-F-020,UC-F,GAP,0,https://docs.aembit.io,,,No mainframe integration
aembit,Aembit,UC-F-021,UC-F,GAP,0,https://docs.aembit.io,,,No backup-agent integration
aembit,Aembit,UC-F-022,UC-F,GAP,0,https://docs.aembit.io,,,Outbound broker only; no inbound webhook verification
aembit,Aembit,UC-F-023,UC-F,GAP,0,https://docs.aembit.io,,,No network device integration
aembit,Aembit,UC-F-024,UC-F,ADD-ON,1,https://docs.aembit.io/user-guide/access-policies/credential-providers/oauth-authorization-code,X.509-SVID and OAuth 2.0 credential issuance technically available,aembit-credential-providers-2024,No FAPI 2.0 / CDR-specific workflow; mTLS cert issuance generically possible
aembit,Aembit,UC-F-025,UC-F,GAP,0,https://docs.aembit.io,,,No OAuth-app inventory or governance capability
aembit,Aembit,UC-F-026,UC-F,ADD-ON,2,https://docs.aembit.io/user-guide/access-policies/credential-providers/oauth-authorization-code,Aembit can use HashiCorp Vault and AWS Secrets Manager as credential sources,aembit-credential-providers-2024,Vault used as upstream; Aembit's own identity hardening not self-documented
aembit,Aembit,UC-F-027,UC-F,GAP,0,https://docs.aembit.io,,,No NHI discovery or dormancy sweep capability
aembit,Aembit,UC-N-001,UC-N,GAP,0,https://docs.aembit.io,,,No secrets-scanning or sprawl-detection analytics
aembit,Aembit,UC-N-002,UC-N,ADD-ON,2,https://docs.aembit.io,Workload activity tracking dashboard monitoring authorization event logging,aembit-arch-2024,Access audit logs provide activity evidence; no full NHI discovery/ownership inventory
aembit,Aembit,UC-N-003,UC-N,ADD-ON,2,https://docs.aembit.io,Authorization event logging audit logs workload activity tracking,aembit-arch-2024,Credential issuance volume trackable; no rotation-coverage KPIs for unmanaged secrets
aembit,Aembit,UC-N-004,UC-N,ADD-ON,2,https://docs.aembit.io,Structured audit logs and workload activity tracking available,aembit-arch-2024,SOC 2 Type II evidence available; no one-click APRA CPS 234 evidence pack builder
aembit,Aembit,UC-N-005,UC-N,ADD-ON,2,https://aembit.io/blog/the-what-where-and-why-of-workload-identity-and-access-management/,Policy-based access governs what each workload can actually do — Zero Trust model,aembit-wiam-guide-2024,ZT policy model; no E8 maturity scorecard tooling; CPS 234 not mapped publicly
aembit,Aembit,UC-N-006,UC-N,GAP,0,https://docs.aembit.io,,,No supply-chain risk scoring capability
aembit,Aembit,UC-N-007,UC-N,GAP,1,https://aembit.io/blog/aembit-earns-soc-2-type-ii-recertification-for-ongoing-security-and-compliance/,SOC 2 Type II and ISO 27001 certifications held; US-hosted SaaS only,aembit-soc2-recert-2025;aembit-iso27001-2025,No AU/APAC region; no IRAP; control plane in US — material APRA CPS 234/230 gap
aembit,Aembit,UC-N-008,UC-N,GAP,0,https://docs.aembit.io,,,No training platform
aembit,Aembit,UC-N-009,UC-N,GAP,0,https://docs.aembit.io,,,No GRC-integrated exception register
aembit,Aembit,UC-N-010,UC-N,GAP,0,https://docs.aembit.io,,,No PAM-style break-glass workflow
aembit,Aembit,UC-N-011,UC-N,ADD-ON,2,https://docs.aembit.io,Authorization event logging and workload activity tracking support post-incident RCA,aembit-arch-2024,Structured audit logs; no SOAR integration or MITRE ATT&CK attribution documented
aembit,Aembit,UC-N-012,UC-N,GAP,0,https://docs.aembit.io,,,Not in scope
aembit,Aembit,UC-N-013,UC-N,GAP,0,https://docs.aembit.io,,,No PQC capability
aembit,Aembit,UC-N-014,UC-N,GAP,0,https://docs.aembit.io,,,Not a platform capability
aembit,Aembit,UC-N-015,UC-N,GAP,0,https://docs.aembit.io,,,Not a platform capability
aembit,Aembit,UC-N-016,UC-N,GAP,0,https://docs.aembit.io,,,Not in scope
aembit,Aembit,UC-N-017,UC-N,GAP,0,https://docs.aembit.io,,,No telemetry log-scrubbing or secret-leak audit capability
aembit,Aembit,UC-N-018,UC-N,GAP,0,https://docs.aembit.io,,,Not in scope
aembit,Aembit,UC-N-019,UC-N,NATIVE,3,https://aembit.io/blog/aembit-iam-for-agentic-ai-is-now-generally-available/,Blended Identity dual attribution in audit logs per-tool credential issuance volume anomalous access alerting,aembit-agentic-ai-ga-2026,Per-agent attribution; tool-credential issuance tracking; scope enforcement via Blended Identity
aembit,Aembit,UC-N-020,UC-N,GAP,0,https://docs.aembit.io,,,Not in scope; no mainframe/legacy NHI coverage
clutch-security,Clutch Security,NHI-001,NHI,NATIVE,3,https://www.clutch.security/,Discovers cloud IAM roles and service accounts across AWS/Azure/GCP via API integrations,clutch-homepage-2025,Cloud IAM principal discovery via Identity Lineage® Graph
clutch-security,Clutch Security,NHI-002,NHI,NATIVE,2,https://www.clutch.security/integrations,Kubernetes listed as integration source for identity discovery,clutch-integrations-2025,K8s ServiceAccount inventory; rotation/brokering requires vault partner
clutch-security,Clutch Security,NHI-003,NHI,NATIVE,2,https://www.clutch.security/integrations,CI/CD platforms (Jenkins CircleCI Azure DevOps) in discovery source list; PATs/pipeline secrets scanned,clutch-integrations-2025,Discovery and scanning; OIDC issuance requires CI platform
clutch-security,Clutch Security,NHI-004,NHI,ADD-ON,1,https://www.clutch.security/,Image-pull credentials surfaced via repo/registry scanning as part of secret scan,clutch-homepage-2025,No dedicated image-pull credential lifecycle; surfaced via scanning
clutch-security,Clutch Security,NHI-005,NHI,NATIVE,2,https://www.clutch.security/integrations,Snowflake and Databricks in integration list; database credentials surfaced via vault augmentation,clutch-integrations-2025,Discovery and hygiene; dynamic creds require vault (e.g. HashiCorp Vault)
clutch-security,Clutch Security,NHI-006,NHI,GAP,0,https://www.clutch.security/platform,No certificate lifecycle management or PKI/mTLS features found in public docs,clutch-platform-2025,No TLS/mTLS workload identity or SPIFFE/SVID support found
clutch-security,Clutch Security,NHI-007,NHI,NATIVE,3,https://www.clutch.security/,SaaS OAuth app discovery and API key inventory — Salesforce Workday SAP Oracle 100+ SaaS,clutch-homepage-2025,Core use case; lifecycle tracking and risk scoring native
clutch-security,Clutch Security,NHI-008,NHI,NATIVE,3,https://www.clutch.security/integrations,GitHub/GitLab/Bitbucket discovery; contextual secret scanning in repos; VSCode extension,clutch-integrations-2025,Strong coverage; includes historical scanning and blast-radius context
clutch-security,Clutch Security,NHI-009,NHI,ADD-ON,2,https://www.clutch.security/integrations,Terraform listed as integration; IaC secrets surfaced via code scanning,clutch-integrations-2025,Discovery only; injection at apply-time requires vault
clutch-security,Clutch Security,NHI-010,NHI,NATIVE,2,https://www.clutch.security/integrations,Datadog Splunk in integration list; observability agent API keys in discovery scope,clutch-integrations-2025,Agent key lifecycle tracking; rotation requires vault partner
clutch-security,Clutch Security,NHI-011,NHI,GAP,0,https://www.clutch.security/integrations,No Kafka/RabbitMQ/Service Bus integration found,clutch-integrations-2025,Message broker identity out of scope
clutch-security,Clutch Security,NHI-012,NHI,ADD-ON,1,https://www.clutch.security/integrations,Windows listed as infrastructure integration; AD service account inventory not explicitly documented,clutch-integrations-2025,Partial — Windows integration implies AD discovery; gMSA migration not found
clutch-security,Clutch Security,NHI-013,NHI,GAP,0,https://www.clutch.security/platform,No API gateway credential management or mTLS key inventory found,clutch-platform-2025,API gateway upstream identity out of scope
clutch-security,Clutch Security,NHI-014,NHI,NATIVE,2,https://www.clutch.security/platform,RPA listed as a discovery source category on the platform page,clutch-platform-2025,RPA bot identity discovered; vault integration for per-session creds requires vault partner
clutch-security,Clutch Security,NHI-015,NHI,GAP,0,https://www.clutch.security/platform,No code-signing or Sigstore features found,clutch-platform-2025,Code-signing identity out of scope
clutch-security,Clutch Security,NHI-016,NHI,GAP,0,https://www.clutch.security/platform,No SLSA/in-toto provenance features declared,clutch-platform-2025,Build provenance identity out of scope
clutch-security,Clutch Security,NHI-017,NHI,GAP,0,https://www.clutch.security/platform,No Istio/Linkerd/Consul control-plane identity management found,clutch-platform-2025,Service mesh control-plane identity out of scope
clutch-security,Clutch Security,NHI-018,NHI,GAP,0,https://www.clutch.security/platform,No TEE/enclave attestation features declared,clutch-platform-2025,Confidential-computing attestation identity out of scope
clutch-security,Clutch Security,NHI-019,NHI,NATIVE,3,https://www.clutch.security/platform/agentic-ai-governance,Agentic AI Governance: discovery (sanctioned + shadow AI) guardrails risk scoring threat detection,clutch-agentic-ai-2025,Shadow AI/MCP discovery GA Aug 2025; Claude/Copilot/Cursor MCP detection
clutch-security,Clutch Security,NHI-020,NHI,GAP,0,https://www.clutch.security/platform,No model registry or ML pipeline identity features found,clutch-platform-2025,Model artifact/registry identity out of scope
clutch-security,Clutch Security,NHI-021,NHI,GAP,0,https://www.clutch.security/platform,No IoT/OT/ATM device certificate or PSK management features found,clutch-platform-2025,IoT/OT device identity out of scope
clutch-security,Clutch Security,NHI-022,NHI,GAP,0,https://www.clutch.security/platform,No RACF/ACF2/IBM-i integration or mainframe credential management found,clutch-platform-2025,Mainframe identity out of scope
clutch-security,Clutch Security,NHI-023,NHI,GAP,0,https://www.clutch.security/platform,No KMS/TDE key-management features declared,clutch-platform-2025,Database encryption key identity out of scope
clutch-security,Clutch Security,NHI-024,NHI,GAP,0,https://www.clutch.security/platform,No HSM/KMS operator or quorum identity management found,clutch-platform-2025,HSM/KMS operator identity out of scope
clutch-security,Clutch Security,NHI-025,NHI,GAP,0,https://www.clutch.security/platform,No CA operator or PKI admin identity management found,clutch-platform-2025,CA operator identity out of scope
clutch-security,Clutch Security,NHI-026,NHI,ADD-ON,1,https://www.clutch.security/platform,Backup agent credentials likely surfaced via secret scanning/vault augmentation,clutch-platform-2025,No dedicated backup-agent de-privilege workflow; surfaced via scanning
clutch-security,Clutch Security,NHI-027,NHI,ADD-ON,1,https://www.clutch.security/integrations,OAuth client secrets discoverable via SaaS and code scanning; no OBO-specific workflow,clutch-integrations-2025,BFF/OBO token-holder surfaced via scanning only
clutch-security,Clutch Security,NHI-028,NHI,GAP,0,https://www.clutch.security/platform,No FAPI 2.0/CDR/Open Banking partner certificate lifecycle management found,clutch-platform-2025,Federated B2B/Open Banking identity out of scope — APRA CDR gap
clutch-security,Clutch Security,NHI-029,NHI,NATIVE,2,https://www.clutch.security/,Workforce Attribution use case maps human-to-NHI; Identity Lineage® identifies shared-account patterns,clutch-homepage-2025,Service-account-as-human surfaced; cleanup via hygiene automation
clutch-security,Clutch Security,NHI-030,NHI,NATIVE,3,https://www.clutch.security/,OAuth app discovery across M365/Google Workspace/Salesforce/Slack/GitHub in discovery scope,clutch-homepage-2025,Shadow integration use case addressed; stale token detection
clutch-security,Clutch Security,NHI-031,NHI,ADD-ON,1,https://www.clutch.security/platform,Webhook signing secrets surfaced via contextual scanning,clutch-platform-2025,Webhook identity surfaced via scanning only; no replay-protection feature
clutch-security,Clutch Security,NHI-032,NHI,GAP,0,https://www.clutch.security/integrations,No TACACS+/RADIUS/network-device credential management found,clutch-integrations-2025,Network device identity out of scope
clutch-security,Clutch Security,NHI-033,NHI,GAP,0,https://www.clutch.security/platform,No branch peripheral/ATM credential management declared,clutch-platform-2025,Branch peripheral identity out of scope
clutch-security,Clutch Security,NHI-034,NHI,GAP,0,https://www.clutch.security/platform,No PQC or hybrid-cert features declared,clutch-platform-2025,Post-quantum identity out of scope
clutch-security,Clutch Security,NHI-035,NHI,ADD-ON,2,https://www.clutch.security/,Vault Augmentation surfaces missing secrets copied credentials vault coverage gaps,clutch-homepage-2025,Vault-internal posture visibility; does not govern root tokens or replication identities
clutch-security,Clutch Security,NHI-036,NHI,NATIVE,3,https://www.clutch.security/principles,Clutch explicitly advocates ephemeral credentials as core ZT philosophy; lifecycle features support transition,clutch-principles-2025,Named in taxonomy as exemplar vendor for this NHI class
clutch-security,Clutch Security,NHI-037,NHI,NATIVE,3,https://www.clutch.security/,Identity Hygiene Automation: clean up stale and orphaned identities. Owner attestation and dormancy detection,clutch-homepage-2025,Core use case; orphan cleanup pipeline with owner attribution
clutch-security,Clutch Security,UC-F-001,UC-F,NATIVE,3,https://www.clutch.security/integrations,Contextual Secret Scanning in repos with blast-radius context; VSCode extension for workspace scanning,clutch-integrations-2025,Pre-commit hooks require partner (GitGuardian/Gitleaks); Clutch provides discovery layer
clutch-security,Clutch Security,UC-F-002,UC-F,NATIVE,3,https://www.clutch.security/,Continuous and historical sweep with contextual remediation; Vault Augmentation surfaces secrets outside vaults,clutch-homepage-2025,History sweep + contextual blast-radius evidence
clutch-security,Clutch Security,UC-F-003,UC-F,ADD-ON,2,https://www.clutch.security/principles,Clutch discovers and inventories OIDC-federated pipelines; advocates ephemeral; does not issue OIDC tokens itself,clutch-principles-2025,Discovery and posture only; OIDC issuance requires CI/cloud platform
clutch-security,Clutch Security,UC-F-004,UC-F,ADD-ON,1,https://www.clutch.security/principles,Clutch advocates and tracks ephemeral NHIs but does not operate a SPIFFE workload API,clutch-principles-2025,Posture and observability only; SPIFFE brokering requires SPIRE/Aembit partner
clutch-security,Clutch Security,UC-F-005,UC-F,GAP,0,https://www.clutch.security/platform,Clutch does not broker database credentials; no dynamic-secret engine found,clutch-platform-2025,PARTNER with HashiCorp Vault/CyberArk for dynamic DB creds
clutch-security,Clutch Security,UC-F-006,UC-F,GAP,0,https://www.clutch.security/principles,Clutch explicitly does NOT position rotation as core feature — anti-rotation philosophy,clutch-principles-2025,By design absent; rotation requires vault partner
clutch-security,Clutch Security,UC-F-007,UC-F,ADD-ON,2,https://www.clutch.security/,AWS Key Lockdown OSS tool for revoking exposed AWS access keys; SOAR/SIEM integration for response,clutch-homepage-2025,Revocation via OSS tool + SOAR; not a universal revocation API
clutch-security,Clutch Security,UC-F-008,UC-F,GAP,0,https://www.clutch.security/platform,No K8s CSI driver secret-store integration or etcd encryption capability found,clutch-platform-2025,PARTNER with HashiCorp Vault Agent Injector or K8s CSI Driver
clutch-security,Clutch Security,UC-F-009,UC-F,GAP,0,https://www.clutch.security/platform,No per-workload image-pull credential issuance feature found,clutch-platform-2025,PARTNER with ECR/ACR/GAR token issuance
clutch-security,Clutch Security,UC-F-010,UC-F,GAP,0,https://www.clutch.security/integrations,Clutch does not inject secrets at apply-time; Terraform integration is discovery-only,clutch-integrations-2025,PARTNER with HashiCorp Vault Terraform provider
clutch-security,Clutch Security,UC-F-011,UC-F,ADD-ON,2,https://www.clutch.security/integrations,Datadog/Splunk agent credentials in discovery scope; lifecycle hygiene flagged; rotation requires vault partner,clutch-integrations-2025,Discovery and hygiene tracking; rotation requires vault
clutch-security,Clutch Security,UC-F-012,UC-F,GAP,0,https://www.clutch.security/integrations,No Kafka/Service Bus/RabbitMQ integration found,clutch-integrations-2025,Message-broker identity hardening out of scope
clutch-security,Clutch Security,UC-F-013,UC-F,ADD-ON,1,https://www.clutch.security/integrations,Windows/AD integration listed; AD service account inventory possible; gMSA migration not found,clutch-integrations-2025,AD inventory partial; gMSA migration orchestration requires Microsoft tooling
clutch-security,Clutch Security,UC-F-014,UC-F,GAP,0,https://www.clutch.security/platform,No API gateway identity lifecycle or mTLS certificate management found,clutch-platform-2025,API gateway upstream identity out of scope
clutch-security,Clutch Security,UC-F-015,UC-F,NATIVE,2,https://www.clutch.security/platform,RPA listed as discovery source; bot identity mapping via Identity Lineage®,clutch-platform-2025,Bot identity discovery and lifecycle; vault integration for per-session creds requires vault
clutch-security,Clutch Security,UC-F-016,UC-F,GAP,0,https://www.clutch.security/platform,No code-signing or Sigstore integration found,clutch-platform-2025,Keyless code-signing out of scope
clutch-security,Clutch Security,UC-F-017,UC-F,GAP,0,https://www.clutch.security/platform,No TEE/enclave attestation features declared,clutch-platform-2025,TEE attestation out of scope
clutch-security,Clutch Security,UC-F-018,UC-F,NATIVE,3,https://www.clutch.security/platform/agentic-ai-governance,Agentic AI Governance: agent credential mapping guardrails on tool permissions shadow AI/MCP discovery,clutch-agentic-ai-2025;clutch-shadow-ai-2025,Claude/Copilot/Cursor MCP detection; GA Aug 2025
clutch-security,Clutch Security,UC-F-019,UC-F,GAP,0,https://www.clutch.security/platform,No IoT/OT/ATM device enrolment or certificate lifecycle found,clutch-platform-2025,IoT/OT device enrolment out of scope
clutch-security,Clutch Security,UC-F-020,UC-F,GAP,0,https://www.clutch.security/platform,No mainframe/RACF integration or credential rotation pipeline found,clutch-platform-2025,Mainframe credential rotation out of scope
clutch-security,Clutch Security,UC-F-021,UC-F,ADD-ON,1,https://www.clutch.security/platform,Backup agent credentials surfaced via secret scanning; no dedicated de-privilege or vault workflow,clutch-platform-2025,Discovery only; de-privilege requires vault partner
clutch-security,Clutch Security,UC-F-022,UC-F,ADD-ON,1,https://www.clutch.security/platform,Webhook signing secrets surfaced via contextual scanning; no verification middleware or replay-protection,clutch-platform-2025,Scanning only; verification requires application-layer controls
clutch-security,Clutch Security,UC-F-023,UC-F,GAP,0,https://www.clutch.security/integrations,No TACACS+/RADIUS/network-device integration found,clutch-integrations-2025,Network device credential modernisation out of scope
clutch-security,Clutch Security,UC-F-024,UC-F,GAP,0,https://www.clutch.security/platform,No CDR/FAPI 2.0 partner certificate lifecycle found,clutch-platform-2025,Open-Banking/FAPI 2.0 identity out of scope — AU CDR gap
clutch-security,Clutch Security,UC-F-025,UC-F,NATIVE,3,https://www.clutch.security/,OAuth app discovery and risk scoring across M365/Google Workspace/Salesforce/GitHub/Slack,clutch-homepage-2025,Core use case; stale-token detection declared
clutch-security,Clutch Security,UC-F-026,UC-F,ADD-ON,2,https://www.clutch.security/,Vault Augmentation: surfaces missing secrets copied credentials gaps in vault coverage,clutch-homepage-2025,Vault posture visibility; does not manage root tokens or replication identities
clutch-security,Clutch Security,UC-F-027,UC-F,NATIVE,3,https://www.clutch.security/,Identity Hygiene Automation explicitly addresses stale/orphaned NHIs; owner attestation and dormancy detection,clutch-homepage-2025,Core use case; NHI cleanup pipeline with owner attribution
clutch-security,Clutch Security,UC-N-001,UC-N,NATIVE,3,https://www.clutch.security/platform,Full inventory and risk scoring within minutes; contextual findings dashboard with remediation prioritisation,clutch-platform-2025,Real-time dashboard; KPI freshness subject to integration polling cadence
clutch-security,Clutch Security,UC-N-002,UC-N,NATIVE,3,https://www.clutch.security/,Identity Lineage® maps every NHI to human owner; lifecycle ownership tracking; workforce attribution,clutch-homepage-2025,Owner attestation native; GRC export not explicitly documented
clutch-security,Clutch Security,UC-N-003,UC-N,ADD-ON,2,https://www.clutch.security/platform,Clutch tracks secret age and hygiene KPIs; rotation-specific KPIs depend on vault partner integrations,clutch-platform-2025,Rotation freshness requires vault partner telemetry for full coverage
clutch-security,Clutch Security,UC-N-004,UC-N,ADD-ON,1,https://www.clutch.security/,SOC 2 + ISO 27001 certified; no APRA CPS 234 mapping or one-click evidence pack found publicly,clutch-homepage-2025,No AU regulatory evidence pack; manual export likely required
clutch-security,Clutch Security,UC-N-005,UC-N,ADD-ON,1,https://www.clutch.security/principles,ZT-for-NHIs is the product narrative; no explicit E8/NIST CSF scorecard feature found,clutch-principles-2025,ZT narrative alignment; no formal E8 maturity scorecard published
clutch-security,Clutch Security,UC-N-006,UC-N,NATIVE,2,https://www.clutch.security/,SaaS OAuth app risk scoring; supply-chain secret exposure via repo scanning,clutch-homepage-2025,Risk scoring for SaaS integrations; no formal vendor-risk register feature
clutch-security,Clutch Security,UC-N-007,UC-N,GAP,0,https://www.clutch.security/platform,No AU data residency region IRAP certification or APRA CPS 230 data-flow documentation found,clutch-platform-2025,Material blocker for APRA-regulated production deployment; SaaS control plane region undisclosed
clutch-security,Clutch Security,UC-N-008,UC-N,ADD-ON,1,https://www.clutch.security/,NHI Masterclass and Agentic AI Masterclass training offered; no LMS integration or training-KPI feature,clutch-homepage-2025,Training content available; completion KPI tracking not found
clutch-security,Clutch Security,UC-N-009,UC-N,ADD-ON,1,https://www.clutch.security/platform,Risk-scoring and remediation context provided; no GRC exception register integration found,clutch-platform-2025,Exception governance requires GRC partner integration
clutch-security,Clutch Security,UC-N-010,UC-N,GAP,0,https://www.clutch.security/platform,No HSM/KMS quorum or break-glass identity governance found,clutch-platform-2025,Break-glass/quorum operator governance out of scope
clutch-security,Clutch Security,UC-N-011,UC-N,ADD-ON,2,https://www.clutch.security/integrations,Threat detection + SOAR integration (PagerDuty CrowdStrike) enables incident response,clutch-integrations-2025,No NHI-attributed RCA schema or MITRE T1552 tagging found
clutch-security,Clutch Security,UC-N-012,UC-N,GAP,0,https://www.clutch.security/platform,No SLSA/in-toto provenance reporting found,clutch-platform-2025,Supply-chain provenance reporting out of scope
clutch-security,Clutch Security,UC-N-013,UC-N,GAP,0,https://www.clutch.security/platform,No PQC crypto-inventory or hybrid-cert features declared,clutch-platform-2025,Post-quantum readiness out of scope
clutch-security,Clutch Security,UC-N-014,UC-N,ADD-ON,1,https://www.clutch.security/,NHI Index (nonhuman.id) industry mapping published; no automated vendor-matrix delta feature,clutch-homepage-2025,NHI Index supports manual matrix maintenance; no automation feature
clutch-security,Clutch Security,UC-N-015,UC-N,N/A,0,https://www.clutch.security/platform,Not a product capability — stakeholder communications cadence is a programme management function,clutch-platform-2025,[INDUSTRY-CONSENSUS] Out of scope for vendor platform
clutch-security,Clutch Security,UC-N-016,UC-N,GAP,0,https://www.clutch.security/platform,No IoT/OT fleet posture or default-credential reporting found,clutch-platform-2025,IoT/OT/branch fleet posture reporting out of scope
clutch-security,Clutch Security,UC-N-017,UC-N,NATIVE,2,https://www.clutch.security/integrations,Datadog/Splunk integration; secret scanning surfaces credentials in observability configs,clutch-integrations-2025,No dedicated log-scrubbing middleware; surfaced via scanning
clutch-security,Clutch Security,UC-N-018,UC-N,GAP,0,https://www.clutch.security/platform,No TEE attestation audit or reporting features found,clutch-platform-2025,Confidential-computing attestation assurance out of scope
clutch-security,Clutch Security,UC-N-019,UC-N,NATIVE,3,https://www.clutch.security/platform/agentic-ai-governance,Agentic AI Governance: per-agent credential inventory tool-access tracking behavioural anomaly detection,clutch-agentic-ai-2025,Shadow AI KPIs; per-tool credential issuance volume reporting
clutch-security,Clutch Security,UC-N-020,UC-N,GAP,0,https://www.clutch.security/platform,No mainframe/RPA legacy posture reporting; RPA discovery depth unconfirmed,clutch-platform-2025,Mainframe legacy posture out of scope; RPA partially discovered
fortanix-dsm,Fortanix DSM,NHI-001,NHI,GAP,0,https://www.fortanix.com/platform/data-security-manager,,fortanix-dsm-hsm-saas-2025,Fortanix DSM is a KMS/HSM layer; cloud IAM principal brokering handled by vault platforms above it.
fortanix-dsm,Fortanix DSM,NHI-002,NHI,GAP,0,https://www.fortanix.com/platform/data-security-manager,,fortanix-dsm-hsm-saas-2025,No K8s ServiceAccount auth or CSI driver integration.
fortanix-dsm,Fortanix DSM,NHI-003,NHI,GAP,0,https://www.fortanix.com/platform/data-security-manager,,fortanix-dsm-hsm-saas-2025,No CI/CD pipeline identity management.
fortanix-dsm,Fortanix DSM,NHI-004,NHI,GAP,0,https://www.fortanix.com/platform/data-security-manager,,fortanix-dsm-hsm-saas-2025,Container image-pull credentials not in scope for an HSM/KMS platform.
fortanix-dsm,Fortanix DSM,NHI-005,NHI,GAP,0,https://www.fortanix.com/platform/data-security-manager,,fortanix-dsm-hsm-saas-2025,No dynamic database secrets engine; vault platforms handle this layer.
fortanix-dsm,Fortanix DSM,NHI-006,NHI,ADD-ON,2,https://support.fortanix.com/docs/using-fortanix-data-security-manager-with-hashicorp-vault-enterprise,DSM stores and manages private keys for TLS/mTLS workload certs via PKCS#11 and KMIP interfaces.,fortanix-vault-enterprise-2024;fortanix-cyberark-integration-2024,Requires integration with a CA (EJBCA/Keyfactor/ADCS); DSM provides HSM-backed key storage.
fortanix-dsm,Fortanix DSM,NHI-007,NHI,ADD-ON,2,https://support.fortanix.com/docs/fortanix-overview-and-definitions,"DSM allows you to securely generate, store, and use cryptographic keys, certificates, and other secrets such as passwords and API keys.",fortanix-dsm-hsm-saas-2025,Arbitrary blob/secret storage supported; no native SaaS OAuth integration or rotation workflow.
fortanix-dsm,Fortanix DSM,NHI-008,NHI,ADD-ON,1,https://support.fortanix.com/docs/fortanix-overview-and-definitions,,fortanix-dsm-hsm-saas-2025,Git credentials can be stored as opaque secrets; no native Git platform integration or PAT lifecycle management.
fortanix-dsm,Fortanix DSM,NHI-009,NHI,ADD-ON,1,https://support.fortanix.com/docs/using-fortanix-data-security-manager-with-hashicorp-vault-enterprise,,fortanix-vault-enterprise-2024,IaC agents retrieve keys indirectly via Vault+DSM PKCS#11 chain; no native Terraform/Ansible provider.
fortanix-dsm,Fortanix DSM,NHI-010,NHI,GAP,0,https://www.fortanix.com/platform/data-security-manager,,fortanix-dsm-hsm-saas-2025,Monitoring/observability agent credential management not in scope.
fortanix-dsm,Fortanix DSM,NHI-011,NHI,GAP,0,https://www.fortanix.com/platform/data-security-manager,,fortanix-dsm-hsm-saas-2025,Message broker client identity management not in scope.
fortanix-dsm,Fortanix DSM,NHI-012,NHI,GAP,0,https://www.fortanix.com/platform/data-security-manager,,fortanix-dsm-hsm-saas-2025,AD/LDAP service account management not in scope.
fortanix-dsm,Fortanix DSM,NHI-013,NHI,PARTNER,2,https://support.fortanix.com/docs/using-fortanix-data-security-manager-with-hashicorp-vault-enterprise,,fortanix-vault-enterprise-2024,API gateway mTLS private keys managed in DSM via PKCS#11; gateway consumes cert but DSM holds the key material.
fortanix-dsm,Fortanix DSM,NHI-014,NHI,GAP,0,https://www.fortanix.com/platform/data-security-manager,,fortanix-dsm-hsm-saas-2025,RPA bot credential management not in scope.
fortanix-dsm,Fortanix DSM,NHI-015,NHI,ADD-ON,2,https://www.fortanix.com/platform/data-security-manager/hardware-security-module,FIPS 140-2 Level 3 certified FX2200 Series HSMs securely store keys for code-signing use cases via PKCS#11.,fortanix-hsm-platform-2025,HSM-backed EV/Authenticode code-signing keys via PKCS#11; not keyless Sigstore.
fortanix-dsm,Fortanix DSM,NHI-016,NHI,GAP,1,https://www.fortanix.com/platform/data-security-manager,,fortanix-dsm-hsm-saas-2025,No Sigstore/Fulcio or in-toto/SLSA integration documented; keys for provenance signing could be stored but no tooling provided.
fortanix-dsm,Fortanix DSM,NHI-017,NHI,ADD-ON,2,https://support.fortanix.com/docs/using-fortanix-data-security-manager-with-hashicorp-vault-enterprise,,fortanix-vault-enterprise-2024,Service mesh CA intermediate keys (Istio/Consul) stored in DSM via PKCS#11; requires manual CA configuration.
fortanix-dsm,Fortanix DSM,NHI-018,NHI,NATIVE,4,https://www.fortanix.com/blog/securing-enterprise-applications-and-ai-pipelines-with-attestation-gated-secure-key-release,CCM verifies attestation across SGX/TDX/SEV-SNP/Nitro; DSM releases keys only after attestation validation.,fortanix-ccm-skr-2025,Industry-leading: composite CPU+GPU attestation; operational December 2025. CCM + DSM Secure Key Release (SKR).
fortanix-dsm,Fortanix DSM,NHI-019,NHI,ADD-ON,1,https://www.fortanix.com/blog/agentic-ai-with-verifiable-trust-security-sovereignty-for-ai-factories-and-enterprises,,fortanix-ccm-skr-2025,DSM Armet AI platform stores AI tool keys; CCM attests AI workloads; no native per-session credential broker.
fortanix-dsm,Fortanix DSM,NHI-020,NHI,GAP,0,https://www.fortanix.com/platform/data-security-manager,,fortanix-dsm-hsm-saas-2025,Model artifact/registry identity not in scope.
fortanix-dsm,Fortanix DSM,NHI-021,NHI,ADD-ON,1,https://docs.keyfactor.com/ejbca/latest/fortanix-data-security-manager,,fortanix-cyberark-integration-2024,PKI cert private keys for IoT devices stored in DSM via EJBCA/Keyfactor integration; no native EST/SCEP/DPS.
fortanix-dsm,Fortanix DSM,NHI-022,NHI,GAP,0,https://www.fortanix.com/platform/data-security-manager,,fortanix-dsm-hsm-saas-2025,Mainframe/RACF/IBM-i service identity management not documented.
fortanix-dsm,Fortanix DSM,NHI-023,NHI,NATIVE,3,https://www.fortanix.com/solutions/enterprise-key-management/xks-for-aws,Organizations can move data to the cloud with the highest level of security and control for their keys secured by FIPS 140-2 Level 3 HSMs.,fortanix-aws-xks-2022;fortanix-byok-2024,BYOK/BYOKMS for TDE CMKs across AWS/Azure/GCP via CDC. AWS XKS GA Nov 2022; Azure BYOK GA; GCP EKM GA.
fortanix-dsm,Fortanix DSM,NHI-024,NHI,NATIVE,4,https://www.fortanix.com/resources/datasheets/fips-140-2-level-3-hardware-security-module-hsm,FIPS 140-2 Level 3 validated FX2200 hardware appliance with quorum-protected HSM operator roles.,fortanix-dsm-hsm-saas-2025,Fortanix DSM IS the HSM; M-of-N quorum admin for break-glass; PED/smartcard access control on FX appliances.
fortanix-dsm,Fortanix DSM,NHI-025,NHI,ADD-ON,2,https://docs.keyfactor.com/ejbca/latest/fortanix-data-security-manager,,fortanix-cyberark-integration-2024,CA private keys stored in DSM; EJBCA + Keyfactor KMIP integration confirmed in Keyfactor docs (docs.keyfactor.com).
fortanix-dsm,Fortanix DSM,NHI-026,NHI,GAP,0,https://community.veeam.com/blogs-and-podcasts-57/veeam-backup-replication-v12-1-and-fortanix-kms-integration-6182,,fortanix-cyberark-integration-2024,Veeam KMIP integration covers backup *encryption key* management only; backup agent credential brokering not addressed.
fortanix-dsm,Fortanix DSM,NHI-027,NHI,GAP,0,https://www.fortanix.com/platform/data-security-manager,,fortanix-dsm-hsm-saas-2025,BFF/OBO token exchange not in scope.
fortanix-dsm,Fortanix DSM,NHI-028,NHI,ADD-ON,1,https://www.fortanix.com/platform/data-security-manager/bring-your-own-key,,fortanix-byok-2024,mTLS client cert private keys for FAPI 2.0 partners can be stored in DSM FIPS HSM; no native CDR/FAPI workflow.
fortanix-dsm,Fortanix DSM,NHI-029,NHI,GAP,0,https://www.fortanix.com/platform/data-security-manager,,fortanix-dsm-hsm-saas-2025,Service-account-as-human governance not in scope.
fortanix-dsm,Fortanix DSM,NHI-030,NHI,GAP,0,https://www.fortanix.com/platform/data-security-manager,,fortanix-dsm-hsm-saas-2025,Browser/SaaS OAuth-app identity not in scope.
fortanix-dsm,Fortanix DSM,NHI-031,NHI,GAP,0,https://www.fortanix.com/platform/data-security-manager,,fortanix-dsm-hsm-saas-2025,Webhook inbound identity verification not in scope.
fortanix-dsm,Fortanix DSM,NHI-032,NHI,GAP,0,https://www.fortanix.com/platform/data-security-manager,,fortanix-dsm-hsm-saas-2025,Network device TACACS+/RADIUS/SNMP credential management not in scope.
fortanix-dsm,Fortanix DSM,NHI-033,NHI,GAP,0,https://www.fortanix.com/platform/data-security-manager,,fortanix-dsm-hsm-saas-2025,Branch peripheral credential management not in scope.
fortanix-dsm,Fortanix DSM,NHI-034,NHI,NATIVE,3,https://www.fortanix.com/company/pr/2025/06/fortanix-announces-pqc-central-to-accelerate-post-quantum-readiness,PQC Central supports ML-KEM (CRYSTALS-Kyber) and ML-DSA (CRYSTALS-Dilithium) key management and crypto-agility.,fortanix-pqc-central-2025,PQC Central announced June 2025. LMS + XMSS also supported. SLH-DSA (FIPS 205) not confirmed. FIPS 140-3 pending for FX3400.
fortanix-dsm,Fortanix DSM,NHI-035,NHI,NATIVE,4,https://support.fortanix.com/docs/using-fortanix-data-security-manager-with-hashicorp-vault-enterprise,Vault Enterprise communicates with Fortanix DSM using PKCS#11 interface for auto-unseal and master key wrapping.,fortanix-vault-enterprise-2024;fortanix-hashicorp-partner-2024,Fortanix DSM is the auto-unseal HSM and seal-wrap provider for Vault Enterprise — the crypto root of the vault platform itself.
fortanix-dsm,Fortanix DSM,NHI-036,NHI,GAP,0,https://www.fortanix.com/platform/data-security-manager,,fortanix-dsm-hsm-saas-2025,No SPIFFE/SPIRE SVID issuance; CCM attests TEE workloads but does not issue ephemeral workload identities.
fortanix-dsm,Fortanix DSM,NHI-037,NHI,GAP,0,https://www.fortanix.com/platform/data-security-manager,,fortanix-dsm-hsm-saas-2025,No orphan/dormant identity detection or ITDR capabilities.
fortanix-dsm,Fortanix DSM,UC-F-001,UC-F,GAP,0,https://www.fortanix.com/platform/data-security-manager,,fortanix-dsm-hsm-saas-2025,No secret-scanning or repo push-protection capability.
fortanix-dsm,Fortanix DSM,UC-F-002,UC-F,GAP,0,https://www.fortanix.com/platform/data-security-manager,,fortanix-dsm-hsm-saas-2025,No historical secret detection capability.
fortanix-dsm,Fortanix DSM,UC-F-003,UC-F,GAP,0,https://www.fortanix.com/platform/data-security-manager,,fortanix-dsm-hsm-saas-2025,No OIDC federation or JIT cloud credential issuance.
fortanix-dsm,Fortanix DSM,UC-F-004,UC-F,GAP,1,https://www.fortanix.com/faq/confidential-computing/confidential-computing-technology,,fortanix-ccm-skr-2025,CCM provides TEE attestation but does not issue SPIFFE SVIDs; partial overlap only.
fortanix-dsm,Fortanix DSM,UC-F-005,UC-F,GAP,0,https://www.fortanix.com/platform/data-security-manager,,fortanix-dsm-hsm-saas-2025,No dynamic database secrets engine; vault platforms handle this layer.
fortanix-dsm,Fortanix DSM,UC-F-006,UC-F,ADD-ON,2,https://www.fortanix.com/platform/data-security-manager/bring-your-own-key,,fortanix-byok-2024,DSM key-rotation policies apply to KMS keys; vault platforms rotate application secrets using DSM-managed KEKs.
fortanix-dsm,Fortanix DSM,UC-F-007,UC-F,ADD-ON,2,https://www.fortanix.com/solutions/enterprise-key-management/xks-for-aws,,fortanix-aws-xks-2022,DSM key deactivation/deletion revokes XKS-derived cloud keys; vault-layer credential revocation requires vault platform.
fortanix-dsm,Fortanix DSM,UC-F-008,UC-F,GAP,0,https://www.fortanix.com/platform/data-security-manager,,fortanix-dsm-hsm-saas-2025,No K8s CSI driver or sidecar injector.
fortanix-dsm,Fortanix DSM,UC-F-009,UC-F,GAP,0,https://www.fortanix.com/platform/data-security-manager,,fortanix-dsm-hsm-saas-2025,Container image-pull credential issuance not in scope.
fortanix-dsm,Fortanix DSM,UC-F-010,UC-F,ADD-ON,1,https://support.fortanix.com/docs/using-fortanix-data-security-manager-with-hashicorp-vault-enterprise,,fortanix-vault-enterprise-2024,IaC/config-mgmt agents retrieve secrets via Vault+DSM PKCS#11 chain; no native Terraform/Ansible provider.
fortanix-dsm,Fortanix DSM,UC-F-011,UC-F,GAP,0,https://www.fortanix.com/platform/data-security-manager,,fortanix-dsm-hsm-saas-2025,Observability-agent credential management not in scope.
fortanix-dsm,Fortanix DSM,UC-F-012,UC-F,GAP,0,https://www.fortanix.com/platform/data-security-manager,,fortanix-dsm-hsm-saas-2025,Message-broker client identity hardening not in scope.
fortanix-dsm,Fortanix DSM,UC-F-013,UC-F,GAP,0,https://www.fortanix.com/platform/data-security-manager,,fortanix-dsm-hsm-saas-2025,gMSA/Kerberos AD service account modernisation not in scope.
fortanix-dsm,Fortanix DSM,UC-F-014,UC-F,ADD-ON,2,https://support.fortanix.com/docs/using-fortanix-data-security-manager-with-hashicorp-vault-enterprise,,fortanix-vault-enterprise-2024,DSM stores mTLS private keys for API gateway certificates via PKCS#11; lifecycle managed via DSM key policies.
fortanix-dsm,Fortanix DSM,UC-F-015,UC-F,GAP,0,https://www.fortanix.com/platform/data-security-manager,,fortanix-dsm-hsm-saas-2025,RPA bot credential vaulting not in scope.
fortanix-dsm,Fortanix DSM,UC-F-016,UC-F,ADD-ON,2,https://www.fortanix.com/platform/data-security-manager/hardware-security-module,FIPS 140-2 L3 certified FX2200 Series HSMs for code-signing key storage via PKCS#11.,fortanix-hsm-platform-2025,HSM-backed Authenticode/EV code-signing keys; not keyless Sigstore. Pairs with PQC Central for ML-DSA signing.
fortanix-dsm,Fortanix DSM,UC-F-017,UC-F,NATIVE,4,https://www.fortanix.com/blog/securing-enterprise-applications-and-ai-pipelines-with-attestation-gated-secure-key-release,CCM issues Composite Attestation Certificate binding CPU+GPU TEEs; DSM releases keys only after attestation.,fortanix-ccm-skr-2025,SGX/TDX/SEV-SNP/Nitro/NVIDIA GPU TEEs; operational December 2025. Industry-leading attestation-gated key release.
fortanix-dsm,Fortanix DSM,UC-F-018,UC-F,ADD-ON,1,https://www.fortanix.com/blog/agentic-ai-with-verifiable-trust-security-sovereignty-for-ai-factories-and-enterprises,,fortanix-ccm-skr-2025,Armet AI platform stores AI tool keys in FIPS HSM; CCM attests AI workloads; no native per-session scoped token brokering.
fortanix-dsm,Fortanix DSM,UC-F-019,UC-F,ADD-ON,1,https://docs.keyfactor.com/ejbca/latest/fortanix-data-security-manager,,fortanix-cyberark-integration-2024,PKI cert key storage for IoT/OT devices via EJBCA/Keyfactor KMIP integration; no native EST/SCEP/DPS enrolment.
fortanix-dsm,Fortanix DSM,UC-F-020,UC-F,GAP,0,https://www.fortanix.com/platform/data-security-manager,,fortanix-dsm-hsm-saas-2025,Mainframe/RACF credential rotation not documented.
fortanix-dsm,Fortanix DSM,UC-F-021,UC-F,ADD-ON,1,https://community.veeam.com/blogs-and-podcasts-57/veeam-backup-replication-v12-1-and-fortanix-kms-integration-6182,,fortanix-cyberark-integration-2024,Veeam v12.1 KMIP: backup encryption keys managed in DSM FIPS HSM; backup *agent* credential brokering not addressed.
fortanix-dsm,Fortanix DSM,UC-F-022,UC-F,GAP,0,https://www.fortanix.com/platform/data-security-manager,,fortanix-dsm-hsm-saas-2025,Webhook inbound identity verification not in scope.
fortanix-dsm,Fortanix DSM,UC-F-023,UC-F,GAP,0,https://www.fortanix.com/platform/data-security-manager,,fortanix-dsm-hsm-saas-2025,Network-device TACACS+/RADIUS credential management not in scope.
fortanix-dsm,Fortanix DSM,UC-F-024,UC-F,ADD-ON,2,https://www.fortanix.com/platform/data-security-manager/bring-your-own-key,,fortanix-byok-2024,mTLS client cert private keys for FAPI 2.0 / CDR partners stored in FIPS 140-2 L3 HSM; BYOK ensures AU custody.
fortanix-dsm,Fortanix DSM,UC-F-025,UC-F,GAP,0,https://www.fortanix.com/platform/data-security-manager,,fortanix-dsm-hsm-saas-2025,OAuth-app / marketplace integration governance not in scope.
fortanix-dsm,Fortanix DSM,UC-F-026,UC-F,NATIVE,4,https://support.fortanix.com/docs/using-fortanix-data-security-manager-with-hashicorp-vault-enterprise,Vault Enterprise communicates with Fortanix DSM using PKCS#11 for auto-unseal; master key wrapped and stored by HSM.,fortanix-vault-enterprise-2024;fortanix-hashicorp-partner-2024,Fortanix is the crypto root for Vault Enterprise: PKCS#11 auto-unseal + seal-wrap (FIPS 140-2 L3). M-of-N quorum ops.
fortanix-dsm,Fortanix DSM,UC-F-027,UC-F,GAP,0,https://www.fortanix.com/platform/data-security-manager,,fortanix-dsm-hsm-saas-2025,Orphaned/dormant NHI cleanup not in scope; no ITDR or discovery layer.
fortanix-dsm,Fortanix DSM,UC-N-001,UC-N,GAP,0,https://www.fortanix.com/platform/data-security-manager,,fortanix-dsm-hsm-saas-2025,No secret-sprawl KPI dashboard.
fortanix-dsm,Fortanix DSM,UC-N-002,UC-N,GAP,0,https://www.fortanix.com/platform/data-security-manager,,fortanix-dsm-hsm-saas-2025,DSM Key Insight provides crypto-key inventory; not NHI-breadth ownership attestation across all NHI buckets.
fortanix-dsm,Fortanix DSM,UC-N-003,UC-N,ADD-ON,2,https://www.fortanix.com/company/pr/2025/06/fortanix-announces-pqc-central-to-accelerate-post-quantum-readiness,,fortanix-pqc-central-2025,DSM Key Insight tracks key rotation status and crypto inventory; PQC Central adds readiness scoring. Covers key-layer KPIs only.
fortanix-dsm,Fortanix DSM,UC-N-004,UC-N,ADD-ON,2,https://www.fortanix.com/blog/fortanix-dsm-saas-getting-up-to-speed-with-cps-234,,fortanix-cps234-blog-2024,DSM audit logs + key lifecycle records support CPS 234 evidence; CPS 234 alignment blog published. No one-click pack.
fortanix-dsm,Fortanix DSM,UC-N-005,UC-N,ADD-ON,1,https://www.fortanix.com/solutions/compliance,,fortanix-cps234-blog-2024,DSM covers crypto controls relevant to E8/ZT; no E8/ZT scorecard output or mapping documented.
fortanix-dsm,Fortanix DSM,UC-N-006,UC-N,GAP,0,https://www.fortanix.com/platform/data-security-manager,,fortanix-dsm-hsm-saas-2025,Vendor/SaaS supply-chain risk attestation not in scope.
fortanix-dsm,Fortanix DSM,UC-N-007,UC-N,ADD-ON,2,https://support.fortanix.com/docs/fortanix-data-security-manager-deployment-options,,fortanix-dsm-deployment-options-2025,On-prem FX appliances provide complete AU data sovereignty; SaaS AU Equinix region available. BYOK gives customer key custody. IRAP not confirmed.
fortanix-dsm,Fortanix DSM,UC-N-008,UC-N,GAP,0,https://www.fortanix.com/platform/data-security-manager,,fortanix-dsm-hsm-saas-2025,Engineer training and secure-coding KPI not in scope.
fortanix-dsm,Fortanix DSM,UC-N-009,UC-N,GAP,0,https://www.fortanix.com/platform/data-security-manager,,fortanix-dsm-hsm-saas-2025,Exception register and risk-acceptance governance not in scope.
fortanix-dsm,Fortanix DSM,UC-N-010,UC-N,NATIVE,4,https://www.fortanix.com/resources/datasheets/fips-140-2-level-3-hardware-security-module-hsm,FIPS 140-2 Level 3 validated HSM with quorum-protected operator roles; tamper-resistant physical access controls.,fortanix-dsm-hsm-saas-2025,Fortanix DSM IS the quorum-governed HSM; break-glass access via PED/smartcard; full audit trail. Industry-leading for HSM operator governance.
fortanix-dsm,Fortanix DSM,UC-N-011,UC-N,ADD-ON,1,https://support.fortanix.com/docs/fortanix-data-security-manager-deployment-best-practices,,fortanix-dsm-hsm-saas-2025,DSM audit logs are forensic-grade key-operation logs; no NHI attribution or ATT&CK tagging built in.
fortanix-dsm,Fortanix DSM,UC-N-012,UC-N,ADD-ON,1,https://www.fortanix.com/platform/data-security-manager/hardware-security-module,,fortanix-hsm-platform-2025,HSM-backed code/artifact signing keys support SLSA artifact signing; no SLSA-level reporting or provenance verification layer.
fortanix-dsm,Fortanix DSM,UC-N-013,UC-N,NATIVE,3,https://www.fortanix.com/company/pr/2025/06/fortanix-announces-pqc-central-to-accelerate-post-quantum-readiness,PQC Central: discovery scans for quantum-vulnerable algorithms; risk scoring; transition tracking; ML-KEM and ML-DSA support.,fortanix-pqc-central-2025,Dedicated PQC readiness dashboard; ML-KEM + ML-DSA + LMS/XMSS. SLH-DSA not confirmed. FIPS 140-3 for FX3400 pending. Best PQC posture in this evaluation.
fortanix-dsm,Fortanix DSM,UC-N-014,UC-N,GAP,0,https://www.fortanix.com/platform/data-security-manager,,fortanix-dsm-hsm-saas-2025,Vendor-evaluation matrix maintenance not in scope.
fortanix-dsm,Fortanix DSM,UC-N-015,UC-N,GAP,0,https://www.fortanix.com/platform/data-security-manager,,fortanix-dsm-hsm-saas-2025,Stakeholder communications cadence not in scope.
fortanix-dsm,Fortanix DSM,UC-N-016,UC-N,GAP,0,https://www.fortanix.com/platform/data-security-manager,,fortanix-dsm-hsm-saas-2025,IoT/OT/branch-fleet posture reporting not in scope.
fortanix-dsm,Fortanix DSM,UC-N-017,UC-N,GAP,0,https://www.fortanix.com/platform/data-security-manager,,fortanix-dsm-hsm-saas-2025,Observability/telemetry secret-leak governance not in scope.
fortanix-dsm,Fortanix DSM,UC-N-018,UC-N,NATIVE,4,https://www.fortanix.com/blog/securing-enterprise-applications-and-ai-pipelines-with-attestation-gated-secure-key-release,CCM provides attestation logs for SGX/TDX/SEV-SNP/Nitro; key release events audited per TEE attestation certificate.,fortanix-ccm-skr-2025,Attestation logs retained per DSM audit policy; periodic verifier review of attestation policies supported. Operational Dec 2025.
fortanix-dsm,Fortanix DSM,UC-N-019,UC-N,ADD-ON,1,https://www.fortanix.com/blog/agentic-ai-with-verifiable-trust-security-sovereignty-for-ai-factories-and-enterprises,,fortanix-ccm-skr-2025,Armet AI platform logs AI workload key-use events; no dedicated NHI-scope AI-agent KPI suite.
fortanix-dsm,Fortanix DSM,UC-N-020,UC-N,GAP,0,https://www.fortanix.com/platform/data-security-manager,,fortanix-dsm-hsm-saas-2025,Mainframe/legacy posture reporting not in scope.
